Time,Topic,Cluster,Count
2024-01-07,Sports_core1,Sports,220.19868566120448
2024-01-21,Sports_core1,Sports,246.16582460543458
2024-02-04,Sports_core1,Sports,246.41478046108975
2024-02-18,Sports_core1,Sports,230.45350689671375
2024-03-03,Sports_core1,Sports,229.6852083242076
2024-03-17,Sports_core1,Sports,255.90634521722032
2024-03-31,Sports_core1,Sports,282.85281545210603
2024-04-14,Sports_core1,Sports,282.46267893751065
2024-04-28,Sports_core1,Sports,265.6565051997766
2024-05-12,Sports_core1,Sports,265.9958936915313
2024-05-26,Sports_core1,Sports,291.81463292287503
2024-06-09,Sports_core1,Sports,318.03483842447497
2024-06-23,Sports_core1,Sports,318.2524899544759
2024-07-07,Sports_core1,Sports,301.0789828562875
2024-07-21,Sports_core1,Sports,301.0889025410917
2024-08-04,Sports_core1,Sports,327.7750849883036
2024-08-18,Sports_core1,Sports,353.8159978777693
2024-09-01,Sports_core1,Sports,354.28140397888757
2024-09-15,Sports_core1,Sports,337.4810853239421
2024-09-29,Sports_core1,Sports,337.2139481935628
2024-10-13,Sports_core1,Sports,364.5862595075686
2024-10-27,Sports_core1,Sports,390.1308198057085
2024-11-10,Sports_core1,Sports,390.1827163277247
2024-11-24,Sports_core1,Sports,373.2743956796652
2024-12-08,Sports_core1,Sports,373.5611165842869
2024-12-22,Sports_core1,Sports,400.04436903588396
2025-01-05,Sports_core1,Sports,425.7607328949342
2025-01-19,Sports_core1,Sports,426.3059842531877
2025-02-02,Sports_core1,Sports,409.6040394781831
2025-02-16,Sports_core1,Sports,409.6621921741796
2025-03-02,Sports_core1,Sports,435.7593173551082
2025-03-16,Sports_core1,Sports,462.9620415997067
2025-03-30,Sports_core1,Sports,462.1503061559543
2025-04-13,Sports_core1,Sports,445.4212105825682
2025-04-27,Sports_core1,Sports,446.1078876389382
2025-05-11,Sports_core1,Sports,471.5116625400115
2025-05-25,Sports_core1,Sports,498.304675763905
2025-06-08,Sports_core1,Sports,497.3718369962976
2025-06-22,Sports_core1,Sports,481.3130205345912
2025-07-06,Sports_core1,Sports,481.85761416844457
2024-01-07,Sports_core2,Sports,220.29538663199816
2024-01-21,Sports_core2,Sports,244.58905538816475
2024-02-04,Sports_core2,Sports,251.67424876273347
2024-02-18,Sports_core2,Sports,241.4795585217643
2024-03-03,Sports_core2,Sports,230.88808312816428
2024-03-17,Sports_core2,Sports,238.39155424095335
2024-03-31,Sports_core2,Sports,263.0157444916161
2024-04-14,Sports_core2,Sports,288.1433569661763
2024-04-28,Sports_core2,Sports,295.0579553915162
2024-05-12,Sports_core2,Sports,284.0947839378549
2024-05-26,Sports_core2,Sports,274.8091255120691
2024-06-09,Sports_core2,Sports,281.72545901214465
2024-06-23,Sports_core2,Sports,306.1292311998776
2024-07-07,Sports_core2,Sports,331.1651785912252
2024-07-21,Sports_core2,Sports,338.5329078846872
2024-08-04,Sports_core2,Sports,328.3725120476465
2024-08-18,Sports_core2,Sports,317.5438049150222
2024-09-01,Sports_core2,Sports,324.9558069739707
2024-09-15,Sports_core2,Sports,349.73250537256143
2024-09-29,Sports_core2,Sports,374.5107261265377
2024-10-13,Sports_core2,Sports,381.1288383805507
2024-10-27,Sports_core2,Sports,371.12573640933454
2024-11-10,Sports_core2,Sports,360.63695793470885
2024-11-24,Sports_core2,Sports,367.80100927467896
2024-12-08,Sports_core2,Sports,393.12501032895767
2024-12-22,Sports_core2,Sports,417.86300408711713
2025-01-05,Sports_core2,Sports,424.4917040270567
2025-01-19,Sports_core2,Sports,414.80141315915677
2025-02-02,Sports_core2,Sports,404.4241463343303
2025-02-16,Sports_core2,Sports,411.22144402246914
2025-03-02,Sports_core2,Sports,436.14455824220323
2025-03-16,Sports_core2,Sports,461.1357227022752
2025-03-30,Sports_core2,Sports,467.7061776600448
2025-04-13,Sports_core2,Sports,458.22585746232556
2025-04-27,Sports_core2,Sports,446.4315938826753
2025-05-11,Sports_core2,Sports,455.0082529260613
2025-05-25,Sports_core2,Sports,479.2348188272952
2025-06-08,Sports_core2,Sports,503.60090513550244
2025-06-22,Sports_core2,Sports,510.957212386303
2025-07-06,Sports_core2,Sports,500.00497243415975
2024-01-07,Sports_core3,Sports,219.912131244865
2024-01-21,Sports_core3,Sports,237.3428450286047
2024-02-04,Sports_core3,Sports,252.31166569358538
2024-02-18,Sports_core3,Sports,261.39269191269057
2024-03-03,Sports_core3,Sports,265.7971106345315
2024-03-17,Sports_core3,Sports,265.7992971825662
2024-03-31,Sports_core3,Sports,263.5661608470808
2024-04-14,Sports_core3,Sports,260.5315004438639
2024-04-28,Sports_core3,Sports,260.0675878428044
2024-05-12,Sports_core3,Sports,265.00530697324535
2024-05-26,Sports_core3,Sports,274.71832294405044
2024-06-09,Sports_core3,Sports,289.5874579962131
2024-06-23,Sports_core3,Sports,306.11917876244905
2024-07-07,Sports_core3,Sports,323.46893514136093
2024-07-21,Sports_core3,Sports,337.96366481443596
2024-08-04,Sports_core3,Sports,347.41459402074713
2024-08-18,Sports_core3,Sports,352.63895618651463
2024-09-01,Sports_core3,Sports,352.50442210887195
2024-09-15,Sports_core3,Sports,349.602045382657
2024-09-29,Sports_core3,Sports,346.70616514664994
2024-10-13,Sports_core3,Sports,346.113343627491
2024-10-27,Sports_core3,Sports,351.0317418708939
2024-11-10,Sports_core3,Sports,360.9424061177005
2024-11-24,Sports_core3,Sports,375.2790890923114
2024-12-08,Sports_core3,Sports,392.7354857153336
2024-12-22,Sports_core3,Sports,410.1616203427258
2025-01-05,Sports_core3,Sports,425.27498243617305
2025-01-19,Sports_core3,Sports,434.4698311251327
2025-02-02,Sports_core3,Sports,439.02352823197793
2025-02-16,Sports_core3,Sports,438.77022163369355
2025-03-02,Sports_core3,Sports,435.23249151388046
2025-03-16,Sports_core3,Sports,433.1893944498204
2025-03-30,Sports_core3,Sports,433.10358400828767
2025-04-13,Sports_core3,Sports,438.58529684499416
2025-04-27,Sports_core3,Sports,447.4025475383988
2025-05-11,Sports_core3,Sports,462.12061893693345
2025-05-25,Sports_core3,Sports,479.1861152921179
2025-06-08,Sports_core3,Sports,495.93252878495224
2025-06-22,Sports_core3,Sports,511.3776372014948
2025-07-06,Sports_core3,Sports,521.1007732130747
2024-01-07,Sports_core4,Sports,220.3164127788172
2024-01-21,Sports_core4,Sports,226.83624501808208
2024-02-04,Sports_core4,Sports,234.96111772437445
2024-02-18,Sports_core4,Sports,241.0392595748831
2024-03-03,Sports_core4,Sports,249.03474283752013
2024-03-17,Sports_core4,Sports,256.876182250324
2024-03-31,Sports_core4,Sports,262.80378546994774
2024-04-14,Sports_core4,Sports,270.17348090815887
2024-04-28,Sports_core4,Sports,277.6398605460351
2024-05-12,Sports_core4,Sports,284.59860973835356
2024-05-26,Sports_core4,Sports,291.37973462757355
2024-06-09,Sports_core4,Sports,299.22742518992237
2024-06-23,Sports_core4,Sports,305.97507851450956
2024-07-07,Sports_core4,Sports,313.7894369722541
2024-07-21,Sports_core4,Sports,320.4322303063065
2024-08-04,Sports_core4,Sports,328.619973762007
2024-08-18,Sports_core4,Sports,334.8866986830655
2024-09-01,Sports_core4,Sports,342.2711753935177
2024-09-15,Sports_core4,Sports,349.9254068869479
2024-09-29,Sports_core4,Sports,356.3076542734264
2024-10-13,Sports_core4,Sports,364.0909839738417
2024-10-27,Sports_core4,Sports,371.72285710171303
2024-11-10,Sports_core4,Sports,377.7570067061755
2024-11-24,Sports_core4,Sports,385.6738535434129
2024-12-08,Sports_core4,Sports,392.90395311769936
2024-12-22,Sports_core4,Sports,400.3127291487109
2025-01-05,Sports_core4,Sports,406.7052197156488
2025-01-19,Sports_core4,Sports,413.8718173547663
2025-02-02,Sports_core4,Sports,421.80877662624675
2025-02-16,Sports_core4,Sports,428.91879386929327
2025-03-02,Sports_core4,Sports,436.10019714013833
2025-03-16,Sports_core4,Sports,443.3385792837988
2025-03-30,Sports_core4,Sports,450.1279901113686
2025-04-13,Sports_core4,Sports,457.6929014788644
2025-04-27,Sports_core4,Sports,464.9172289893195
2025-05-11,Sports_core4,Sports,471.71425943278945
2025-05-25,Sports_core4,Sports,479.9463098044579
2025-06-08,Sports_core4,Sports,486.58953316836477
2025-06-22,Sports_core4,Sports,493.12347860111896
2025-07-06,Sports_core4,Sports,501.06262144345357
2024-01-07,Sports_noiseWN1,Sports,0.0
2024-01-21,Sports_noiseWN1,Sports,9.722507622454712
2024-02-04,Sports_noiseWN1,Sports,11.951573474044425
2024-02-18,Sports_noiseWN1,Sports,0.07590608988973724
2024-03-03,Sports_noiseWN1,Sports,10.780256775465931
2024-03-17,Sports_noiseWN1,Sports,7.476685561618989
2024-03-31,Sports_noiseWN1,Sports,9.932360959966939
2024-04-14,Sports_noiseWN1,Sports,16.380757895923686
2024-04-28,Sports_noiseWN1,Sports,3.527671303982777
2024-05-12,Sports_noiseWN1,Sports,0.4775830138550621
2024-05-26,Sports_noiseWN1,Sports,0.0
2024-06-09,Sports_noiseWN1,Sports,0.10513829020737031
2024-06-23,Sports_noiseWN1,Sports,4.537389743515375
2024-07-07,Sports_noiseWN1,Sports,7.046911848899864
2024-07-21,Sports_noiseWN1,Sports,6.6601447959801146
2024-08-04,Sports_noiseWN1,Sports,9.963099494216143
2024-08-18,Sports_noiseWN1,Sports,5.078011351267442
2024-09-01,Sports_noiseWN1,Sports,13.721204462943902
2024-09-15,Sports_noiseWN1,Sports,3.4120590005722633
2024-09-29,Sports_noiseWN1,Sports,21.321014999537713
2024-10-13,Sports_noiseWN1,Sports,8.754004086590037
2024-10-27,Sports_noiseWN1,Sports,0.0
2024-11-10,Sports_noiseWN1,Sports,0.0
2024-11-24,Sports_noiseWN1,Sports,7.894834491459112
2024-12-08,Sports_noiseWN1,Sports,3.6592232880448945
2024-12-22,Sports_noiseWN1,Sports,9.284002964552553
2025-01-05,Sports_noiseWN1,Sports,7.839425747441269
2025-01-19,Sports_noiseWN1,Sports,4.563026524058763
2025-02-02,Sports_noiseWN1,Sports,0.0
2025-02-16,Sports_noiseWN1,Sports,0.0
2025-03-02,Sports_noiseWN1,Sports,2.3209102875978735
2025-03-16,Sports_noiseWN1,Sports,10.138392765940834
2025-03-30,Sports_noiseWN1,Sports,6.2845624647812235
2025-04-13,Sports_noiseWN1,Sports,0.0
2025-04-27,Sports_noiseWN1,Sports,6.039085555107092
2025-05-11,Sports_noiseWN1,Sports,7.311904278373021
2025-05-25,Sports_noiseWN1,Sports,0.0
2025-06-08,Sports_noiseWN1,Sports,5.922350635673167
2025-06-22,Sports_noiseWN1,Sports,5.3492523106759995
2025-07-06,Sports_noiseWN1,Sports,0.0
2024-01-07,Sports_noiseWN2,Sports,7.1467241620897
2024-01-21,Sports_noiseWN2,Sports,8.364707158209406
2024-02-04,Sports_noiseWN2,Sports,11.498307459051663
2024-02-18,Sports_noiseWN2,Sports,11.322812312209418
2024-03-03,Sports_noiseWN2,Sports,0.0
2024-03-17,Sports_noiseWN2,Sports,0.0
2024-03-31,Sports_noiseWN2,Sports,8.090211603251959
2024-04-14,Sports_noiseWN2,Sports,8.082715705473252
2024-04-28,Sports_noiseWN2,Sports,8.090286117836287
2024-05-12,Sports_noiseWN2,Sports,28.116388943928328
2024-05-26,Sports_noiseWN2,Sports,8.425343064159001
2024-06-09,Sports_noiseWN2,Sports,11.813393841083593
2024-06-23,Sports_noiseWN2,Sports,10.724010580959213
2024-07-07,Sports_noiseWN2,Sports,8.908347507834788
2024-07-21,Sports_noiseWN2,Sports,3.108384532157926
2024-08-04,Sports_noiseWN2,Sports,9.553815322959604
2024-08-18,Sports_noiseWN2,Sports,0.3630487127745692
2024-09-01,Sports_noiseWN2,Sports,3.5790883595599468
2024-09-15,Sports_noiseWN2,Sports,2.087818713025379
2024-09-29,Sports_noiseWN2,Sports,5.491244836317936
2024-10-13,Sports_noiseWN2,Sports,18.887951400041054
2024-10-27,Sports_noiseWN2,Sports,0.0
2024-11-10,Sports_noiseWN2,Sports,9.11756114224708
2024-11-24,Sports_noiseWN2,Sports,0.0
2024-12-08,Sports_noiseWN2,Sports,2.1684088052633994
2024-12-22,Sports_noiseWN2,Sports,11.533703581804197
2025-01-05,Sports_noiseWN2,Sports,5.385680114572777
2025-01-19,Sports_noiseWN2,Sports,0.0
2025-02-02,Sports_noiseWN2,Sports,0.7081777444401904
2025-02-16,Sports_noiseWN2,Sports,9.077586493608056
2025-03-02,Sports_noiseWN2,Sports,0.6178002096971795
2025-03-16,Sports_noiseWN2,Sports,6.2987515374918495
2025-03-30,Sports_noiseWN2,Sports,5.273431039422883
2025-04-13,Sports_noiseWN2,Sports,1.0903979143650977
2025-04-27,Sports_noiseWN2,Sports,17.863664535951955
2025-05-11,Sports_noiseWN2,Sports,8.803514133908067
2025-05-25,Sports_noiseWN2,Sports,0.0
2025-06-08,Sports_noiseWN2,Sports,6.118725888616566
2025-06-22,Sports_noiseWN2,Sports,1.029281211389672
2025-07-06,Sports_noiseWN2,Sports,10.114600008777344
2024-01-07,Sports_noiseWN3,Sports,0.24487556940379562
2024-01-21,Sports_noiseWN3,Sports,4.311581351198606
2024-02-04,Sports_noiseWN3,Sports,8.029923673882742
2024-02-18,Sports_noiseWN3,Sports,10.194531165020729
2024-03-03,Sports_noiseWN3,Sports,0.0
2024-03-17,Sports_noiseWN3,Sports,2.99299258495431
2024-03-31,Sports_noiseWN3,Sports,2.1503281330342627
2024-04-14,Sports_noiseWN3,Sports,1.0800246045577286
2024-04-28,Sports_noiseWN3,Sports,15.592725441686582
2024-05-12,Sports_noiseWN3,Sports,7.429890265765733
2024-05-26,Sports_noiseWN3,Sports,0.0
2024-06-09,Sports_noiseWN3,Sports,10.507171682328657
2024-06-23,Sports_noiseWN3,Sports,17.7329371820758
2024-07-07,Sports_noiseWN3,Sports,11.19479156330688
2024-07-21,Sports_noiseWN3,Sports,0.0
2024-08-04,Sports_noiseWN3,Sports,2.0945955628024917
2024-08-18,Sports_noiseWN3,Sports,12.601466895119737
2024-09-01,Sports_noiseWN3,Sports,0.753983206287316
2024-09-15,Sports_noiseWN3,Sports,7.662916568877371
2024-09-29,Sports_noiseWN3,Sports,9.647804320576022
2024-10-13,Sports_noiseWN3,Sports,0.0
2024-10-27,Sports_noiseWN3,Sports,4.6428478636292
2024-11-10,Sports_noiseWN3,Sports,0.0
2024-11-24,Sports_noiseWN3,Sports,0.0
2024-12-08,Sports_noiseWN3,Sports,3.4845910916410383
2024-12-22,Sports_noiseWN3,Sports,0.0
2025-01-05,Sports_noiseWN3,Sports,14.794467823589812
2025-01-19,Sports_noiseWN3,Sports,0.0
2025-02-02,Sports_noiseWN3,Sports,2.3597330798180973
2025-02-16,Sports_noiseWN3,Sports,5.784443463716548
2025-03-02,Sports_noiseWN3,Sports,13.647639734396693
2025-03-16,Sports_noiseWN3,Sports,0.0
2025-03-30,Sports_noiseWN3,Sports,11.978982512929758
2025-04-13,Sports_noiseWN3,Sports,5.061398366117523
2025-04-27,Sports_noiseWN3,Sports,0.0
2025-05-11,Sports_noiseWN3,Sports,7.772620845579624
2025-05-25,Sports_noiseWN3,Sports,6.19435817344082
2025-06-08,Sports_noiseWN3,Sports,1.3986987370472317
2025-06-22,Sports_noiseWN3,Sports,5.418812509940113
2025-07-06,Sports_noiseWN3,Sports,2.688118418829439
2024-01-07,Sports_noiseWN4,Sports,5.681104071507488
2024-01-21,Sports_noiseWN4,Sports,8.97278404712628
2024-02-04,Sports_noiseWN4,Sports,14.516100896872112
2024-02-18,Sports_noiseWN4,Sports,0.0
2024-03-03,Sports_noiseWN4,Sports,17.7982002479376
2024-03-17,Sports_noiseWN4,Sports,0.0
2024-03-31,Sports_noiseWN4,Sports,4.089289429786501
2024-04-14,Sports_noiseWN4,Sports,8.529903238907458
2024-04-28,Sports_noiseWN4,Sports,6.685951206410196
2024-05-12,Sports_noiseWN4,Sports,1.2638028810764372
2024-05-26,Sports_noiseWN4,Sports,3.751266497856349
2024-06-09,Sports_noiseWN4,Sports,2.041994392047003
2024-06-23,Sports_noiseWN4,Sports,1.4638114583347308
2024-07-07,Sports_noiseWN4,Sports,10.097612582126148
2024-07-21,Sports_noiseWN4,Sports,7.142092915790284
2024-08-04,Sports_noiseWN4,Sports,0.842542428436075
2024-08-18,Sports_noiseWN4,Sports,10.397599252599505
2024-09-01,Sports_noiseWN4,Sports,6.8437971252596554
2024-09-15,Sports_noiseWN4,Sports,9.877172713033762
2024-09-29,Sports_noiseWN4,Sports,8.777773051541674
2024-10-13,Sports_noiseWN4,Sports,0.02602993446756585
2024-10-27,Sports_noiseWN4,Sports,1.6389137588181826
2024-11-10,Sports_noiseWN4,Sports,9.483761630739572
2024-11-24,Sports_noiseWN4,Sports,8.662221592600789
2024-12-08,Sports_noiseWN4,Sports,4.874590436215112
2024-12-22,Sports_noiseWN4,Sports,5.703964299852692
2025-01-05,Sports_noiseWN4,Sports,12.66598937473055
2025-01-19,Sports_noiseWN4,Sports,1.4505716669850202
2025-02-02,Sports_noiseWN4,Sports,8.282584287020228
2025-02-16,Sports_noiseWN4,Sports,3.786844085396636
2025-03-02,Sports_noiseWN4,Sports,3.693912780636678
2025-03-16,Sports_noiseWN4,Sports,11.59266111192314
2025-03-30,Sports_noiseWN4,Sports,9.95249809392818
2025-04-13,Sports_noiseWN4,Sports,9.881057816003832
2025-04-27,Sports_noiseWN4,Sports,12.832872842925974
2025-05-11,Sports_noiseWN4,Sports,5.126023049796554
2025-05-25,Sports_noiseWN4,Sports,9.091717827769784
2025-06-08,Sports_noiseWN4,Sports,3.1383994604392638
2025-06-22,Sports_noiseWN4,Sports,6.9449981149306526
2025-07-06,Sports_noiseWN4,Sports,4.219141673793892
2024-01-07,Sports_noiseWN5,Sports,5.581975789956309
2024-01-21,Sports_noiseWN5,Sports,8.570942152621482
2024-02-04,Sports_noiseWN5,Sports,0.09067590059916508
2024-02-18,Sports_noiseWN5,Sports,17.55432365411276
2024-03-03,Sports_noiseWN5,Sports,0.0
2024-03-17,Sports_noiseWN5,Sports,0.0
2024-03-31,Sports_noiseWN5,Sports,11.948665241000407
2024-04-14,Sports_noiseWN5,Sports,9.749976163777616
2024-04-28,Sports_noiseWN5,Sports,8.74471890231293
2024-05-12,Sports_noiseWN5,Sports,8.77007305558568
2024-05-26,Sports_noiseWN5,Sports,4.926519362918512
2024-06-09,Sports_noiseWN5,Sports,0.0
2024-06-23,Sports_noiseWN5,Sports,5.454827349162358
2024-07-07,Sports_noiseWN5,Sports,0.9370297309273301
2024-07-21,Sports_noiseWN5,Sports,10.850718400506507
2024-08-04,Sports_noiseWN5,Sports,4.117655710987168
2024-08-18,Sports_noiseWN5,Sports,0.04701681924493073
2024-09-01,Sports_noiseWN5,Sports,3.071684950082039
2024-09-15,Sports_noiseWN5,Sports,7.477588725653746
2024-09-29,Sports_noiseWN5,Sports,1.6176526831761517
2024-10-13,Sports_noiseWN5,Sports,0.06667762660141108
2024-10-27,Sports_noiseWN5,Sports,6.462123268951474
2024-11-10,Sports_noiseWN5,Sports,6.469799426652337
2024-11-24,Sports_noiseWN5,Sports,1.9583409477732214
2024-12-08,Sports_noiseWN5,Sports,2.1737701662900633
2024-12-22,Sports_noiseWN5,Sports,6.392299624145817
2025-01-05,Sports_noiseWN5,Sports,0.0
2025-01-19,Sports_noiseWN5,Sports,0.0
2025-02-02,Sports_noiseWN5,Sports,0.6893346724853835
2025-02-16,Sports_noiseWN5,Sports,3.7193170897289165
2025-03-02,Sports_noiseWN5,Sports,6.865445393588027
2025-03-16,Sports_noiseWN5,Sports,13.852137301697311
2025-03-30,Sports_noiseWN5,Sports,10.145957739212117
2025-04-13,Sports_noiseWN5,Sports,4.040368820219437
2025-04-27,Sports_noiseWN5,Sports,4.885902752583867
2025-05-11,Sports_noiseWN5,Sports,0.0
2025-05-25,Sports_noiseWN5,Sports,4.88892118404566
2025-06-08,Sports_noiseWN5,Sports,3.2680481664791703
2025-06-22,Sports_noiseWN5,Sports,6.936311362028537
2025-07-06,Sports_noiseWN5,Sports,0.03661433868606245
2024-01-07,Sports_noiseWN6,Sports,8.116079085447033
2024-01-21,Sports_noiseWN6,Sports,14.196433478015466
2024-02-04,Sports_noiseWN6,Sports,4.347439109258854
2024-02-18,Sports_noiseWN6,Sports,7.410270332593649
2024-03-03,Sports_noiseWN6,Sports,9.140863950266676
2024-03-17,Sports_noiseWN6,Sports,2.5926771686849825
2024-03-31,Sports_noiseWN6,Sports,6.344554890862501
2024-04-14,Sports_noiseWN6,Sports,5.075554404690769
2024-04-28,Sports_noiseWN6,Sports,5.586056591292991
2024-05-12,Sports_noiseWN6,Sports,0.3619412968672009
2024-05-26,Sports_noiseWN6,Sports,5.147061045553656
2024-06-09,Sports_noiseWN6,Sports,7.987989747472699
2024-06-23,Sports_noiseWN6,Sports,13.70686164677025
2024-07-07,Sports_noiseWN6,Sports,10.755624956511241
2024-07-21,Sports_noiseWN6,Sports,17.919094745069337
2024-08-04,Sports_noiseWN6,Sports,0.39591462267170296
2024-08-18,Sports_noiseWN6,Sports,10.233923820324069
2024-09-01,Sports_noiseWN6,Sports,6.10005203443011
2024-09-15,Sports_noiseWN6,Sports,18.138817599306034
2024-09-29,Sports_noiseWN6,Sports,0.15021028786909163
2024-10-13,Sports_noiseWN6,Sports,0.0
2024-10-27,Sports_noiseWN6,Sports,1.403644127335867
2024-11-10,Sports_noiseWN6,Sports,0.0
2024-11-24,Sports_noiseWN6,Sports,1.8454698699154335
2024-12-08,Sports_noiseWN6,Sports,0.44520403067781267
2024-12-22,Sports_noiseWN6,Sports,5.902362718857246
2025-01-05,Sports_noiseWN6,Sports,7.050535854662956
2025-01-19,Sports_noiseWN6,Sports,16.257025035295317
2025-02-02,Sports_noiseWN6,Sports,10.702543029116303
2025-02-16,Sports_noiseWN6,Sports,1.5385780660255817
2025-03-02,Sports_noiseWN6,Sports,0.0
2025-03-16,Sports_noiseWN6,Sports,7.951515029039035
2025-03-30,Sports_noiseWN6,Sports,0.0
2025-04-13,Sports_noiseWN6,Sports,15.988752595126122
2025-04-27,Sports_noiseWN6,Sports,12.076640724327723
2025-05-11,Sports_noiseWN6,Sports,2.184946087371771
2025-05-25,Sports_noiseWN6,Sports,0.0
2025-06-08,Sports_noiseWN6,Sports,13.123234244992478
2025-06-22,Sports_noiseWN6,Sports,4.312760928484293
2025-07-06,Sports_noiseWN6,Sports,12.42689787184077
2024-01-07,Sports_noiseWN7,Sports,0.0
2024-01-21,Sports_noiseWN7,Sports,1.4037498622773628
2024-02-04,Sports_noiseWN7,Sports,5.031462198309099
2024-02-18,Sports_noiseWN7,Sports,5.281883562588452
2024-03-03,Sports_noiseWN7,Sports,2.299607171124538
2024-03-17,Sports_noiseWN7,Sports,8.737099594084992
2024-03-31,Sports_noiseWN7,Sports,0.0
2024-04-14,Sports_noiseWN7,Sports,4.145723089872239
2024-04-28,Sports_noiseWN7,Sports,5.721773790271393
2024-05-12,Sports_noiseWN7,Sports,8.086633004352494
2024-05-26,Sports_noiseWN7,Sports,9.26968926853334
2024-06-09,Sports_noiseWN7,Sports,0.0
2024-06-23,Sports_noiseWN7,Sports,0.0
2024-07-07,Sports_noiseWN7,Sports,12.666060931391055
2024-07-21,Sports_noiseWN7,Sports,6.99388407187755
2024-08-04,Sports_noiseWN7,Sports,0.5090807806606783
2024-08-18,Sports_noiseWN7,Sports,14.306911853135137
2024-09-01,Sports_noiseWN7,Sports,5.694047805757152
2024-09-15,Sports_noiseWN7,Sports,12.075783104382959
2024-09-29,Sports_noiseWN7,Sports,5.405110888460654
2024-10-13,Sports_noiseWN7,Sports,17.364487549291923
2024-10-27,Sports_noiseWN7,Sports,15.532045054659227
2024-11-10,Sports_noiseWN7,Sports,3.506215109125559
2024-11-24,Sports_noiseWN7,Sports,10.829425705726132
2024-12-08,Sports_noiseWN7,Sports,8.872255697510885
2024-12-22,Sports_noiseWN7,Sports,13.211789345194092
2025-01-05,Sports_noiseWN7,Sports,0.0
2025-01-19,Sports_noiseWN7,Sports,9.116308759990636
2025-02-02,Sports_noiseWN7,Sports,11.350546921097527
2025-02-16,Sports_noiseWN7,Sports,0.0
2025-03-02,Sports_noiseWN7,Sports,0.0
2025-03-16,Sports_noiseWN7,Sports,0.0
2025-03-30,Sports_noiseWN7,Sports,3.3835589933326533
2025-04-13,Sports_noiseWN7,Sports,9.305253534775774
2025-04-27,Sports_noiseWN7,Sports,14.014142312576169
2025-05-11,Sports_noiseWN7,Sports,5.444568682518651
2025-05-25,Sports_noiseWN7,Sports,14.77169327342775
2025-06-08,Sports_noiseWN7,Sports,0.0
2025-06-22,Sports_noiseWN7,Sports,0.0
2025-07-06,Sports_noiseWN7,Sports,4.666713806620288
2024-01-07,Sports_noiseWN8,Sports,7.304392693635844
2024-01-21,Sports_noiseWN8,Sports,4.803831511435441
2024-02-04,Sports_noiseWN8,Sports,0.0
2024-02-18,Sports_noiseWN8,Sports,4.465279762923269
2024-03-03,Sports_noiseWN8,Sports,0.0
2024-03-17,Sports_noiseWN8,Sports,9.01803529298023
2024-03-31,Sports_noiseWN8,Sports,7.19958947658109
2024-04-14,Sports_noiseWN8,Sports,0.0
2024-04-28,Sports_noiseWN8,Sports,1.9167984959798385
2024-05-12,Sports_noiseWN8,Sports,0.0
2024-05-26,Sports_noiseWN8,Sports,4.623925416360969
2024-06-09,Sports_noiseWN8,Sports,10.73085392300743
2024-06-23,Sports_noiseWN8,Sports,0.0
2024-07-07,Sports_noiseWN8,Sports,8.024279093107067
2024-07-21,Sports_noiseWN8,Sports,1.8184542897653553
2024-08-04,Sports_noiseWN8,Sports,0.2427630064259354
2024-08-18,Sports_noiseWN8,Sports,4.357817840272653
2024-09-01,Sports_noiseWN8,Sports,0.0
2024-09-15,Sports_noiseWN8,Sports,1.6781041679169078
2024-09-29,Sports_noiseWN8,Sports,0.0
2024-10-13,Sports_noiseWN8,Sports,16.788350797498335
2024-10-27,Sports_noiseWN8,Sports,5.211581311830372
2024-11-10,Sports_noiseWN8,Sports,0.8016469520444867
2024-11-24,Sports_noiseWN8,Sports,6.283879464405333
2024-12-08,Sports_noiseWN8,Sports,4.326031701855021
2024-12-22,Sports_noiseWN8,Sports,3.674182402800662
2025-01-05,Sports_noiseWN8,Sports,8.685000200260552
2025-01-19,Sports_noiseWN8,Sports,9.545046260283831
2025-02-02,Sports_noiseWN8,Sports,1.8169931143368352
2025-02-16,Sports_noiseWN8,Sports,1.5450905561319201
2025-03-02,Sports_noiseWN8,Sports,3.3496898170901357
2025-03-16,Sports_noiseWN8,Sports,0.0
2025-03-30,Sports_noiseWN8,Sports,0.0
2025-04-13,Sports_noiseWN8,Sports,13.201245604667148
2025-04-27,Sports_noiseWN8,Sports,14.869806281007701
2025-05-11,Sports_noiseWN8,Sports,3.5057837626617303
2025-05-25,Sports_noiseWN8,Sports,8.459341778334599
2025-06-08,Sports_noiseWN8,Sports,6.867500927261217
2025-06-22,Sports_noiseWN8,Sports,23.473284850731424
2025-07-06,Sports_noiseWN8,Sports,11.71744946860746
2024-01-07,Sports_noiseSD1,Sports,7.850744797055324
2024-01-21,Sports_noiseSD1,Sports,15.999415916224969
2024-02-04,Sports_noiseSD1,Sports,6.022518713310424
2024-02-18,Sports_noiseSD1,Sports,10.639503436210646
2024-03-03,Sports_noiseSD1,Sports,8.230623614116219
2024-03-17,Sports_noiseSD1,Sports,17.303201442980452
2024-03-31,Sports_noiseSD1,Sports,22.137598687708493
2024-04-14,Sports_noiseSD1,Sports,17.703653315814496
2024-04-28,Sports_noiseSD1,Sports,18.451595675575128
2024-05-12,Sports_noiseSD1,Sports,14.749947995251544
2024-05-26,Sports_noiseSD1,Sports,18.284693297279013
2024-06-09,Sports_noiseSD1,Sports,18.55472502045516
2024-06-23,Sports_noiseSD1,Sports,16.939911664366907
2024-07-07,Sports_noiseSD1,Sports,33.65379599261705
2024-07-21,Sports_noiseSD1,Sports,43.21136838388221
2024-08-04,Sports_noiseSD1,Sports,73.03705377223983
2024-08-18,Sports_noiseSD1,Sports,99.37688139724867
2024-09-01,Sports_noiseSD1,Sports,363.3338414378012
2024-09-15,Sports_noiseSD1,Sports,211.6823821315234
2024-09-29,Sports_noiseSD1,Sports,134.56372038797127
2024-10-13,Sports_noiseSD1,Sports,73.11802069854072
2024-10-27,Sports_noiseSD1,Sports,66.7650880159988
2024-11-10,Sports_noiseSD1,Sports,49.04402534347074
2024-11-24,Sports_noiseSD1,Sports,32.93969033770508
2024-12-08,Sports_noiseSD1,Sports,19.44431389891224
2024-12-22,Sports_noiseSD1,Sports,26.86922181423469
2025-01-05,Sports_noiseSD1,Sports,7.5248530390366355
2025-01-19,Sports_noiseSD1,Sports,17.447617049223787
2025-02-02,Sports_noiseSD1,Sports,12.03307640920228
2025-02-16,Sports_noiseSD1,Sports,6.7392769886406185
2025-03-02,Sports_noiseSD1,Sports,20.260567957792055
2025-03-16,Sports_noiseSD1,Sports,11.916288170315177
2025-03-30,Sports_noiseSD1,Sports,12.393353161644027
2025-04-13,Sports_noiseSD1,Sports,16.095850250594665
2025-04-27,Sports_noiseSD1,Sports,9.983880968601781
2025-05-11,Sports_noiseSD1,Sports,12.204365167146905
2025-05-25,Sports_noiseSD1,Sports,13.908583052314325
2025-06-08,Sports_noiseSD1,Sports,11.980136120298777
2025-06-22,Sports_noiseSD1,Sports,9.902655739830838
2025-07-06,Sports_noiseSD1,Sports,18.527770274914324
2024-01-07,Sports_noiseSD2,Sports,11.404524455233325
2024-01-21,Sports_noiseSD2,Sports,1.429590505633084
2024-02-04,Sports_noiseSD2,Sports,2.8195545321066877
2024-02-18,Sports_noiseSD2,Sports,0.41629108679902327
2024-03-03,Sports_noiseSD2,Sports,8.345210765386922
2024-03-17,Sports_noiseSD2,Sports,0.0
2024-03-31,Sports_noiseSD2,Sports,4.448284338342006
2024-04-14,Sports_noiseSD2,Sports,5.659701604069096
2024-04-28,Sports_noiseSD2,Sports,0.0
2024-05-12,Sports_noiseSD2,Sports,12.96823606928999
2024-05-26,Sports_noiseSD2,Sports,1.7365781998892755
2024-06-09,Sports_noiseSD2,Sports,10.606455994219568
2024-06-23,Sports_noiseSD2,Sports,26.176348751460623
2024-07-07,Sports_noiseSD2,Sports,0.3339663402686721
2024-07-21,Sports_noiseSD2,Sports,9.69692686407535
2024-08-04,Sports_noiseSD2,Sports,8.805239174188408
2024-08-18,Sports_noiseSD2,Sports,8.388187926621693
2024-09-01,Sports_noiseSD2,Sports,17.41864942495502
2024-09-15,Sports_noiseSD2,Sports,20.484128475124503
2024-09-29,Sports_noiseSD2,Sports,19.629828895808018
2024-10-13,Sports_noiseSD2,Sports,12.02360186892896
2024-10-27,Sports_noiseSD2,Sports,32.6030884704145
2024-11-10,Sports_noiseSD2,Sports,9.378540869948647
2024-11-24,Sports_noiseSD2,Sports,16.30422558579423
2024-12-08,Sports_noiseSD2,Sports,26.732661420627956
2024-12-22,Sports_noiseSD2,Sports,30.536363514873898
2025-01-05,Sports_noiseSD2,Sports,38.928264476272496
2025-01-19,Sports_noiseSD2,Sports,54.48080457045121
2025-02-02,Sports_noiseSD2,Sports,59.28089448380641
2025-02-16,Sports_noiseSD2,Sports,90.68237676127788
2025-03-02,Sports_noiseSD2,Sports,356.4329036836545
2025-03-16,Sports_noiseSD2,Sports,202.70548985903787
2025-03-30,Sports_noiseSD2,Sports,124.30742834695758
2025-04-13,Sports_noiseSD2,Sports,83.24908670031931
2025-04-27,Sports_noiseSD2,Sports,63.62124990037296
2025-05-11,Sports_noiseSD2,Sports,50.984825314785375
2025-05-25,Sports_noiseSD2,Sports,21.427318710457964
2025-06-08,Sports_noiseSD2,Sports,30.100199564057903
2025-06-22,Sports_noiseSD2,Sports,21.675595087906924
2025-07-06,Sports_noiseSD2,Sports,25.68532100285207
2024-01-07,Sports_noiseSD3,Sports,24.48042176801942
2024-01-21,Sports_noiseSD3,Sports,12.609759658938309
2024-02-04,Sports_noiseSD3,Sports,17.86477931712222
2024-02-18,Sports_noiseSD3,Sports,22.83441179715671
2024-03-03,Sports_noiseSD3,Sports,6.04188971900134
2024-03-17,Sports_noiseSD3,Sports,31.564819308687156
2024-03-31,Sports_noiseSD3,Sports,14.548826429157836
2024-04-14,Sports_noiseSD3,Sports,35.98164040967042
2024-04-28,Sports_noiseSD3,Sports,40.120990743255874
2024-05-12,Sports_noiseSD3,Sports,30.962441984910683
2024-05-26,Sports_noiseSD3,Sports,46.26563245840202
2024-06-09,Sports_noiseSD3,Sports,98.59489150471504
2024-06-23,Sports_noiseSD3,Sports,367.2883323581193
2024-07-07,Sports_noiseSD3,Sports,193.89033688134444
2024-07-21,Sports_noiseSD3,Sports,120.92702604059522
2024-08-04,Sports_noiseSD3,Sports,88.23905866097469
2024-08-18,Sports_noiseSD3,Sports,60.28388607966008
2024-09-01,Sports_noiseSD3,Sports,51.10167104739647
2024-09-15,Sports_noiseSD3,Sports,37.55344356709975
2024-09-29,Sports_noiseSD3,Sports,37.433713779756545
2024-10-13,Sports_noiseSD3,Sports,29.117281667454513
2024-10-27,Sports_noiseSD3,Sports,24.324257671727082
2024-11-10,Sports_noiseSD3,Sports,15.463718501649705
2024-11-24,Sports_noiseSD3,Sports,13.183691453952463
2024-12-08,Sports_noiseSD3,Sports,13.981775329721986
2024-12-22,Sports_noiseSD3,Sports,24.17342033150207
2025-01-05,Sports_noiseSD3,Sports,9.726490377461108
2025-01-19,Sports_noiseSD3,Sports,12.912729109070707
2025-02-02,Sports_noiseSD3,Sports,0.0
2025-02-16,Sports_noiseSD3,Sports,14.091476686686399
2025-03-02,Sports_noiseSD3,Sports,23.03908766182075
2025-03-16,Sports_noiseSD3,Sports,3.411644673802238
2025-03-30,Sports_noiseSD3,Sports,27.62625338154637
2025-04-13,Sports_noiseSD3,Sports,9.280218370641055
2025-04-27,Sports_noiseSD3,Sports,0.0
2025-05-11,Sports_noiseSD3,Sports,5.188593977040286
2025-05-25,Sports_noiseSD3,Sports,15.1837373378381
2025-06-08,Sports_noiseSD3,Sports,18.919650958146722
2025-06-22,Sports_noiseSD3,Sports,10.975664815470026
2025-07-06,Sports_noiseSD3,Sports,15.834384726480785
2024-01-07,Sports_noiseSD4,Sports,0.0
2024-01-21,Sports_noiseSD4,Sports,16.476265868935098
2024-02-04,Sports_noiseSD4,Sports,11.752280894646086
2024-02-18,Sports_noiseSD4,Sports,7.848310156355451
2024-03-03,Sports_noiseSD4,Sports,10.251240329347493
2024-03-17,Sports_noiseSD4,Sports,2.2470657162097414
2024-03-31,Sports_noiseSD4,Sports,24.148196088227273
2024-04-14,Sports_noiseSD4,Sports,10.775327091851365
2024-04-28,Sports_noiseSD4,Sports,11.244604061747005
2024-05-12,Sports_noiseSD4,Sports,15.604599743392152
2024-05-26,Sports_noiseSD4,Sports,14.88605539042028
2024-06-09,Sports_noiseSD4,Sports,14.200447002817645
2024-06-23,Sports_noiseSD4,Sports,9.103307113481975
2024-07-07,Sports_noiseSD4,Sports,17.828810142815975
2024-07-21,Sports_noiseSD4,Sports,27.655783342486565
2024-08-04,Sports_noiseSD4,Sports,26.072520276929865
2024-08-18,Sports_noiseSD4,Sports,29.55911975983638
2024-09-01,Sports_noiseSD4,Sports,19.43270594141289
2024-09-15,Sports_noiseSD4,Sports,19.77665679273423
2024-09-29,Sports_noiseSD4,Sports,29.24527847940211
2024-10-13,Sports_noiseSD4,Sports,36.33434947373217
2024-10-27,Sports_noiseSD4,Sports,51.56514911082569
2024-11-10,Sports_noiseSD4,Sports,49.84521222171108
2024-11-24,Sports_noiseSD4,Sports,99.17730191676368
2024-12-08,Sports_noiseSD4,Sports,359.05195260852605
2024-12-22,Sports_noiseSD4,Sports,196.6142323285895
2025-01-05,Sports_noiseSD4,Sports,120.14567315929861
2025-01-19,Sports_noiseSD4,Sports,75.23428879552274
2025-02-02,Sports_noiseSD4,Sports,65.29937448636178
2025-02-16,Sports_noiseSD4,Sports,45.21520755543221
2025-03-02,Sports_noiseSD4,Sports,26.936192622054904
2025-03-16,Sports_noiseSD4,Sports,20.165056383635633
2025-03-30,Sports_noiseSD4,Sports,21.282106804231383
2025-04-13,Sports_noiseSD4,Sports,30.01374852861997
2025-04-27,Sports_noiseSD4,Sports,16.01891871529012
2025-05-11,Sports_noiseSD4,Sports,6.716761140214894
2025-05-25,Sports_noiseSD4,Sports,12.817870853438125
2025-06-08,Sports_noiseSD4,Sports,11.491420493392798
2025-06-22,Sports_noiseSD4,Sports,0.0
2025-07-06,Sports_noiseSD4,Sports,11.023785987519737
2024-01-07,Sports_noiseSD5,Sports,12.43985342239571
2024-01-21,Sports_noiseSD5,Sports,2.2392752586793137
2024-02-04,Sports_noiseSD5,Sports,1.2252457018161413
2024-02-18,Sports_noiseSD5,Sports,2.5992835112578216
2024-03-03,Sports_noiseSD5,Sports,7.670453535036462
2024-03-17,Sports_noiseSD5,Sports,0.0
2024-03-31,Sports_noiseSD5,Sports,7.603871474207032
2024-04-14,Sports_noiseSD5,Sports,10.758507654120198
2024-04-28,Sports_noiseSD5,Sports,15.215371948890262
2024-05-12,Sports_noiseSD5,Sports,10.055739943327465
2024-05-26,Sports_noiseSD5,Sports,1.4359132213635668
2024-06-09,Sports_noiseSD5,Sports,10.893341365913342
2024-06-23,Sports_noiseSD5,Sports,4.226685650440928
2024-07-07,Sports_noiseSD5,Sports,4.542329061798297
2024-07-21,Sports_noiseSD5,Sports,3.8237783787601245
2024-08-04,Sports_noiseSD5,Sports,1.3896207777787133
2024-08-18,Sports_noiseSD5,Sports,10.443174838541477
2024-09-01,Sports_noiseSD5,Sports,21.773332458281445
2024-09-15,Sports_noiseSD5,Sports,29.902540456201613
2024-09-29,Sports_noiseSD5,Sports,14.558489049959435
2024-10-13,Sports_noiseSD5,Sports,26.516633160617936
2024-10-27,Sports_noiseSD5,Sports,20.13250609058043
2024-11-10,Sports_noiseSD5,Sports,15.809871397594348
2024-11-24,Sports_noiseSD5,Sports,34.20565356867646
2024-12-08,Sports_noiseSD5,Sports,37.4088845207734
2024-12-22,Sports_noiseSD5,Sports,55.908117647766694
2025-01-05,Sports_noiseSD5,Sports,50.79192910810346
2025-01-19,Sports_noiseSD5,Sports,106.77619625001167
2025-02-02,Sports_noiseSD5,Sports,369.5503039391289
2025-02-16,Sports_noiseSD5,Sports,199.0679773069029
2025-03-02,Sports_noiseSD5,Sports,124.42647266006851
2025-03-16,Sports_noiseSD5,Sports,80.86856961350566
2025-03-30,Sports_noiseSD5,Sports,61.018746817717044
2025-04-13,Sports_noiseSD5,Sports,43.671682819847916
2025-04-27,Sports_noiseSD5,Sports,37.75873050198489
2025-05-11,Sports_noiseSD5,Sports,26.169329049907496
2025-05-25,Sports_noiseSD5,Sports,31.78659714895213
2025-06-08,Sports_noiseSD5,Sports,20.749895563882298
2025-06-22,Sports_noiseSD5,Sports,16.035564655917355
2025-07-06,Sports_noiseSD5,Sports,21.881338349599872
2024-01-07,Sports_noiseSD6,Sports,1.773179379242821
2024-01-21,Sports_noiseSD6,Sports,1.8370056520368223
2024-02-04,Sports_noiseSD6,Sports,7.0210460943954365
2024-02-18,Sports_noiseSD6,Sports,5.884595790743417
2024-03-03,Sports_noiseSD6,Sports,9.925942039600717
2024-03-17,Sports_noiseSD6,Sports,0.8804476761300233
2024-03-31,Sports_noiseSD6,Sports,5.395910832727276
2024-04-14,Sports_noiseSD6,Sports,6.450790647200187
2024-04-28,Sports_noiseSD6,Sports,13.065001630559813
2024-05-12,Sports_noiseSD6,Sports,2.928945924021157
2024-05-26,Sports_noiseSD6,Sports,10.407912030930518
2024-06-09,Sports_noiseSD6,Sports,10.990217255753635
2024-06-23,Sports_noiseSD6,Sports,19.87838345607984
2024-07-07,Sports_noiseSD6,Sports,4.545699108280081
2024-07-21,Sports_noiseSD6,Sports,7.306600091295037
2024-08-04,Sports_noiseSD6,Sports,6.375865906660074
2024-08-18,Sports_noiseSD6,Sports,2.838467824732458
2024-09-01,Sports_noiseSD6,Sports,24.43427545173016
2024-09-15,Sports_noiseSD6,Sports,7.550992614305265
2024-09-29,Sports_noiseSD6,Sports,11.46580390930729
2024-10-13,Sports_noiseSD6,Sports,25.894599049692957
2024-10-27,Sports_noiseSD6,Sports,9.481357718370708
2024-11-10,Sports_noiseSD6,Sports,27.03810941572429
2024-11-24,Sports_noiseSD6,Sports,17.236139642235052
2024-12-08,Sports_noiseSD6,Sports,37.480168419177524
2024-12-22,Sports_noiseSD6,Sports,22.98073387775485
2025-01-05,Sports_noiseSD6,Sports,34.47918350249603
2025-01-19,Sports_noiseSD6,Sports,56.73046659024655
2025-02-02,Sports_noiseSD6,Sports,95.83093614103642
2025-02-16,Sports_noiseSD6,Sports,359.81425049618053
2025-03-02,Sports_noiseSD6,Sports,197.16122831095458
2025-03-16,Sports_noiseSD6,Sports,134.29456465564792
2025-03-30,Sports_noiseSD6,Sports,98.0948660573158
2025-04-13,Sports_noiseSD6,Sports,64.39389468907292
2025-04-27,Sports_noiseSD6,Sports,41.03817273369408
2025-05-11,Sports_noiseSD6,Sports,32.1670998164456
2025-05-25,Sports_noiseSD6,Sports,20.20484473747338
2025-06-08,Sports_noiseSD6,Sports,23.901719533496465
2025-06-22,Sports_noiseSD6,Sports,10.222061461025651
2025-07-06,Sports_noiseSD6,Sports,20.88764875532875
2024-01-07,Sports_noiseSD7,Sports,7.767934219743429
2024-01-21,Sports_noiseSD7,Sports,0.0
2024-02-04,Sports_noiseSD7,Sports,5.631798845426049
2024-02-18,Sports_noiseSD7,Sports,11.35890660822902
2024-03-03,Sports_noiseSD7,Sports,7.454706608729283
2024-03-17,Sports_noiseSD7,Sports,6.710979123179652
2024-03-31,Sports_noiseSD7,Sports,16.718257174827382
2024-04-14,Sports_noiseSD7,Sports,6.500725051347363
2024-04-28,Sports_noiseSD7,Sports,17.126878759967795
2024-05-12,Sports_noiseSD7,Sports,5.849687021424138
2024-05-26,Sports_noiseSD7,Sports,31.564571614357106
2024-06-09,Sports_noiseSD7,Sports,15.069523202228819
2024-06-23,Sports_noiseSD7,Sports,16.060408264223664
2024-07-07,Sports_noiseSD7,Sports,26.858395417339512
2024-07-21,Sports_noiseSD7,Sports,19.987770955161306
2024-08-04,Sports_noiseSD7,Sports,34.44385256423971
2024-08-18,Sports_noiseSD7,Sports,32.22956298291916
2024-09-01,Sports_noiseSD7,Sports,35.28961259672263
2024-09-15,Sports_noiseSD7,Sports,43.649964579777745
2024-09-29,Sports_noiseSD7,Sports,67.24555302258157
2024-10-13,Sports_noiseSD7,Sports,91.38292328762103
2024-10-27,Sports_noiseSD7,Sports,362.59385238714464
2024-11-10,Sports_noiseSD7,Sports,202.4215299838958
2024-11-24,Sports_noiseSD7,Sports,127.01591652219577
2024-12-08,Sports_noiseSD7,Sports,88.28266218481727
2024-12-22,Sports_noiseSD7,Sports,59.650410446504345
2025-01-05,Sports_noiseSD7,Sports,44.47644796134233
2025-01-19,Sports_noiseSD7,Sports,27.961268452340974
2025-02-02,Sports_noiseSD7,Sports,29.722090521527715
2025-02-16,Sports_noiseSD7,Sports,12.979568959698831
2025-03-02,Sports_noiseSD7,Sports,21.700967800549094
2025-03-16,Sports_noiseSD7,Sports,15.89277072648286
2025-03-30,Sports_noiseSD7,Sports,17.9831295156294
2025-04-13,Sports_noiseSD7,Sports,7.999359233463735
2025-04-27,Sports_noiseSD7,Sports,0.4116177036469679
2025-05-11,Sports_noiseSD7,Sports,10.058946911958577
2025-05-25,Sports_noiseSD7,Sports,5.074079173484019
2025-06-08,Sports_noiseSD7,Sports,0.0
2025-06-22,Sports_noiseSD7,Sports,14.644523924589336
2025-07-06,Sports_noiseSD7,Sports,19.103327338114163
2024-01-07,Sports_noiseSD8,Sports,10.246511612732853
2024-01-21,Sports_noiseSD8,Sports,2.832095896358532
2024-02-04,Sports_noiseSD8,Sports,10.223017862904555
2024-02-18,Sports_noiseSD8,Sports,12.501993364427047
2024-03-03,Sports_noiseSD8,Sports,10.653936696380102
2024-03-17,Sports_noiseSD8,Sports,0.0
2024-03-31,Sports_noiseSD8,Sports,3.137176945050788
2024-04-14,Sports_noiseSD8,Sports,6.340975143212711
2024-04-28,Sports_noiseSD8,Sports,7.735217607217904
2024-05-12,Sports_noiseSD8,Sports,12.295461156732639
2024-05-26,Sports_noiseSD8,Sports,10.066206005599524
2024-06-09,Sports_noiseSD8,Sports,1.4616180582657066
2024-06-23,Sports_noiseSD8,Sports,12.28118710603578
2024-07-07,Sports_noiseSD8,Sports,14.251749765820586
2024-07-21,Sports_noiseSD8,Sports,14.60874268758624
2024-08-04,Sports_noiseSD8,Sports,18.48468435332773
2024-08-18,Sports_noiseSD8,Sports,17.860675784436282
2024-09-01,Sports_noiseSD8,Sports,16.601234321524466
2024-09-15,Sports_noiseSD8,Sports,14.579005731248118
2024-09-29,Sports_noiseSD8,Sports,6.397870762540414
2024-10-13,Sports_noiseSD8,Sports,20.577709314795516
2024-10-27,Sports_noiseSD8,Sports,21.246126122978666
2024-11-10,Sports_noiseSD8,Sports,24.129473023172242
2024-11-24,Sports_noiseSD8,Sports,18.05379425936386
2024-12-08,Sports_noiseSD8,Sports,23.513660757550426
2024-12-22,Sports_noiseSD8,Sports,42.31891711999742
2025-01-05,Sports_noiseSD8,Sports,44.76266907686007
2025-01-19,Sports_noiseSD8,Sports,64.08900418423575
2025-02-02,Sports_noiseSD8,Sports,90.16991025678277
2025-02-16,Sports_noiseSD8,Sports,360.17853683697444
2025-03-02,Sports_noiseSD8,Sports,204.80522158413
2025-03-16,Sports_noiseSD8,Sports,123.12203104155537
2025-03-30,Sports_noiseSD8,Sports,85.74015348836326
2025-04-13,Sports_noiseSD8,Sports,57.586699250360034
2025-04-27,Sports_noiseSD8,Sports,42.16832238770789
2025-05-11,Sports_noiseSD8,Sports,32.82092527968939
2025-05-25,Sports_noiseSD8,Sports,29.268331645819607
2025-06-08,Sports_noiseSD8,Sports,20.424323269991287
2025-06-22,Sports_noiseSD8,Sports,27.53415613032474
2025-07-06,Sports_noiseSD8,Sports,12.208823010154724
2024-01-07,Music_core1,Music,219.92525134233546
2024-01-21,Music_core1,Music,246.04523790259339
2024-02-04,Music_core1,Music,246.73449619959095
2024-02-18,Music_core1,Music,229.92291686475517
2024-03-03,Music_core1,Music,230.1916074898844
2024-03-17,Music_core1,Music,255.4057758507852
2024-03-31,Music_core1,Music,282.32795043225076
2024-04-14,Music_core1,Music,282.51155736409885
2024-04-28,Music_core1,Music,265.8772085498607
2024-05-12,Music_core1,Music,266.2050618241231
2024-05-26,Music_core1,Music,291.79308461995987
2024-06-09,Music_core1,Music,318.78486930197727
2024-06-23,Music_core1,Music,319.07526429529713
2024-07-07,Music_core1,Music,301.69915952997474
2024-07-21,Music_core1,Music,301.6006686655366
2024-08-04,Music_core1,Music,328.58135379084706
2024-08-18,Music_core1,Music,354.85295918419536
2024-09-01,Music_core1,Music,353.9465610349882
2024-09-15,Music_core1,Music,337.6762202273122
2024-09-29,Music_core1,Music,337.6661558305527
2024-10-13,Music_core1,Music,363.4622197955863
2024-10-27,Music_core1,Music,389.85366954730944
2024-11-10,Music_core1,Music,389.7540487391487
2024-11-24,Music_core1,Music,373.5371759281089
2024-12-08,Music_core1,Music,373.76499571914223
2024-12-22,Music_core1,Music,400.0936858930146
2025-01-05,Music_core1,Music,426.8413305230288
2025-01-19,Music_core1,Music,425.7563634295539
2025-02-02,Music_core1,Music,410.2380239135412
2025-02-16,Music_core1,Music,409.6932741364067
2025-03-02,Music_core1,Music,435.980214516139
2025-03-16,Music_core1,Music,462.49105812276974
2025-03-30,Music_core1,Music,461.7066162372245
2025-04-13,Music_core1,Music,445.9972588526242
2025-04-27,Music_core1,Music,445.84545055738215
2025-05-11,Music_core1,Music,472.1969805056032
2025-05-25,Music_core1,Music,498.3367977834662
2025-06-08,Music_core1,Music,499.13782510181386
2025-06-22,Music_core1,Music,481.58919896045006
2025-07-06,Music_core1,Music,481.5664708920962
2024-01-07,Music_core2,Music,219.7507437894301
2024-01-21,Music_core2,Music,244.29831722802464
2024-02-04,Music_core2,Music,251.46555322476615
2024-02-18,Music_core2,Music,242.075606612443
2024-03-03,Music_core2,Music,232.0476936235072
2024-03-17,Music_core2,Music,238.45119340681146
2024-03-31,Music_core2,Music,262.8670577707583
2024-04-14,Music_core2,Music,287.90907429824335
2024-04-28,Music_core2,Music,294.6996188579764
2024-05-12,Music_core2,Music,285.0531727271022
2024-05-26,Music_core2,Music,274.7606611326517
2024-06-09,Music_core2,Music,281.2731942783123
2024-06-23,Music_core2,Music,307.019002080532
2024-07-07,Music_core2,Music,331.63885914492704
2024-07-21,Music_core2,Music,337.87539259949506
2024-08-04,Music_core2,Music,327.84491937602564
2024-08-18,Music_core2,Music,317.9938380806012
2024-09-01,Music_core2,Music,325.213274640306
2024-09-15,Music_core2,Music,349.86341770906915
2024-09-29,Music_core2,Music,374.9245898911953
2024-10-13,Music_core2,Music,381.24972918469115
2024-10-27,Music_core2,Music,370.88068110218467
2024-11-10,Music_core2,Music,360.5277642331054
2024-11-24,Music_core2,Music,367.9871199083345
2024-12-08,Music_core2,Music,392.7867492108505
2024-12-22,Music_core2,Music,418.0383312210959
2025-01-05,Music_core2,Music,424.3134635560744
2025-01-19,Music_core2,Music,414.48951518065553
2025-02-02,Music_core2,Music,404.2729227658822
2025-02-16,Music_core2,Music,411.9548492336904
2025-03-02,Music_core2,Music,437.0107729703493
2025-03-16,Music_core2,Music,460.30816056652066
2025-03-30,Music_core2,Music,467.5247322986815
2025-04-13,Music_core2,Music,458.0176643508276
2025-04-27,Music_core2,Music,447.75224852016174
2025-05-11,Music_core2,Music,455.41817485460564
2025-05-25,Music_core2,Music,479.4335712741303
2025-06-08,Music_core2,Music,503.57679123937396
2025-06-22,Music_core2,Music,511.15677000796575
2025-07-06,Music_core2,Music,501.2434814322333
2024-01-07,Music_core3,Music,220.32819287247895
2024-01-21,Music_core3,Music,237.4029096124429
2024-02-04,Music_core3,Music,252.14717795152444
2024-02-18,Music_core3,Music,262.0677182361783
2024-03-03,Music_core3,Music,266.6733716721038
2024-03-17,Music_core3,Music,266.2594839550359
2024-03-31,Music_core3,Music,263.13315276787324
2024-04-14,Music_core3,Music,260.4586854745733
2024-04-28,Music_core3,Music,260.76209551091455
2024-05-12,Music_core3,Music,264.4732257316051
2024-05-26,Music_core3,Music,274.82696124786037
2024-06-09,Music_core3,Music,289.04266447506905
2024-06-23,Music_core3,Music,306.4114979291739
2024-07-07,Music_core3,Music,324.11138074504294
2024-07-21,Music_core3,Music,338.19694770289675
2024-08-04,Music_core3,Music,348.01857461926244
2024-08-18,Music_core3,Music,351.9765656192968
2024-09-01,Music_core3,Music,352.69850142641087
2024-09-15,Music_core3,Music,349.8581936724565
2024-09-29,Music_core3,Music,347.6653018893222
2024-10-13,Music_core3,Music,346.55638063033
2024-10-27,Music_core3,Music,351.2876601310656
2024-11-10,Music_core3,Music,361.1792453977955
2024-11-24,Music_core3,Music,376.2309813119054
2024-12-08,Music_core3,Music,392.76188178704524
2024-12-22,Music_core3,Music,410.1116086103081
2025-01-05,Music_core3,Music,424.76366667957546
2025-01-19,Music_core3,Music,434.47464364926253
2025-02-02,Music_core3,Music,438.7419346298686
2025-02-16,Music_core3,Music,438.87763599715936
2025-03-02,Music_core3,Music,436.42945269994397
2025-03-16,Music_core3,Music,432.7893938802356
2025-03-30,Music_core3,Music,433.13267979397
2025-04-13,Music_core3,Music,437.31995167402437
2025-04-27,Music_core3,Music,447.95751057588114
2025-05-11,Music_core3,Music,461.3907252380865
2025-05-25,Music_core3,Music,478.97643126109136
2025-06-08,Music_core3,Music,496.55088475002583
2025-06-22,Music_core3,Music,511.5467176873825
2025-07-06,Music_core3,Music,520.7736998955708
2024-01-07,Music_core4,Music,219.7779201893227
2024-01-21,Music_core4,Music,227.95246282777623
2024-02-04,Music_core4,Music,233.82079443983352
2024-02-18,Music_core4,Music,240.72047761735197
2024-03-03,Music_core4,Music,248.97600578002135
2024-03-17,Music_core4,Music,255.79917831025895
2024-03-31,Music_core4,Music,262.7915068731477
2024-04-14,Music_core4,Music,270.68334257891973
2024-04-28,Music_core4,Music,277.6975202855085
2024-05-12,Music_core4,Music,284.5743685477053
2024-05-26,Music_core4,Music,291.48787824053164
2024-06-09,Music_core4,Music,299.548982931312
2024-06-23,Music_core4,Music,306.66008047118345
2024-07-07,Music_core4,Music,313.56032965448827
2024-07-21,Music_core4,Music,321.5386547984191
2024-08-04,Music_core4,Music,327.57196609346954
2024-08-18,Music_core4,Music,334.5897899316301
2024-09-01,Music_core4,Music,342.1232367720475
2024-09-15,Music_core4,Music,349.5817655934578
2024-09-29,Music_core4,Music,356.8973357797291
2024-10-13,Music_core4,Music,363.90350557685747
2024-10-27,Music_core4,Music,371.34082215860576
2024-11-10,Music_core4,Music,377.8993842303238
2024-11-24,Music_core4,Music,386.17750584162934
2024-12-08,Music_core4,Music,392.767139528643
2024-12-22,Music_core4,Music,400.4469183326353
2025-01-05,Music_core4,Music,407.3370901385511
2025-01-19,Music_core4,Music,414.5827012876615
2025-02-02,Music_core4,Music,421.8279069120929
2025-02-16,Music_core4,Music,428.97908342400694
2025-03-02,Music_core4,Music,436.257089103947
2025-03-16,Music_core4,Music,443.731661012053
2025-03-30,Music_core4,Music,450.4786084678806
2025-04-13,Music_core4,Music,457.88360150303544
2025-04-27,Music_core4,Music,464.76410572228514
2025-05-11,Music_core4,Music,472.57604688617977
2025-05-25,Music_core4,Music,478.9294430791763
2025-06-08,Music_core4,Music,487.12037617316435
2025-06-22,Music_core4,Music,493.5839368197423
2025-07-06,Music_core4,Music,500.22768995915277
2024-01-07,Music_noiseWN1,Music,5.768626489464736
2024-01-21,Music_noiseWN1,Music,0.913690055150715
2024-02-04,Music_noiseWN1,Music,10.043861293932345
2024-02-18,Music_noiseWN1,Music,1.0842561241856545
2024-03-03,Music_noiseWN1,Music,2.3228994007113215
2024-03-17,Music_noiseWN1,Music,0.0
2024-03-31,Music_noiseWN1,Music,2.2861620845055395
2024-04-14,Music_noiseWN1,Music,0.0
2024-04-28,Music_noiseWN1,Music,0.0
2024-05-12,Music_noiseWN1,Music,9.562487936865784
2024-05-26,Music_noiseWN1,Music,9.714800951904994
2024-06-09,Music_noiseWN1,Music,7.552745370709788
2024-06-23,Music_noiseWN1,Music,0.0
2024-07-07,Music_noiseWN1,Music,4.713731863148121
2024-07-21,Music_noiseWN1,Music,4.97838476545659
2024-08-04,Music_noiseWN1,Music,0.0
2024-08-18,Music_noiseWN1,Music,14.020389810602904
2024-09-01,Music_noiseWN1,Music,10.264173743454029
2024-09-15,Music_noiseWN1,Music,3.6742149570220164
2024-09-29,Music_noiseWN1,Music,5.161315033967185
2024-10-13,Music_noiseWN1,Music,6.2502968476853145
2024-10-27,Music_noiseWN1,Music,0.0
2024-11-10,Music_noiseWN1,Music,3.5169357048764187
2024-11-24,Music_noiseWN1,Music,0.9080945120132089
2024-12-08,Music_noiseWN1,Music,0.0
2024-12-22,Music_noiseWN1,Music,3.3133982426842707
2025-01-05,Music_noiseWN1,Music,15.786119161097135
2025-01-19,Music_noiseWN1,Music,8.845057167602059
2025-02-02,Music_noiseWN1,Music,1.5729260613032192
2025-02-16,Music_noiseWN1,Music,8.43549668813695
2025-03-02,Music_noiseWN1,Music,13.396132619516013
2025-03-16,Music_noiseWN1,Music,10.547802097476612
2025-03-30,Music_noiseWN1,Music,5.357782219521045
2025-04-13,Music_noiseWN1,Music,1.1183793337665566
2025-04-27,Music_noiseWN1,Music,9.18933988168154
2025-05-11,Music_noiseWN1,Music,7.360912312530497
2025-05-25,Music_noiseWN1,Music,10.371159320166393
2025-06-08,Music_noiseWN1,Music,8.811030810091818
2025-06-22,Music_noiseWN1,Music,11.297316291916012
2025-07-06,Music_noiseWN1,Music,1.788588730636592
2024-01-07,Music_noiseWN2,Music,12.904364393805954
2024-01-21,Music_noiseWN2,Music,6.185597628154397
2024-02-04,Music_noiseWN2,Music,17.451565235751595
2024-02-18,Music_noiseWN2,Music,0.8648730914625933
2024-03-03,Music_noiseWN2,Music,15.415782818991495
2024-03-17,Music_noiseWN2,Music,6.1874647007758865
2024-03-31,Music_noiseWN2,Music,1.09149197831331
2024-04-14,Music_noiseWN2,Music,2.0966849956740705
2024-04-28,Music_noiseWN2,Music,3.077916150834079
2024-05-12,Music_noiseWN2,Music,7.544995678411499
2024-05-26,Music_noiseWN2,Music,8.137012928212997
2024-06-09,Music_noiseWN2,Music,1.5577999763685257
2024-06-23,Music_noiseWN2,Music,4.853872446434103
2024-07-07,Music_noiseWN2,Music,17.853622151671182
2024-07-21,Music_noiseWN2,Music,15.365259020604269
2024-08-04,Music_noiseWN2,Music,7.617942018044193
2024-08-18,Music_noiseWN2,Music,5.228020869009201
2024-09-01,Music_noiseWN2,Music,5.720187960309568
2024-09-15,Music_noiseWN2,Music,8.6811078363825
2024-09-29,Music_noiseWN2,Music,0.0
2024-10-13,Music_noiseWN2,Music,3.4557407754599296
2024-10-27,Music_noiseWN2,Music,0.0
2024-11-10,Music_noiseWN2,Music,7.395338735631675
2024-11-24,Music_noiseWN2,Music,8.883175638216446
2024-12-08,Music_noiseWN2,Music,2.100881226203756
2024-12-22,Music_noiseWN2,Music,14.443920579740197
2025-01-05,Music_noiseWN2,Music,0.0
2025-01-19,Music_noiseWN2,Music,0.0
2025-02-02,Music_noiseWN2,Music,6.346710911359832
2025-02-16,Music_noiseWN2,Music,11.282589815672928
2025-03-02,Music_noiseWN2,Music,15.103566148747213
2025-03-16,Music_noiseWN2,Music,2.24669442278636
2025-03-30,Music_noiseWN2,Music,11.472085000587773
2025-04-13,Music_noiseWN2,Music,4.768949182995756
2025-04-27,Music_noiseWN2,Music,3.9642362003550824
2025-05-11,Music_noiseWN2,Music,10.301959624920034
2025-05-25,Music_noiseWN2,Music,8.913937270480517
2025-06-08,Music_noiseWN2,Music,0.0
2025-06-22,Music_noiseWN2,Music,13.859242098355374
2025-07-06,Music_noiseWN2,Music,13.28054812488471
2024-01-07,Music_noiseWN3,Music,1.2466237909428237
2024-01-21,Music_noiseWN3,Music,7.374821200624455
2024-02-04,Music_noiseWN3,Music,7.964181117696433
2024-02-18,Music_noiseWN3,Music,6.564042594943443
2024-03-03,Music_noiseWN3,Music,1.6981690769274795
2024-03-17,Music_noiseWN3,Music,0.9702597923716905
2024-03-31,Music_noiseWN3,Music,4.8466755740513285
2024-04-14,Music_noiseWN3,Music,12.036374115556189
2024-04-28,Music_noiseWN3,Music,8.261600927566594
2024-05-12,Music_noiseWN3,Music,2.7763140074833643
2024-05-26,Music_noiseWN3,Music,9.630192263890068
2024-06-09,Music_noiseWN3,Music,0.0
2024-06-23,Music_noiseWN3,Music,11.89259420223262
2024-07-07,Music_noiseWN3,Music,0.0
2024-07-21,Music_noiseWN3,Music,2.825354351581207
2024-08-04,Music_noiseWN3,Music,0.0
2024-08-18,Music_noiseWN3,Music,0.0
2024-09-01,Music_noiseWN3,Music,11.964960724271116
2024-09-15,Music_noiseWN3,Music,2.1937927921286517
2024-09-29,Music_noiseWN3,Music,7.079023290384295
2024-10-13,Music_noiseWN3,Music,4.718476526724896
2024-10-27,Music_noiseWN3,Music,7.862244963338728
2024-11-10,Music_noiseWN3,Music,5.460931346361532
2024-11-24,Music_noiseWN3,Music,0.0
2024-12-08,Music_noiseWN3,Music,10.97760091668284
2024-12-22,Music_noiseWN3,Music,2.037460501032125
2025-01-05,Music_noiseWN3,Music,0.0
2025-01-19,Music_noiseWN3,Music,2.431309034204525
2025-02-02,Music_noiseWN3,Music,14.004558743805866
2025-02-16,Music_noiseWN3,Music,10.101330452680958
2025-03-02,Music_noiseWN3,Music,2.908087193552845
2025-03-16,Music_noiseWN3,Music,2.9044537740894274
2025-03-30,Music_noiseWN3,Music,3.0701896926957044
2025-04-13,Music_noiseWN3,Music,17.460487901365045
2025-04-27,Music_noiseWN3,Music,7.29161271338932
2025-05-11,Music_noiseWN3,Music,7.580249883146418
2025-05-25,Music_noiseWN3,Music,11.181700724191053
2025-06-08,Music_noiseWN3,Music,6.432734954159081
2025-06-22,Music_noiseWN3,Music,3.445747125075781
2025-07-06,Music_noiseWN3,Music,3.8219009054901303
2024-01-07,Music_noiseWN4,Music,4.570392443515616
2024-01-21,Music_noiseWN4,Music,4.77666658094095
2024-02-04,Music_noiseWN4,Music,9.36577726182188
2024-02-18,Music_noiseWN4,Music,5.3116753148437965
2024-03-03,Music_noiseWN4,Music,9.395840463293474
2024-03-17,Music_noiseWN4,Music,4.515700519348506
2024-03-31,Music_noiseWN4,Music,5.471811141896543
2024-04-14,Music_noiseWN4,Music,0.0
2024-04-28,Music_noiseWN4,Music,10.497966048214888
2024-05-12,Music_noiseWN4,Music,7.078930855387956
2024-05-26,Music_noiseWN4,Music,10.988060659157913
2024-06-09,Music_noiseWN4,Music,0.0
2024-06-23,Music_noiseWN4,Music,17.530248228684364
2024-07-07,Music_noiseWN4,Music,4.162462231068957
2024-07-21,Music_noiseWN4,Music,11.6490969004251
2024-08-04,Music_noiseWN4,Music,0.0
2024-08-18,Music_noiseWN4,Music,8.676643430375417
2024-09-01,Music_noiseWN4,Music,0.0
2024-09-15,Music_noiseWN4,Music,1.2573862358251695
2024-09-29,Music_noiseWN4,Music,16.484188123200717
2024-10-13,Music_noiseWN4,Music,3.8559055954199204
2024-10-27,Music_noiseWN4,Music,6.304597239078337
2024-11-10,Music_noiseWN4,Music,10.220406384132525
2024-11-24,Music_noiseWN4,Music,7.9740913278356285
2024-12-08,Music_noiseWN4,Music,5.902513430861458
2024-12-22,Music_noiseWN4,Music,7.189766014797352
2025-01-05,Music_noiseWN4,Music,19.42049351142965
2025-01-19,Music_noiseWN4,Music,4.654287217798488
2025-02-02,Music_noiseWN4,Music,6.206594280289805
2025-02-16,Music_noiseWN4,Music,11.303926376045672
2025-03-02,Music_noiseWN4,Music,11.633155597747903
2025-03-16,Music_noiseWN4,Music,12.12218183336228
2025-03-30,Music_noiseWN4,Music,8.832381332175107
2025-04-13,Music_noiseWN4,Music,0.0
2025-04-27,Music_noiseWN4,Music,14.800589193806577
2025-05-11,Music_noiseWN4,Music,0.0
2025-05-25,Music_noiseWN4,Music,6.815812791434199
2025-06-08,Music_noiseWN4,Music,0.4743448998838522
2025-06-22,Music_noiseWN4,Music,4.615169920442045
2025-07-06,Music_noiseWN4,Music,6.972574461820883
2024-01-07,Music_noiseWN5,Music,6.928143292701638
2024-01-21,Music_noiseWN5,Music,7.531524525411708
2024-02-04,Music_noiseWN5,Music,14.682267614351883
2024-02-18,Music_noiseWN5,Music,7.721205809083878
2024-03-03,Music_noiseWN5,Music,3.535060188256108
2024-03-17,Music_noiseWN5,Music,10.784523009730144
2024-03-31,Music_noiseWN5,Music,12.136822933547844
2024-04-14,Music_noiseWN5,Music,0.0
2024-04-28,Music_noiseWN5,Music,8.584400419099149
2024-05-12,Music_noiseWN5,Music,9.20703645386539
2024-05-26,Music_noiseWN5,Music,3.2146189798400484
2024-06-09,Music_noiseWN5,Music,13.254240879869716
2024-06-23,Music_noiseWN5,Music,4.09966647780484
2024-07-07,Music_noiseWN5,Music,5.753458720829253
2024-07-21,Music_noiseWN5,Music,3.961569054296782
2024-08-04,Music_noiseWN5,Music,5.0934742854888055
2024-08-18,Music_noiseWN5,Music,0.0
2024-09-01,Music_noiseWN5,Music,0.0
2024-09-15,Music_noiseWN5,Music,14.567030379349834
2024-09-29,Music_noiseWN5,Music,0.0
2024-10-13,Music_noiseWN5,Music,0.0
2024-10-27,Music_noiseWN5,Music,0.0
2024-11-10,Music_noiseWN5,Music,1.1662295138629868
2024-11-24,Music_noiseWN5,Music,0.0
2024-12-08,Music_noiseWN5,Music,14.852090960818215
2024-12-22,Music_noiseWN5,Music,11.058902536055804
2025-01-05,Music_noiseWN5,Music,0.8710979289336578
2025-01-19,Music_noiseWN5,Music,18.514614832065853
2025-02-02,Music_noiseWN5,Music,10.890592921949565
2025-02-16,Music_noiseWN5,Music,3.0510116989482654
2025-03-02,Music_noiseWN5,Music,0.0
2025-03-16,Music_noiseWN5,Music,18.74565543554445
2025-03-30,Music_noiseWN5,Music,0.0
2025-04-13,Music_noiseWN5,Music,0.0
2025-04-27,Music_noiseWN5,Music,11.135422592057841
2025-05-11,Music_noiseWN5,Music,19.638514438035635
2025-05-25,Music_noiseWN5,Music,13.30563691106311
2025-06-08,Music_noiseWN5,Music,8.383454720314157
2025-06-22,Music_noiseWN5,Music,8.568526049991716
2025-07-06,Music_noiseWN5,Music,10.120493352681846
2024-01-07,Music_noiseWN6,Music,9.55357153872059
2024-01-21,Music_noiseWN6,Music,6.687148543816255
2024-02-04,Music_noiseWN6,Music,5.625206623711256
2024-02-18,Music_noiseWN6,Music,4.624441232602866
2024-03-03,Music_noiseWN6,Music,0.4762124667999421
2024-03-17,Music_noiseWN6,Music,3.3159495387993556
2024-03-31,Music_noiseWN6,Music,0.0
2024-04-14,Music_noiseWN6,Music,4.4099622392315005
2024-04-28,Music_noiseWN6,Music,0.0
2024-05-12,Music_noiseWN6,Music,0.0
2024-05-26,Music_noiseWN6,Music,6.079364906920871
2024-06-09,Music_noiseWN6,Music,13.352013718067596
2024-06-23,Music_noiseWN6,Music,10.509899636013877
2024-07-07,Music_noiseWN6,Music,0.0
2024-07-21,Music_noiseWN6,Music,0.0
2024-08-04,Music_noiseWN6,Music,10.644627127929295
2024-08-18,Music_noiseWN6,Music,0.0
2024-09-01,Music_noiseWN6,Music,3.6522011000178525
2024-09-15,Music_noiseWN6,Music,8.30031259414731
2024-09-29,Music_noiseWN6,Music,0.0
2024-10-13,Music_noiseWN6,Music,5.63225303687576
2024-10-27,Music_noiseWN6,Music,0.0
2024-11-10,Music_noiseWN6,Music,1.391794136292718
2024-11-24,Music_noiseWN6,Music,6.918691604855222
2024-12-08,Music_noiseWN6,Music,0.0
2024-12-22,Music_noiseWN6,Music,7.642848427762393
2025-01-05,Music_noiseWN6,Music,4.882173206439913
2025-01-19,Music_noiseWN6,Music,8.314939726502887
2025-02-02,Music_noiseWN6,Music,6.343484804387969
2025-02-16,Music_noiseWN6,Music,13.184842579843066
2025-03-02,Music_noiseWN6,Music,5.751347015887443
2025-03-16,Music_noiseWN6,Music,2.4235667532484824
2025-03-30,Music_noiseWN6,Music,5.733785018193703
2025-04-13,Music_noiseWN6,Music,8.259788174218327
2025-04-27,Music_noiseWN6,Music,5.293160421954226
2025-05-11,Music_noiseWN6,Music,5.243550147223294
2025-05-25,Music_noiseWN6,Music,0.7880498731594674
2025-06-08,Music_noiseWN6,Music,1.022594494694311
2025-06-22,Music_noiseWN6,Music,0.0
2025-07-06,Music_noiseWN6,Music,15.497460459121637
2024-01-07,Music_noiseWN7,Music,0.0
2024-01-21,Music_noiseWN7,Music,0.8425688132245561
2024-02-04,Music_noiseWN7,Music,0.6895564065848152
2024-02-18,Music_noiseWN7,Music,10.369546261666647
2024-03-03,Music_noiseWN7,Music,3.2303019302478333
2024-03-17,Music_noiseWN7,Music,12.486452436042402
2024-03-31,Music_noiseWN7,Music,0.9590562545367884
2024-04-14,Music_noiseWN7,Music,6.673964973342812
2024-04-28,Music_noiseWN7,Music,0.0
2024-05-12,Music_noiseWN7,Music,17.87089476664033
2024-05-26,Music_noiseWN7,Music,0.0
2024-06-09,Music_noiseWN7,Music,6.858924261362165
2024-06-23,Music_noiseWN7,Music,8.802661285592592
2024-07-07,Music_noiseWN7,Music,7.482794584708989
2024-07-21,Music_noiseWN7,Music,3.88827404673375
2024-08-04,Music_noiseWN7,Music,4.221075801599443
2024-08-18,Music_noiseWN7,Music,5.262868831874657
2024-09-01,Music_noiseWN7,Music,4.117987990229068
2024-09-15,Music_noiseWN7,Music,10.783274700769457
2024-09-29,Music_noiseWN7,Music,18.263138009548108
2024-10-13,Music_noiseWN7,Music,1.6550492899529985
2024-10-27,Music_noiseWN7,Music,0.0
2024-11-10,Music_noiseWN7,Music,4.470307709892471
2024-11-24,Music_noiseWN7,Music,20.478256025925912
2024-12-08,Music_noiseWN7,Music,0.1779525921816152
2024-12-22,Music_noiseWN7,Music,14.834700832664405
2025-01-05,Music_noiseWN7,Music,15.066204884458644
2025-01-19,Music_noiseWN7,Music,1.6784705497520322
2025-02-02,Music_noiseWN7,Music,8.413898475111651
2025-02-16,Music_noiseWN7,Music,14.77037973877123
2025-03-02,Music_noiseWN7,Music,2.7252335540750776
2025-03-16,Music_noiseWN7,Music,3.778517839385829
2025-03-30,Music_noiseWN7,Music,1.5099145163081378
2025-04-13,Music_noiseWN7,Music,0.0
2025-04-27,Music_noiseWN7,Music,1.1043347296039574
2025-05-11,Music_noiseWN7,Music,0.0
2025-05-25,Music_noiseWN7,Music,5.204500809555356
2025-06-08,Music_noiseWN7,Music,0.38016061364814924
2025-06-22,Music_noiseWN7,Music,6.402715470744486
2025-07-06,Music_noiseWN7,Music,0.0
2024-01-07,Music_noiseWN8,Music,6.985281393286742
2024-01-21,Music_noiseWN8,Music,10.001173769653548
2024-02-04,Music_noiseWN8,Music,0.0
2024-02-18,Music_noiseWN8,Music,7.244339419085433
2024-03-03,Music_noiseWN8,Music,12.366013954839753
2024-03-17,Music_noiseWN8,Music,0.0
2024-03-31,Music_noiseWN8,Music,15.03543432102622
2024-04-14,Music_noiseWN8,Music,7.514114056196271
2024-04-28,Music_noiseWN8,Music,0.7699288654495469
2024-05-12,Music_noiseWN8,Music,4.6653855340537635
2024-05-26,Music_noiseWN8,Music,8.349961475130335
2024-06-09,Music_noiseWN8,Music,5.456032348474469
2024-06-23,Music_noiseWN8,Music,8.232535954678216
2024-07-07,Music_noiseWN8,Music,0.0
2024-07-21,Music_noiseWN8,Music,6.016164944216468
2024-08-04,Music_noiseWN8,Music,0.0
2024-08-18,Music_noiseWN8,Music,4.332643631907798
2024-09-01,Music_noiseWN8,Music,0.0
2024-09-15,Music_noiseWN8,Music,0.5868203444614011
2024-09-29,Music_noiseWN8,Music,12.416559051262624
2024-10-13,Music_noiseWN8,Music,11.547860723565615
2024-10-27,Music_noiseWN8,Music,8.654828725443062
2024-11-10,Music_noiseWN8,Music,0.0
2024-11-24,Music_noiseWN8,Music,3.1015493018311884
2024-12-08,Music_noiseWN8,Music,12.2785861998751
2024-12-22,Music_noiseWN8,Music,5.850301481839429
2025-01-05,Music_noiseWN8,Music,18.915977239890164
2025-01-19,Music_noiseWN8,Music,7.359907036366231
2025-02-02,Music_noiseWN8,Music,6.15229469894019
2025-02-16,Music_noiseWN8,Music,3.1453012147849915
2025-03-02,Music_noiseWN8,Music,5.801245428693694
2025-03-16,Music_noiseWN8,Music,4.085180981716737
2025-03-30,Music_noiseWN8,Music,9.248652060131542
2025-04-13,Music_noiseWN8,Music,10.740213900767504
2025-04-27,Music_noiseWN8,Music,0.28406323695230284
2025-05-11,Music_noiseWN8,Music,0.0
2025-05-25,Music_noiseWN8,Music,0.0
2025-06-08,Music_noiseWN8,Music,8.047947961475263
2025-06-22,Music_noiseWN8,Music,0.0
2025-07-06,Music_noiseWN8,Music,0.0
2024-01-07,Music_noiseSD1,Music,22.191805958130733
2024-01-21,Music_noiseSD1,Music,30.91243288330706
2024-02-04,Music_noiseSD1,Music,13.7507006966775
2024-02-18,Music_noiseSD1,Music,37.31002389351228
2024-03-03,Music_noiseSD1,Music,20.90976928478996
2024-03-17,Music_noiseSD1,Music,45.16921626913157
2024-03-31,Music_noiseSD1,Music,73.1514441284665
2024-04-14,Music_noiseSD1,Music,94.08394763718927
2024-04-28,Music_noiseSD1,Music,362.2383536119238
2024-05-12,Music_noiseSD1,Music,211.18719454909186
2024-05-26,Music_noiseSD1,Music,121.99992202285276
2024-06-09,Music_noiseSD1,Music,87.76723336150765
2024-06-23,Music_noiseSD1,Music,63.82905356743365
2024-07-07,Music_noiseSD1,Music,41.64088694693963
2024-07-21,Music_noiseSD1,Music,32.07129694352535
2024-08-04,Music_noiseSD1,Music,24.672852416677294
2024-08-18,Music_noiseSD1,Music,23.820704844023535
2024-09-01,Music_noiseSD1,Music,23.279769011511494
2024-09-15,Music_noiseSD1,Music,18.31584846095972
2024-09-29,Music_noiseSD1,Music,19.992389763502665
2024-10-13,Music_noiseSD1,Music,2.4774455221125056
2024-10-27,Music_noiseSD1,Music,11.818254929421801
2024-11-10,Music_noiseSD1,Music,6.023622891695936
2024-11-24,Music_noiseSD1,Music,13.159890262724
2024-12-08,Music_noiseSD1,Music,12.370123139174039
2024-12-22,Music_noiseSD1,Music,9.342891616677184
2025-01-05,Music_noiseSD1,Music,12.557572038454344
2025-01-19,Music_noiseSD1,Music,15.000349638963954
2025-02-02,Music_noiseSD1,Music,8.216477424947968
2025-02-16,Music_noiseSD1,Music,1.876605414102924
2025-03-02,Music_noiseSD1,Music,0.0
2025-03-16,Music_noiseSD1,Music,7.718484468828523
2025-03-30,Music_noiseSD1,Music,8.652306167304845
2025-04-13,Music_noiseSD1,Music,1.1066043835280235
2025-04-27,Music_noiseSD1,Music,11.021674464938119
2025-05-11,Music_noiseSD1,Music,3.675076886259537
2025-05-25,Music_noiseSD1,Music,0.0
2025-06-08,Music_noiseSD1,Music,13.538708836650397
2025-06-22,Music_noiseSD1,Music,12.670434190533895
2025-07-06,Music_noiseSD1,Music,0.0
2024-01-07,Music_noiseSD2,Music,21.582285184508056
2024-01-21,Music_noiseSD2,Music,29.624058262785333
2024-02-04,Music_noiseSD2,Music,32.618105835441945
2024-02-18,Music_noiseSD2,Music,42.5344130622049
2024-03-03,Music_noiseSD2,Music,57.79665470427004
2024-03-17,Music_noiseSD2,Music,85.75945945669093
2024-03-31,Music_noiseSD2,Music,361.81469828616076
2024-04-14,Music_noiseSD2,Music,195.40794782775032
2024-04-28,Music_noiseSD2,Music,126.31241969363323
2024-05-12,Music_noiseSD2,Music,80.79103873847095
2024-05-26,Music_noiseSD2,Music,51.15455922428354
2024-06-09,Music_noiseSD2,Music,50.24991124785678
2024-06-23,Music_noiseSD2,Music,37.67311993107368
2024-07-07,Music_noiseSD2,Music,41.667621428803365
2024-07-21,Music_noiseSD2,Music,17.032977959982603
2024-08-04,Music_noiseSD2,Music,18.74585645289143
2024-08-18,Music_noiseSD2,Music,16.805421938336913
2024-09-01,Music_noiseSD2,Music,21.67183548861632
2024-09-15,Music_noiseSD2,Music,11.24968187315814
2024-09-29,Music_noiseSD2,Music,6.1015107868236935
2024-10-13,Music_noiseSD2,Music,19.410994604565825
2024-10-27,Music_noiseSD2,Music,9.449655011059242
2024-11-10,Music_noiseSD2,Music,15.920479625496357
2024-11-24,Music_noiseSD2,Music,14.609814711175183
2024-12-08,Music_noiseSD2,Music,9.31655513184812
2024-12-22,Music_noiseSD2,Music,7.967591099171299
2025-01-05,Music_noiseSD2,Music,6.230211720806992
2025-01-19,Music_noiseSD2,Music,8.0956159700812
2025-02-02,Music_noiseSD2,Music,13.007694619687769
2025-02-16,Music_noiseSD2,Music,2.7231823304902765
2025-03-02,Music_noiseSD2,Music,7.8541797394783215
2025-03-16,Music_noiseSD2,Music,0.2119591514550514
2025-03-30,Music_noiseSD2,Music,0.7024361277067674
2025-04-13,Music_noiseSD2,Music,6.2431842182732336
2025-04-27,Music_noiseSD2,Music,0.0
2025-05-11,Music_noiseSD2,Music,18.363442482275573
2025-05-25,Music_noiseSD2,Music,0.0
2025-06-08,Music_noiseSD2,Music,5.384502321105207
2025-06-22,Music_noiseSD2,Music,12.463872041778092
2025-07-06,Music_noiseSD2,Music,0.11669790064190977
2024-01-07,Music_noiseSD3,Music,16.50299213227934
2024-01-21,Music_noiseSD3,Music,22.235560845699528
2024-02-04,Music_noiseSD3,Music,14.521067055369755
2024-02-18,Music_noiseSD3,Music,24.156925688381193
2024-03-03,Music_noiseSD3,Music,21.748699539270838
2024-03-17,Music_noiseSD3,Music,18.115908217177317
2024-03-31,Music_noiseSD3,Music,24.52745759890668
2024-04-14,Music_noiseSD3,Music,27.721455960118547
2024-04-28,Music_noiseSD3,Music,35.47417045310114
2024-05-12,Music_noiseSD3,Music,45.916307395318974
2024-05-26,Music_noiseSD3,Music,63.52919960983114
2024-06-09,Music_noiseSD3,Music,93.05200949752282
2024-06-23,Music_noiseSD3,Music,345.4097185724271
2024-07-07,Music_noiseSD3,Music,198.59166961564185
2024-07-21,Music_noiseSD3,Music,117.16176793041905
2024-08-04,Music_noiseSD3,Music,83.5090653119134
2024-08-18,Music_noiseSD3,Music,59.61761345572477
2024-09-01,Music_noiseSD3,Music,50.63218990081004
2024-09-15,Music_noiseSD3,Music,34.49526521790063
2024-09-29,Music_noiseSD3,Music,29.49083712607689
2024-10-13,Music_noiseSD3,Music,28.055153283916727
2024-10-27,Music_noiseSD3,Music,27.366132935799413
2024-11-10,Music_noiseSD3,Music,16.838383283330284
2024-11-24,Music_noiseSD3,Music,16.300695509005983
2024-12-08,Music_noiseSD3,Music,14.352469051407313
2024-12-22,Music_noiseSD3,Music,9.872168125292363
2025-01-05,Music_noiseSD3,Music,7.549447413145475
2025-01-19,Music_noiseSD3,Music,0.0
2025-02-02,Music_noiseSD3,Music,4.188652959994121
2025-02-16,Music_noiseSD3,Music,0.0
2025-03-02,Music_noiseSD3,Music,17.02708888198143
2025-03-16,Music_noiseSD3,Music,10.143969379164357
2025-03-30,Music_noiseSD3,Music,7.823966721104816
2025-04-13,Music_noiseSD3,Music,3.8818636262146455
2025-04-27,Music_noiseSD3,Music,8.007768842071727
2025-05-11,Music_noiseSD3,Music,2.413944150915749
2025-05-25,Music_noiseSD3,Music,8.245217297947221
2025-06-08,Music_noiseSD3,Music,8.398151618176017
2025-06-22,Music_noiseSD3,Music,1.4987713118194614
2025-07-06,Music_noiseSD3,Music,1.1460464122725424
2024-01-07,Music_noiseSD4,Music,15.592469489632503
2024-01-21,Music_noiseSD4,Music,26.836167915560353
2024-02-04,Music_noiseSD4,Music,11.138890617719142
2024-02-18,Music_noiseSD4,Music,21.930677132123787
2024-03-03,Music_noiseSD4,Music,18.34207874938251
2024-03-17,Music_noiseSD4,Music,21.611553673179543
2024-03-31,Music_noiseSD4,Music,31.67081055847519
2024-04-14,Music_noiseSD4,Music,28.761300252023457
2024-04-28,Music_noiseSD4,Music,33.2297764742978
2024-05-12,Music_noiseSD4,Music,42.435044023858815
2024-05-26,Music_noiseSD4,Music,42.81028362274269
2024-06-09,Music_noiseSD4,Music,54.964741995965966
2024-06-23,Music_noiseSD4,Music,83.7311448358738
2024-07-07,Music_noiseSD4,Music,348.20186046374397
2024-07-21,Music_noiseSD4,Music,211.51276152791596
2024-08-04,Music_noiseSD4,Music,119.59904921652952
2024-08-18,Music_noiseSD4,Music,83.83590708520273
2024-09-01,Music_noiseSD4,Music,58.69947118325677
2024-09-15,Music_noiseSD4,Music,46.61973993915639
2024-09-29,Music_noiseSD4,Music,39.57038129573701
2024-10-13,Music_noiseSD4,Music,33.0983699461758
2024-10-27,Music_noiseSD4,Music,19.798350368558523
2024-11-10,Music_noiseSD4,Music,18.996889094165144
2024-11-24,Music_noiseSD4,Music,19.271946526401546
2024-12-08,Music_noiseSD4,Music,14.243472101822249
2024-12-22,Music_noiseSD4,Music,23.936402694073745
2025-01-05,Music_noiseSD4,Music,16.07361162170833
2025-01-19,Music_noiseSD4,Music,16.57340547009872
2025-02-02,Music_noiseSD4,Music,15.326842798631086
2025-02-16,Music_noiseSD4,Music,17.68946171205205
2025-03-02,Music_noiseSD4,Music,11.122753658644157
2025-03-16,Music_noiseSD4,Music,1.714906287526837
2025-03-30,Music_noiseSD4,Music,11.411601039895636
2025-04-13,Music_noiseSD4,Music,4.671459196034844
2025-04-27,Music_noiseSD4,Music,5.015074652202594
2025-05-11,Music_noiseSD4,Music,11.347277375194544
2025-05-25,Music_noiseSD4,Music,14.931521845449566
2025-06-08,Music_noiseSD4,Music,7.328735418639969
2025-06-22,Music_noiseSD4,Music,8.77674579624168
2025-07-06,Music_noiseSD4,Music,16.880363193771352
2024-01-07,Music_noiseSD5,Music,9.254181205761533
2024-01-21,Music_noiseSD5,Music,14.066027613380669
2024-02-04,Music_noiseSD5,Music,6.601019993985192
2024-02-18,Music_noiseSD5,Music,0.6686121962443297
2024-03-03,Music_noiseSD5,Music,4.928340152715933
2024-03-17,Music_noiseSD5,Music,12.312142051364656
2024-03-31,Music_noiseSD5,Music,7.666056702998606
2024-04-14,Music_noiseSD5,Music,0.0
2024-04-28,Music_noiseSD5,Music,10.502939924279197
2024-05-12,Music_noiseSD5,Music,11.817188814305991
2024-05-26,Music_noiseSD5,Music,5.368128683292397
2024-06-09,Music_noiseSD5,Music,11.487553210150214
2024-06-23,Music_noiseSD5,Music,9.651929754580985
2024-07-07,Music_noiseSD5,Music,7.386851339576336
2024-07-21,Music_noiseSD5,Music,1.2387855384380178
2024-08-04,Music_noiseSD5,Music,15.941407581160862
2024-08-18,Music_noiseSD5,Music,14.555265999519
2024-09-01,Music_noiseSD5,Music,14.091553060369522
2024-09-15,Music_noiseSD5,Music,20.517156022068562
2024-09-29,Music_noiseSD5,Music,17.67116236208156
2024-10-13,Music_noiseSD5,Music,16.976538894052233
2024-10-27,Music_noiseSD5,Music,0.5667897579928596
2024-11-10,Music_noiseSD5,Music,22.181369710814494
2024-11-24,Music_noiseSD5,Music,16.862119449328667
2024-12-08,Music_noiseSD5,Music,19.87495008154283
2024-12-22,Music_noiseSD5,Music,21.915999138160316
2025-01-05,Music_noiseSD5,Music,27.142996461853677
2025-01-19,Music_noiseSD5,Music,32.447335887095825
2025-02-02,Music_noiseSD5,Music,33.80544685835533
2025-02-16,Music_noiseSD5,Music,38.85171353591935
2025-03-02,Music_noiseSD5,Music,46.389076435773426
2025-03-16,Music_noiseSD5,Music,39.89033689857193
2025-03-30,Music_noiseSD5,Music,88.27445388329888
2025-04-13,Music_noiseSD5,Music,354.3504628958961
2025-04-27,Music_noiseSD5,Music,206.43995598190853
2025-05-11,Music_noiseSD5,Music,129.93252260057739
2025-05-25,Music_noiseSD5,Music,82.41460690343496
2025-06-08,Music_noiseSD5,Music,58.214047888974825
2025-06-22,Music_noiseSD5,Music,42.41141157248725
2025-07-06,Music_noiseSD5,Music,32.20500109458771
2024-01-07,Music_noiseSD6,Music,11.086699061266366
2024-01-21,Music_noiseSD6,Music,5.5736624839921936
2024-02-04,Music_noiseSD6,Music,24.535509140773655
2024-02-18,Music_noiseSD6,Music,10.223896636020612
2024-03-03,Music_noiseSD6,Music,13.615836994083631
2024-03-17,Music_noiseSD6,Music,9.718529521370884
2024-03-31,Music_noiseSD6,Music,26.16789358341837
2024-04-14,Music_noiseSD6,Music,27.683324240172823
2024-04-28,Music_noiseSD6,Music,27.78557508757764
2024-05-12,Music_noiseSD6,Music,25.738642090085733
2024-05-26,Music_noiseSD6,Music,18.751262718395687
2024-06-09,Music_noiseSD6,Music,30.681386290060225
2024-06-23,Music_noiseSD6,Music,29.957743206451585
2024-07-07,Music_noiseSD6,Music,43.87445173045579
2024-07-21,Music_noiseSD6,Music,51.69541232019217
2024-08-04,Music_noiseSD6,Music,56.104406531544456
2024-08-18,Music_noiseSD6,Music,95.68695481702329
2024-09-01,Music_noiseSD6,Music,364.09220670026355
2024-09-15,Music_noiseSD6,Music,182.53414157079334
2024-09-29,Music_noiseSD6,Music,131.0239192486364
2024-10-13,Music_noiseSD6,Music,82.57265409487613
2024-10-27,Music_noiseSD6,Music,55.04409625660025
2024-11-10,Music_noiseSD6,Music,39.715736126539326
2024-11-24,Music_noiseSD6,Music,33.86450064670904
2024-12-08,Music_noiseSD6,Music,30.81588649653743
2024-12-22,Music_noiseSD6,Music,15.104042866819071
2025-01-05,Music_noiseSD6,Music,21.1387063941584
2025-01-19,Music_noiseSD6,Music,21.03701522063018
2025-02-02,Music_noiseSD6,Music,26.906453560941323
2025-02-16,Music_noiseSD6,Music,7.83218822260301
2025-03-02,Music_noiseSD6,Music,11.030088791211998
2025-03-16,Music_noiseSD6,Music,13.734116589978687
2025-03-30,Music_noiseSD6,Music,18.234011167776245
2025-04-13,Music_noiseSD6,Music,8.823275280109215
2025-04-27,Music_noiseSD6,Music,17.228472538368223
2025-05-11,Music_noiseSD6,Music,0.0
2025-05-25,Music_noiseSD6,Music,1.4933841706484712
2025-06-08,Music_noiseSD6,Music,10.671466624791142
2025-06-22,Music_noiseSD6,Music,0.0
2025-07-06,Music_noiseSD6,Music,0.7822701020636824
2024-01-07,Music_noiseSD7,Music,14.307941859497024
2024-01-21,Music_noiseSD7,Music,20.641519655384556
2024-02-04,Music_noiseSD7,Music,21.328750110503748
2024-02-18,Music_noiseSD7,Music,16.40936102084603
2024-03-03,Music_noiseSD7,Music,9.356668721934081
2024-03-17,Music_noiseSD7,Music,6.040743307069091
2024-03-31,Music_noiseSD7,Music,6.598769739785345
2024-04-14,Music_noiseSD7,Music,0.0
2024-04-28,Music_noiseSD7,Music,22.16313457804753
2024-05-12,Music_noiseSD7,Music,19.382986878653604
2024-05-26,Music_noiseSD7,Music,27.955296998718765
2024-06-09,Music_noiseSD7,Music,34.28247462569444
2024-06-23,Music_noiseSD7,Music,30.599433263414458
2024-07-07,Music_noiseSD7,Music,36.8757696582789
2024-07-21,Music_noiseSD7,Music,42.214077933015204
2024-08-04,Music_noiseSD7,Music,57.92349349696555
2024-08-18,Music_noiseSD7,Music,94.3708194748376
2024-09-01,Music_noiseSD7,Music,358.95374981780816
2024-09-15,Music_noiseSD7,Music,197.26147274775707
2024-09-29,Music_noiseSD7,Music,126.10839825420251
2024-10-13,Music_noiseSD7,Music,90.4814100030869
2024-10-27,Music_noiseSD7,Music,56.20438163560968
2024-11-10,Music_noiseSD7,Music,44.376128646989585
2024-11-24,Music_noiseSD7,Music,36.14762504717181
2024-12-08,Music_noiseSD7,Music,34.896860437528765
2024-12-22,Music_noiseSD7,Music,21.86103433917564
2025-01-05,Music_noiseSD7,Music,15.692679060573283
2025-01-19,Music_noiseSD7,Music,14.670301157837615
2025-02-02,Music_noiseSD7,Music,22.053963457015808
2025-02-16,Music_noiseSD7,Music,26.49216102957458
2025-03-02,Music_noiseSD7,Music,5.245215029762624
2025-03-16,Music_noiseSD7,Music,5.592329063380671
2025-03-30,Music_noiseSD7,Music,10.336774466413738
2025-04-13,Music_noiseSD7,Music,11.31435514354836
2025-04-27,Music_noiseSD7,Music,14.758441699751888
2025-05-11,Music_noiseSD7,Music,4.149099923652999
2025-05-25,Music_noiseSD7,Music,2.6348191094830016
2025-06-08,Music_noiseSD7,Music,9.408123477587598
2025-06-22,Music_noiseSD7,Music,6.636370421458126
2025-07-06,Music_noiseSD7,Music,13.389419249293132
2024-01-07,Music_noiseSD8,Music,0.0
2024-01-21,Music_noiseSD8,Music,2.825683935922231
2024-02-04,Music_noiseSD8,Music,10.9724846294551
2024-02-18,Music_noiseSD8,Music,0.0
2024-03-03,Music_noiseSD8,Music,8.428014259666442
2024-03-17,Music_noiseSD8,Music,0.0
2024-03-31,Music_noiseSD8,Music,9.998579894601159
2024-04-14,Music_noiseSD8,Music,7.286151106215098
2024-04-28,Music_noiseSD8,Music,0.0
2024-05-12,Music_noiseSD8,Music,15.17025430856121
2024-05-26,Music_noiseSD8,Music,4.163879110640276
2024-06-09,Music_noiseSD8,Music,4.138485377913714
2024-06-23,Music_noiseSD8,Music,10.677099393911972
2024-07-07,Music_noiseSD8,Music,16.891824096572293
2024-07-21,Music_noiseSD8,Music,4.493304380247265
2024-08-04,Music_noiseSD8,Music,11.62007909908783
2024-08-18,Music_noiseSD8,Music,14.572899001983437
2024-09-01,Music_noiseSD8,Music,17.01577650072172
2024-09-15,Music_noiseSD8,Music,14.904803177817199
2024-09-29,Music_noiseSD8,Music,12.797832965500067
2024-10-13,Music_noiseSD8,Music,11.398095039744046
2024-10-27,Music_noiseSD8,Music,18.51686329827825
2024-11-10,Music_noiseSD8,Music,13.567165928086359
2024-11-24,Music_noiseSD8,Music,4.971897099032354
2024-12-08,Music_noiseSD8,Music,28.33364453923172
2024-12-22,Music_noiseSD8,Music,35.42360904651717
2025-01-05,Music_noiseSD8,Music,21.82240538674897
2025-01-19,Music_noiseSD8,Music,38.94161577174037
2025-02-02,Music_noiseSD8,Music,63.714925566031184
2025-02-16,Music_noiseSD8,Music,102.3449728182702
2025-03-02,Music_noiseSD8,Music,360.12476224605246
2025-03-16,Music_noiseSD8,Music,194.8075011008992
2025-03-30,Music_noiseSD8,Music,125.12092076423058
2025-04-13,Music_noiseSD8,Music,93.41268734160647
2025-04-27,Music_noiseSD8,Music,56.48456590784308
2025-05-11,Music_noiseSD8,Music,39.98014771240026
2025-05-25,Music_noiseSD8,Music,31.77949688740903
2025-06-08,Music_noiseSD8,Music,22.215557366465056
2025-06-22,Music_noiseSD8,Music,24.032836895940925
2025-07-06,Music_noiseSD8,Music,29.747690127700977
2024-01-07,Tech_core1,Tech,220.1292317092464
2024-01-21,Tech_core1,Tech,246.12018892505256
2024-02-04,Tech_core1,Tech,246.03898053828325
2024-02-18,Tech_core1,Tech,229.21901863067188
2024-03-03,Tech_core1,Tech,230.1321135849558
2024-03-17,Tech_core1,Tech,255.96886512119488
2024-03-31,Tech_core1,Tech,282.1489383604668
2024-04-14,Tech_core1,Tech,283.4329480729874
2024-04-28,Tech_core1,Tech,265.9637961174968
2024-05-12,Tech_core1,Tech,265.47815325405884
2024-05-26,Tech_core1,Tech,291.8294569615178
2024-06-09,Tech_core1,Tech,318.68050860958175
2024-06-23,Tech_core1,Tech,318.20101321006456
2024-07-07,Tech_core1,Tech,301.26898376282367
2024-07-21,Tech_core1,Tech,302.146561247927
2024-08-04,Tech_core1,Tech,327.7327423657844
2024-08-18,Tech_core1,Tech,354.9704494363901
2024-09-01,Tech_core1,Tech,354.5877242721353
2024-09-15,Tech_core1,Tech,337.6653661958871
2024-09-29,Tech_core1,Tech,338.291276218791
2024-10-13,Tech_core1,Tech,364.027142204211
2024-10-27,Tech_core1,Tech,390.562239795952
2024-11-10,Tech_core1,Tech,390.3495981727673
2024-11-24,Tech_core1,Tech,373.5057522921542
2024-12-08,Tech_core1,Tech,373.52144974116993
2024-12-22,Tech_core1,Tech,400.4119843270325
2025-01-05,Tech_core1,Tech,426.0872201930605
2025-01-19,Tech_core1,Tech,425.9942456605527
2025-02-02,Tech_core1,Tech,409.46224592241083
2025-02-16,Tech_core1,Tech,409.9483093003343
2025-03-02,Tech_core1,Tech,436.8250099676972
2025-03-16,Tech_core1,Tech,461.7941171602014
2025-03-30,Tech_core1,Tech,462.1653928285186
2025-04-13,Tech_core1,Tech,446.4091831763168
2025-04-27,Tech_core1,Tech,445.74701311759867
2025-05-11,Tech_core1,Tech,472.18094871849985
2025-05-25,Tech_core1,Tech,497.79617291464433
2025-06-08,Tech_core1,Tech,498.32702788473256
2025-06-22,Tech_core1,Tech,481.7694372481488
2025-07-06,Tech_core1,Tech,482.1731616723689
2024-01-07,Tech_core2,Tech,220.4749544206259
2024-01-21,Tech_core2,Tech,245.5563335324962
2024-02-04,Tech_core2,Tech,251.9523613449742
2024-02-18,Tech_core2,Tech,241.73031852663286
2024-03-03,Tech_core2,Tech,231.55724564494218
2024-03-17,Tech_core2,Tech,238.53822540718696
2024-03-31,Tech_core2,Tech,263.3353935373847
2024-04-14,Tech_core2,Tech,287.6023475116332
2024-04-28,Tech_core2,Tech,294.9878924661967
2024-05-12,Tech_core2,Tech,285.3270390142432
2024-05-26,Tech_core2,Tech,274.27687489819937
2024-06-09,Tech_core2,Tech,282.3354433487628
2024-06-23,Tech_core2,Tech,306.92684602693595
2024-07-07,Tech_core2,Tech,330.8732806648924
2024-07-21,Tech_core2,Tech,337.27176611608536
2024-08-04,Tech_core2,Tech,327.75687120516227
2024-08-18,Tech_core2,Tech,318.3982897429357
2024-09-01,Tech_core2,Tech,325.0703446993916
2024-09-15,Tech_core2,Tech,349.20027910708205
2024-09-29,Tech_core2,Tech,373.91859810719745
2024-10-13,Tech_core2,Tech,381.6567560862906
2024-10-27,Tech_core2,Tech,371.4186934272806
2024-11-10,Tech_core2,Tech,360.9839190846434
2024-11-24,Tech_core2,Tech,368.13276215958535
2024-12-08,Tech_core2,Tech,392.6432967403825
2024-12-22,Tech_core2,Tech,416.9515440018894
2025-01-05,Tech_core2,Tech,425.1666583514766
2025-01-19,Tech_core2,Tech,414.2710718123154
2025-02-02,Tech_core2,Tech,404.76635533264147
2025-02-16,Tech_core2,Tech,412.0880183450802
2025-03-02,Tech_core2,Tech,436.3993243592591
2025-03-16,Tech_core2,Tech,460.34785995060156
2025-03-30,Tech_core2,Tech,467.8820001118234
2025-04-13,Tech_core2,Tech,457.5903217574436
2025-04-27,Tech_core2,Tech,447.11801118001915
2025-05-11,Tech_core2,Tech,454.80923563699986
2025-05-25,Tech_core2,Tech,478.728384083536
2025-06-08,Tech_core2,Tech,504.1955798310734
2025-06-22,Tech_core2,Tech,510.73466115676945
2025-07-06,Tech_core2,Tech,500.88046386234925
2024-01-07,Tech_core3,Tech,220.11331514861845
2024-01-21,Tech_core3,Tech,237.09643801051837
2024-02-04,Tech_core3,Tech,251.95518559627888
2024-02-18,Tech_core3,Tech,261.410038537351
2024-03-03,Tech_core3,Tech,266.4690269946717
2024-03-17,Tech_core3,Tech,265.4616081279013
2024-03-31,Tech_core3,Tech,263.25055183181854
2024-04-14,Tech_core3,Tech,261.1755715996233
2024-04-28,Tech_core3,Tech,259.879359394469
2024-05-12,Tech_core3,Tech,264.5289020117901
2024-05-26,Tech_core3,Tech,274.88505506417476
2024-06-09,Tech_core3,Tech,289.27183271277585
2024-06-23,Tech_core3,Tech,306.5402520397094
2024-07-07,Tech_core3,Tech,323.7956748520591
2024-07-21,Tech_core3,Tech,338.3743966631135
2024-08-04,Tech_core3,Tech,348.4438799367825
2024-08-18,Tech_core3,Tech,352.6844355384602
2024-09-01,Tech_core3,Tech,352.30349693815253
2024-09-15,Tech_core3,Tech,349.8690294804811
2024-09-29,Tech_core3,Tech,347.5599527739581
2024-10-13,Tech_core3,Tech,346.6264384257582
2024-10-27,Tech_core3,Tech,350.81018827813176
2024-11-10,Tech_core3,Tech,361.52232419202596
2024-11-24,Tech_core3,Tech,375.5518475344186
2024-12-08,Tech_core3,Tech,391.9309321815944
2024-12-22,Tech_core3,Tech,410.33896867086014
2025-01-05,Tech_core3,Tech,424.3063768013073
2025-01-19,Tech_core3,Tech,434.3637866870783
2025-02-02,Tech_core3,Tech,439.05330020791644
2025-02-16,Tech_core3,Tech,438.87619987191164
2025-03-02,Tech_core3,Tech,436.2837807268557
2025-03-16,Tech_core3,Tech,433.0258054517721
2025-03-30,Tech_core3,Tech,433.2847342435817
2025-04-13,Tech_core3,Tech,437.49618132896643
2025-04-27,Tech_core3,Tech,447.7750161166662
2025-05-11,Tech_core3,Tech,462.24614699360524
2025-05-25,Tech_core3,Tech,478.82582451918216
2025-06-08,Tech_core3,Tech,496.83439284647005
2025-06-22,Tech_core3,Tech,510.70612269764314
2025-07-06,Tech_core3,Tech,521.1232231193125
2024-01-07,Tech_core4,Tech,220.14691492536053
2024-01-21,Tech_core4,Tech,227.93527347071804
2024-02-04,Tech_core4,Tech,234.31061360705127
2024-02-18,Tech_core4,Tech,241.4602732815527
2024-03-03,Tech_core4,Tech,248.79223215764492
2024-03-17,Tech_core4,Tech,255.8787280868663
2024-03-31,Tech_core4,Tech,263.5199767607768
2024-04-14,Tech_core4,Tech,269.75347575662533
2024-04-28,Tech_core4,Tech,277.1785270323415
2024-05-12,Tech_core4,Tech,284.3728788313683
2024-05-26,Tech_core4,Tech,292.3801230367894
2024-06-09,Tech_core4,Tech,299.88424534903277
2024-06-23,Tech_core4,Tech,306.358220312585
2024-07-07,Tech_core4,Tech,313.532471310724
2024-07-21,Tech_core4,Tech,320.82802086524526
2024-08-04,Tech_core4,Tech,328.46475132104325
2024-08-18,Tech_core4,Tech,334.82905874632377
2024-09-01,Tech_core4,Tech,342.49534759309387
2024-09-15,Tech_core4,Tech,349.99007905191297
2024-09-29,Tech_core4,Tech,357.000437667976
2024-10-13,Tech_core4,Tech,364.07583264663947
2024-10-27,Tech_core4,Tech,371.6004184370269
2024-11-10,Tech_core4,Tech,377.3187070828003
2024-11-24,Tech_core4,Tech,385.87115012781237
2024-12-08,Tech_core4,Tech,392.53836972674907
2024-12-22,Tech_core4,Tech,399.2677468412574
2025-01-05,Tech_core4,Tech,407.40448103981004
2025-01-19,Tech_core4,Tech,414.94946341806514
2025-02-02,Tech_core4,Tech,421.5450205941489
2025-02-16,Tech_core4,Tech,429.1811498188812
2025-03-02,Tech_core4,Tech,436.64491130319544
2025-03-16,Tech_core4,Tech,443.7259657814337
2025-03-30,Tech_core4,Tech,451.05598581174854
2025-04-13,Tech_core4,Tech,457.8968509964288
2025-04-27,Tech_core4,Tech,464.83017345556067
2025-05-11,Tech_core4,Tech,471.3592136752411
2025-05-25,Tech_core4,Tech,479.101575004748
2025-06-08,Tech_core4,Tech,486.06270136187356
2025-06-22,Tech_core4,Tech,494.46837708699917
2025-07-06,Tech_core4,Tech,500.7296456750271
2024-01-07,Tech_noiseWN1,Tech,5.7392288407069145
2024-01-21,Tech_noiseWN1,Tech,8.308912256242806
2024-02-04,Tech_noiseWN1,Tech,5.261614678234722
2024-02-18,Tech_noiseWN1,Tech,15.170306242584518
2024-03-03,Tech_noiseWN1,Tech,1.2641038295932883
2024-03-17,Tech_noiseWN1,Tech,6.167644731423456
2024-03-31,Tech_noiseWN1,Tech,0.5451764858117105
2024-04-14,Tech_noiseWN1,Tech,0.0
2024-04-28,Tech_noiseWN1,Tech,1.3293854545682873
2024-05-12,Tech_noiseWN1,Tech,4.7777792177095275
2024-05-26,Tech_noiseWN1,Tech,2.42418665289644
2024-06-09,Tech_noiseWN1,Tech,0.8454741207568643
2024-06-23,Tech_noiseWN1,Tech,0.0
2024-07-07,Tech_noiseWN1,Tech,4.5013665642278315
2024-07-21,Tech_noiseWN1,Tech,0.0
2024-08-04,Tech_noiseWN1,Tech,9.560335782137615
2024-08-18,Tech_noiseWN1,Tech,5.49463851760702
2024-09-01,Tech_noiseWN1,Tech,0.0
2024-09-15,Tech_noiseWN1,Tech,3.1447455377008193
2024-09-29,Tech_noiseWN1,Tech,0.487061566456501
2024-10-13,Tech_noiseWN1,Tech,6.915047062515082
2024-10-27,Tech_noiseWN1,Tech,13.042702676138868
2024-11-10,Tech_noiseWN1,Tech,0.0
2024-11-24,Tech_noiseWN1,Tech,5.690156474884503
2024-12-08,Tech_noiseWN1,Tech,4.039203226600158
2024-12-22,Tech_noiseWN1,Tech,9.028040458702794
2025-01-05,Tech_noiseWN1,Tech,6.279179769426134
2025-01-19,Tech_noiseWN1,Tech,0.4881840095670853
2025-02-02,Tech_noiseWN1,Tech,3.085676386000291
2025-02-16,Tech_noiseWN1,Tech,0.22384485917906538
2025-03-02,Tech_noiseWN1,Tech,11.45604283159159
2025-03-16,Tech_noiseWN1,Tech,5.127869892031653
2025-03-30,Tech_noiseWN1,Tech,16.407144114518044
2025-04-13,Tech_noiseWN1,Tech,4.636035117112275
2025-04-27,Tech_noiseWN1,Tech,0.7495593985372233
2025-05-11,Tech_noiseWN1,Tech,0.0
2025-05-25,Tech_noiseWN1,Tech,0.0
2025-06-08,Tech_noiseWN1,Tech,0.0
2025-06-22,Tech_noiseWN1,Tech,6.602759906068901
2025-07-06,Tech_noiseWN1,Tech,8.052350139379604
2024-01-07,Tech_noiseWN2,Tech,0.0
2024-01-21,Tech_noiseWN2,Tech,10.370229884456693
2024-02-04,Tech_noiseWN2,Tech,2.101633689899363
2024-02-18,Tech_noiseWN2,Tech,5.880758071913296
2024-03-03,Tech_noiseWN2,Tech,14.673323769532546
2024-03-17,Tech_noiseWN2,Tech,10.381035895193191
2024-03-31,Tech_noiseWN2,Tech,3.388816112565006
2024-04-14,Tech_noiseWN2,Tech,0.0
2024-04-28,Tech_noiseWN2,Tech,0.0
2024-05-12,Tech_noiseWN2,Tech,0.6850800845454792
2024-05-26,Tech_noiseWN2,Tech,3.733218567033833
2024-06-09,Tech_noiseWN2,Tech,0.0
2024-06-23,Tech_noiseWN2,Tech,4.212458197446171
2024-07-07,Tech_noiseWN2,Tech,5.461111297752609
2024-07-21,Tech_noiseWN2,Tech,3.6508641091515286
2024-08-04,Tech_noiseWN2,Tech,1.0999845150592416
2024-08-18,Tech_noiseWN2,Tech,6.011928031800366
2024-09-01,Tech_noiseWN2,Tech,7.651643897416454
2024-09-15,Tech_noiseWN2,Tech,0.0
2024-09-29,Tech_noiseWN2,Tech,13.46559427847762
2024-10-13,Tech_noiseWN2,Tech,4.408471206294429
2024-10-27,Tech_noiseWN2,Tech,5.113097737669086
2024-11-10,Tech_noiseWN2,Tech,9.249286539539343
2024-11-24,Tech_noiseWN2,Tech,6.39929678758101
2024-12-08,Tech_noiseWN2,Tech,10.71881980347947
2024-12-22,Tech_noiseWN2,Tech,6.722744991210945
2025-01-05,Tech_noiseWN2,Tech,1.3253757521573726
2025-01-19,Tech_noiseWN2,Tech,7.16902115123661
2025-02-02,Tech_noiseWN2,Tech,0.0
2025-02-16,Tech_noiseWN2,Tech,5.6513582346591384
2025-03-02,Tech_noiseWN2,Tech,4.800620056133235
2025-03-16,Tech_noiseWN2,Tech,3.7512988563647616
2025-03-30,Tech_noiseWN2,Tech,4.228774931366416
2025-04-13,Tech_noiseWN2,Tech,0.0
2025-04-27,Tech_noiseWN2,Tech,1.707650553554231
2025-05-11,Tech_noiseWN2,Tech,5.557069406846688
2025-05-25,Tech_noiseWN2,Tech,5.959138351984402
2025-06-08,Tech_noiseWN2,Tech,0.0
2025-06-22,Tech_noiseWN2,Tech,12.594247045188204
2025-07-06,Tech_noiseWN2,Tech,0.0
2024-01-07,Tech_noiseWN3,Tech,10.81674320316042
2024-01-21,Tech_noiseWN3,Tech,7.563166171230109
2024-02-04,Tech_noiseWN3,Tech,1.122636140937182
2024-02-18,Tech_noiseWN3,Tech,15.651865355657073
2024-03-03,Tech_noiseWN3,Tech,0.0
2024-03-17,Tech_noiseWN3,Tech,10.514925041660009
2024-03-31,Tech_noiseWN3,Tech,11.00349390825787
2024-04-14,Tech_noiseWN3,Tech,0.9762787455401307
2024-04-28,Tech_noiseWN3,Tech,13.354791800385973
2024-05-12,Tech_noiseWN3,Tech,3.4997209124062834
2024-05-26,Tech_noiseWN3,Tech,6.732161775679142
2024-06-09,Tech_noiseWN3,Tech,6.561931032627324
2024-06-23,Tech_noiseWN3,Tech,4.194147551176713
2024-07-07,Tech_noiseWN3,Tech,9.864849638958692
2024-07-21,Tech_noiseWN3,Tech,9.760932323313277
2024-08-04,Tech_noiseWN3,Tech,0.0
2024-08-18,Tech_noiseWN3,Tech,12.826041457268914
2024-09-01,Tech_noiseWN3,Tech,0.0
2024-09-15,Tech_noiseWN3,Tech,11.195277226049944
2024-09-29,Tech_noiseWN3,Tech,11.7602308209655
2024-10-13,Tech_noiseWN3,Tech,0.0
2024-10-27,Tech_noiseWN3,Tech,2.5351142722724913
2024-11-10,Tech_noiseWN3,Tech,0.0
2024-11-24,Tech_noiseWN3,Tech,3.7104738182675883
2024-12-08,Tech_noiseWN3,Tech,3.1517942948855526
2024-12-22,Tech_noiseWN3,Tech,9.677963193616039
2025-01-05,Tech_noiseWN3,Tech,12.861852476717651
2025-01-19,Tech_noiseWN3,Tech,13.374102864739736
2025-02-02,Tech_noiseWN3,Tech,1.626991840530187
2025-02-16,Tech_noiseWN3,Tech,3.7446687575328332
2025-03-02,Tech_noiseWN3,Tech,0.0
2025-03-16,Tech_noiseWN3,Tech,0.16477960102286726
2025-03-30,Tech_noiseWN3,Tech,10.789109798584747
2025-04-13,Tech_noiseWN3,Tech,14.69349694128939
2025-04-27,Tech_noiseWN3,Tech,0.0
2025-05-11,Tech_noiseWN3,Tech,1.4452144450826347
2025-05-25,Tech_noiseWN3,Tech,4.841565458246437
2025-06-08,Tech_noiseWN3,Tech,6.6809669529176405
2025-06-22,Tech_noiseWN3,Tech,0.14237888047012337
2025-07-06,Tech_noiseWN3,Tech,7.544366266784538
2024-01-07,Tech_noiseWN4,Tech,2.1569639175745032
2024-01-21,Tech_noiseWN4,Tech,4.913286374730325
2024-02-04,Tech_noiseWN4,Tech,8.277705488022198
2024-02-18,Tech_noiseWN4,Tech,5.0385336188656265
2024-03-03,Tech_noiseWN4,Tech,2.381684656840588
2024-03-17,Tech_noiseWN4,Tech,4.342341176445015
2024-03-31,Tech_noiseWN4,Tech,4.469822244767988
2024-04-14,Tech_noiseWN4,Tech,2.779933820707234
2024-04-28,Tech_noiseWN4,Tech,3.447223623997386
2024-05-12,Tech_noiseWN4,Tech,14.591883023028302
2024-05-26,Tech_noiseWN4,Tech,8.365516687647432
2024-06-09,Tech_noiseWN4,Tech,3.2271180918250377
2024-06-23,Tech_noiseWN4,Tech,9.181726427064413
2024-07-07,Tech_noiseWN4,Tech,2.9970830614639405
2024-07-21,Tech_noiseWN4,Tech,12.038747825519849
2024-08-04,Tech_noiseWN4,Tech,7.217853153188564
2024-08-18,Tech_noiseWN4,Tech,4.3561871359746265
2024-09-01,Tech_noiseWN4,Tech,7.686301554861666
2024-09-15,Tech_noiseWN4,Tech,0.0
2024-09-29,Tech_noiseWN4,Tech,0.0
2024-10-13,Tech_noiseWN4,Tech,0.0
2024-10-27,Tech_noiseWN4,Tech,5.857658568582241
2024-11-10,Tech_noiseWN4,Tech,15.395089996910551
2024-11-24,Tech_noiseWN4,Tech,18.387800877155794
2024-12-08,Tech_noiseWN4,Tech,8.828306608644542
2024-12-22,Tech_noiseWN4,Tech,8.005066849666742
2025-01-05,Tech_noiseWN4,Tech,0.0
2025-01-19,Tech_noiseWN4,Tech,1.7439572015958698
2025-02-02,Tech_noiseWN4,Tech,0.27329748855056657
2025-02-16,Tech_noiseWN4,Tech,1.2749144104933041
2025-03-02,Tech_noiseWN4,Tech,3.9911370884912625
2025-03-16,Tech_noiseWN4,Tech,2.167456533817236
2025-03-30,Tech_noiseWN4,Tech,0.0
2025-04-13,Tech_noiseWN4,Tech,9.487461536705203
2025-04-27,Tech_noiseWN4,Tech,0.0
2025-05-11,Tech_noiseWN4,Tech,6.435481184666897
2025-05-25,Tech_noiseWN4,Tech,17.44449601849984
2025-06-08,Tech_noiseWN4,Tech,0.0
2025-06-22,Tech_noiseWN4,Tech,0.0
2025-07-06,Tech_noiseWN4,Tech,3.283974668719335
2024-01-07,Tech_noiseWN5,Tech,11.605757809991427
2024-01-21,Tech_noiseWN5,Tech,16.750084725323564
2024-02-04,Tech_noiseWN5,Tech,0.0
2024-02-18,Tech_noiseWN5,Tech,7.98019533941913
2024-03-03,Tech_noiseWN5,Tech,2.20813725931968
2024-03-17,Tech_noiseWN5,Tech,4.364309874175186
2024-03-31,Tech_noiseWN5,Tech,20.86606008210221
2024-04-14,Tech_noiseWN5,Tech,0.0
2024-04-28,Tech_noiseWN5,Tech,6.5224379689674405
2024-05-12,Tech_noiseWN5,Tech,7.8061590305926
2024-05-26,Tech_noiseWN5,Tech,11.514717949636083
2024-06-09,Tech_noiseWN5,Tech,5.587898920825372
2024-06-23,Tech_noiseWN5,Tech,6.848303237024614
2024-07-07,Tech_noiseWN5,Tech,2.6501085954692534
2024-07-21,Tech_noiseWN5,Tech,6.614761647470644
2024-08-04,Tech_noiseWN5,Tech,2.940846347015537
2024-08-18,Tech_noiseWN5,Tech,8.729431339136305
2024-09-01,Tech_noiseWN5,Tech,2.7823379837381963
2024-09-15,Tech_noiseWN5,Tech,7.262602363413119
2024-09-29,Tech_noiseWN5,Tech,4.82442311789013
2024-10-13,Tech_noiseWN5,Tech,11.756301504633008
2024-10-27,Tech_noiseWN5,Tech,4.691637658469083
2024-11-10,Tech_noiseWN5,Tech,0.0
2024-11-24,Tech_noiseWN5,Tech,12.57152900428395
2024-12-08,Tech_noiseWN5,Tech,0.0
2024-12-22,Tech_noiseWN5,Tech,1.0774019681070808
2025-01-05,Tech_noiseWN5,Tech,1.4260322357390471
2025-01-19,Tech_noiseWN5,Tech,13.246628559024904
2025-02-02,Tech_noiseWN5,Tech,0.0
2025-02-16,Tech_noiseWN5,Tech,23.82649120195996
2025-03-02,Tech_noiseWN5,Tech,11.336340854396312
2025-03-16,Tech_noiseWN5,Tech,6.339433484774958
2025-03-30,Tech_noiseWN5,Tech,4.670635996302281
2025-04-13,Tech_noiseWN5,Tech,6.713324449145942
2025-04-27,Tech_noiseWN5,Tech,8.12673457027603
2025-05-11,Tech_noiseWN5,Tech,8.871293515700343
2025-05-25,Tech_noiseWN5,Tech,8.333626796020692
2025-06-08,Tech_noiseWN5,Tech,5.537484087531493
2025-06-22,Tech_noiseWN5,Tech,3.8159694781560436
2025-07-06,Tech_noiseWN5,Tech,4.09236029807893
2024-01-07,Tech_noiseWN6,Tech,3.830550317883914
2024-01-21,Tech_noiseWN6,Tech,11.802620581202387
2024-02-04,Tech_noiseWN6,Tech,8.561340333685171
2024-02-18,Tech_noiseWN6,Tech,0.0
2024-03-03,Tech_noiseWN6,Tech,8.935404659178566
2024-03-17,Tech_noiseWN6,Tech,6.168417168312649
2024-03-31,Tech_noiseWN6,Tech,4.887747461324616
2024-04-14,Tech_noiseWN6,Tech,2.668889281466685
2024-04-28,Tech_noiseWN6,Tech,11.744676319916081
2024-05-12,Tech_noiseWN6,Tech,10.685158772737147
2024-05-26,Tech_noiseWN6,Tech,0.3627339930583453
2024-06-09,Tech_noiseWN6,Tech,7.442313722747211
2024-06-23,Tech_noiseWN6,Tech,0.0
2024-07-07,Tech_noiseWN6,Tech,0.0
2024-07-21,Tech_noiseWN6,Tech,1.2396966524602089
2024-08-04,Tech_noiseWN6,Tech,10.174360834296554
2024-08-18,Tech_noiseWN6,Tech,10.71875027225652
2024-09-01,Tech_noiseWN6,Tech,8.078512520583757
2024-09-15,Tech_noiseWN6,Tech,9.350574721087984
2024-09-29,Tech_noiseWN6,Tech,8.09706972268975
2024-10-13,Tech_noiseWN6,Tech,1.1511104286622866
2024-10-27,Tech_noiseWN6,Tech,7.591535268043644
2024-11-10,Tech_noiseWN6,Tech,9.802457151366093
2024-11-24,Tech_noiseWN6,Tech,9.525747978881446
2024-12-08,Tech_noiseWN6,Tech,12.133480228847858
2024-12-22,Tech_noiseWN6,Tech,9.249823083206383
2025-01-05,Tech_noiseWN6,Tech,7.108689245249497
2025-01-19,Tech_noiseWN6,Tech,11.420901429898564
2025-02-02,Tech_noiseWN6,Tech,4.8408724445056395
2025-02-16,Tech_noiseWN6,Tech,0.0
2025-03-02,Tech_noiseWN6,Tech,4.021598216337416
2025-03-16,Tech_noiseWN6,Tech,0.5305841311613051
2025-03-30,Tech_noiseWN6,Tech,0.9489303501537112
2025-04-13,Tech_noiseWN6,Tech,4.132887975706893
2025-04-27,Tech_noiseWN6,Tech,0.24548047400023254
2025-05-11,Tech_noiseWN6,Tech,3.1522308221657585
2025-05-25,Tech_noiseWN6,Tech,0.0
2025-06-08,Tech_noiseWN6,Tech,6.279762244237631
2025-06-22,Tech_noiseWN6,Tech,5.007232852173345
2025-07-06,Tech_noiseWN6,Tech,0.09746821359085622
2024-01-07,Tech_noiseWN7,Tech,8.95547401059443
2024-01-21,Tech_noiseWN7,Tech,10.62542082575935
2024-02-04,Tech_noiseWN7,Tech,0.0
2024-02-18,Tech_noiseWN7,Tech,0.42365132860271437
2024-03-03,Tech_noiseWN7,Tech,0.3851459012762106
2024-03-17,Tech_noiseWN7,Tech,0.0
2024-03-31,Tech_noiseWN7,Tech,9.976849051590492
2024-04-14,Tech_noiseWN7,Tech,3.837043167363179
2024-04-28,Tech_noiseWN7,Tech,3.412910952136335
2024-05-12,Tech_noiseWN7,Tech,0.0
2024-05-26,Tech_noiseWN7,Tech,8.812508181255359
2024-06-09,Tech_noiseWN7,Tech,0.0
2024-06-23,Tech_noiseWN7,Tech,5.359595781597969
2024-07-07,Tech_noiseWN7,Tech,6.66426162774915
2024-07-21,Tech_noiseWN7,Tech,13.163951575031906
2024-08-04,Tech_noiseWN7,Tech,0.0
2024-08-18,Tech_noiseWN7,Tech,0.0
2024-09-01,Tech_noiseWN7,Tech,6.103097268522169
2024-09-15,Tech_noiseWN7,Tech,15.803067089065122
2024-09-29,Tech_noiseWN7,Tech,12.433678117636624
2024-10-13,Tech_noiseWN7,Tech,6.257956491647755
2024-10-27,Tech_noiseWN7,Tech,2.0501828862077156
2024-11-10,Tech_noiseWN7,Tech,9.842735579823863
2024-11-24,Tech_noiseWN7,Tech,0.0
2024-12-08,Tech_noiseWN7,Tech,7.858146616137315
2024-12-22,Tech_noiseWN7,Tech,8.03282095499976
2025-01-05,Tech_noiseWN7,Tech,11.361259444993278
2025-01-19,Tech_noiseWN7,Tech,21.557960233466467
2025-02-02,Tech_noiseWN7,Tech,7.354495803072602
2025-02-16,Tech_noiseWN7,Tech,1.9462182457550075
2025-03-02,Tech_noiseWN7,Tech,4.846554126848034
2025-03-16,Tech_noiseWN7,Tech,0.0
2025-03-30,Tech_noiseWN7,Tech,0.8317212134656504
2025-04-13,Tech_noiseWN7,Tech,2.544305371321376
2025-04-27,Tech_noiseWN7,Tech,1.855469612392445
2025-05-11,Tech_noiseWN7,Tech,5.914129232202332
2025-05-25,Tech_noiseWN7,Tech,0.06548040570679703
2025-06-08,Tech_noiseWN7,Tech,11.726184003946829
2025-06-22,Tech_noiseWN7,Tech,5.001242389509183
2025-07-06,Tech_noiseWN7,Tech,4.944198073168313
2024-01-07,Tech_noiseWN8,Tech,3.032631700922493
2024-01-21,Tech_noiseWN8,Tech,5.9311441031538745
2024-02-04,Tech_noiseWN8,Tech,9.950589588005808
2024-02-18,Tech_noiseWN8,Tech,0.0
2024-03-03,Tech_noiseWN8,Tech,1.05130106554846
2024-03-17,Tech_noiseWN8,Tech,3.1776438273400123
2024-03-31,Tech_noiseWN8,Tech,0.0
2024-04-14,Tech_noiseWN8,Tech,0.08445284167101352
2024-04-28,Tech_noiseWN8,Tech,2.1426747587320456
2024-05-12,Tech_noiseWN8,Tech,10.246335084276366
2024-05-26,Tech_noiseWN8,Tech,6.57536797401155
2024-06-09,Tech_noiseWN8,Tech,6.161539468205266
2024-06-23,Tech_noiseWN8,Tech,10.105387773007834
2024-07-07,Tech_noiseWN8,Tech,4.17576926960362
2024-07-21,Tech_noiseWN8,Tech,7.342789099573338
2024-08-04,Tech_noiseWN8,Tech,4.380669482405023
2024-08-18,Tech_noiseWN8,Tech,6.592174096397771
2024-09-01,Tech_noiseWN8,Tech,1.5034480543305078
2024-09-15,Tech_noiseWN8,Tech,0.0
2024-09-29,Tech_noiseWN8,Tech,4.194325026882175
2024-10-13,Tech_noiseWN8,Tech,13.53648881659964
2024-10-27,Tech_noiseWN8,Tech,10.557292413449554
2024-11-10,Tech_noiseWN8,Tech,10.792384907547024
2024-11-24,Tech_noiseWN8,Tech,12.416784330837308
2024-12-08,Tech_noiseWN8,Tech,5.531945545768624
2024-12-22,Tech_noiseWN8,Tech,6.183894244433573
2025-01-05,Tech_noiseWN8,Tech,1.294088627393899
2025-01-19,Tech_noiseWN8,Tech,3.1035628638377015
2025-02-02,Tech_noiseWN8,Tech,8.694626898626849
2025-02-16,Tech_noiseWN8,Tech,12.223306623012897
2025-03-02,Tech_noiseWN8,Tech,4.163322345914002
2025-03-16,Tech_noiseWN8,Tech,2.2988644108915306
2025-03-30,Tech_noiseWN8,Tech,5.003167753139584
2025-04-13,Tech_noiseWN8,Tech,8.60724049357469
2025-04-27,Tech_noiseWN8,Tech,0.0
2025-05-11,Tech_noiseWN8,Tech,0.0
2025-05-25,Tech_noiseWN8,Tech,1.6967789030504985
2025-06-08,Tech_noiseWN8,Tech,0.0
2025-06-22,Tech_noiseWN8,Tech,1.951158814116135
2025-07-06,Tech_noiseWN8,Tech,4.113318087095171
2024-01-07,Tech_noiseSD1,Tech,14.176645760778463
2024-01-21,Tech_noiseSD1,Tech,5.889583491872709
2024-02-04,Tech_noiseSD1,Tech,24.72960059859793
2024-02-18,Tech_noiseSD1,Tech,12.633873319420946
2024-03-03,Tech_noiseSD1,Tech,23.60270347723406
2024-03-17,Tech_noiseSD1,Tech,18.04782272989151
2024-03-31,Tech_noiseSD1,Tech,27.525047234899436
2024-04-14,Tech_noiseSD1,Tech,33.55553028953736
2024-04-28,Tech_noiseSD1,Tech,33.8888236194452
2024-05-12,Tech_noiseSD1,Tech,40.535129758559634
2024-05-26,Tech_noiseSD1,Tech,44.4093660830662
2024-06-09,Tech_noiseSD1,Tech,57.396203147563135
2024-06-23,Tech_noiseSD1,Tech,90.82979213871486
2024-07-07,Tech_noiseSD1,Tech,357.9605129653847
2024-07-21,Tech_noiseSD1,Tech,213.97874101314898
2024-08-04,Tech_noiseSD1,Tech,120.26414969191653
2024-08-18,Tech_noiseSD1,Tech,91.17594012625982
2024-09-01,Tech_noiseSD1,Tech,63.463531989824375
2024-09-15,Tech_noiseSD1,Tech,46.15453300104541
2024-09-29,Tech_noiseSD1,Tech,43.55527461998427
2024-10-13,Tech_noiseSD1,Tech,29.725793731624407
2024-10-27,Tech_noiseSD1,Tech,19.48737348151766
2024-11-10,Tech_noiseSD1,Tech,21.75000164040406
2024-11-24,Tech_noiseSD1,Tech,16.477397210040376
2024-12-08,Tech_noiseSD1,Tech,18.755326871823424
2024-12-22,Tech_noiseSD1,Tech,19.170771027730783
2025-01-05,Tech_noiseSD1,Tech,7.973234257694404
2025-01-19,Tech_noiseSD1,Tech,19.33615546181671
2025-02-02,Tech_noiseSD1,Tech,9.820156117415856
2025-02-16,Tech_noiseSD1,Tech,13.31030210323317
2025-03-02,Tech_noiseSD1,Tech,13.738805328346093
2025-03-16,Tech_noiseSD1,Tech,11.700230119045699
2025-03-30,Tech_noiseSD1,Tech,8.358822223464372
2025-04-13,Tech_noiseSD1,Tech,5.648015066829835
2025-04-27,Tech_noiseSD1,Tech,6.572807698881087
2025-05-11,Tech_noiseSD1,Tech,17.22012485783725
2025-05-25,Tech_noiseSD1,Tech,2.3066247940733993
2025-06-08,Tech_noiseSD1,Tech,2.8856459304458024
2025-06-22,Tech_noiseSD1,Tech,2.344854781785612
2025-07-06,Tech_noiseSD1,Tech,7.481596805465914
2024-01-07,Tech_noiseSD2,Tech,7.573829251862155
2024-01-21,Tech_noiseSD2,Tech,10.6270927956977
2024-02-04,Tech_noiseSD2,Tech,15.88512069482485
2024-02-18,Tech_noiseSD2,Tech,6.13485817296784
2024-03-03,Tech_noiseSD2,Tech,0.0
2024-03-17,Tech_noiseSD2,Tech,13.533441922274214
2024-03-31,Tech_noiseSD2,Tech,18.789157873290876
2024-04-14,Tech_noiseSD2,Tech,5.737479256802018
2024-04-28,Tech_noiseSD2,Tech,19.021319383664032
2024-05-12,Tech_noiseSD2,Tech,20.425434687673587
2024-05-26,Tech_noiseSD2,Tech,4.359022445308176
2024-06-09,Tech_noiseSD2,Tech,14.382268205559367
2024-06-23,Tech_noiseSD2,Tech,20.125027315610026
2024-07-07,Tech_noiseSD2,Tech,24.636541712874294
2024-07-21,Tech_noiseSD2,Tech,25.541194411392098
2024-08-04,Tech_noiseSD2,Tech,31.21798317850691
2024-08-18,Tech_noiseSD2,Tech,55.02889734709255
2024-09-01,Tech_noiseSD2,Tech,59.35464520884655
2024-09-15,Tech_noiseSD2,Tech,85.82973803910156
2024-09-29,Tech_noiseSD2,Tech,359.7529831385247
2024-10-13,Tech_noiseSD2,Tech,202.39806374664087
2024-10-27,Tech_noiseSD2,Tech,126.52805767112686
2024-11-10,Tech_noiseSD2,Tech,83.92906328174952
2024-11-24,Tech_noiseSD2,Tech,56.46025097056757
2024-12-08,Tech_noiseSD2,Tech,40.80251467949619
2024-12-22,Tech_noiseSD2,Tech,31.08910770158907
2025-01-05,Tech_noiseSD2,Tech,29.96841662088175
2025-01-19,Tech_noiseSD2,Tech,17.33173444556143
2025-02-02,Tech_noiseSD2,Tech,22.359234717704947
2025-02-16,Tech_noiseSD2,Tech,26.054435357232727
2025-03-02,Tech_noiseSD2,Tech,17.68986300580273
2025-03-16,Tech_noiseSD2,Tech,12.074816064450967
2025-03-30,Tech_noiseSD2,Tech,5.339000601551039
2025-04-13,Tech_noiseSD2,Tech,21.6327796012689
2025-04-27,Tech_noiseSD2,Tech,4.329449283033135
2025-05-11,Tech_noiseSD2,Tech,15.739990773994586
2025-05-25,Tech_noiseSD2,Tech,13.867731469988827
2025-06-08,Tech_noiseSD2,Tech,8.075286357477559
2025-06-22,Tech_noiseSD2,Tech,7.435600506695719
2025-07-06,Tech_noiseSD2,Tech,0.0
2024-01-07,Tech_noiseSD3,Tech,9.993953661411194
2024-01-21,Tech_noiseSD3,Tech,7.175183729210932
2024-02-04,Tech_noiseSD3,Tech,12.697654180430979
2024-02-18,Tech_noiseSD3,Tech,11.779147210148839
2024-03-03,Tech_noiseSD3,Tech,1.824039865951967
2024-03-17,Tech_noiseSD3,Tech,11.906087630266986
2024-03-31,Tech_noiseSD3,Tech,12.252713384706826
2024-04-14,Tech_noiseSD3,Tech,10.582922651477949
2024-04-28,Tech_noiseSD3,Tech,21.213499725737833
2024-05-12,Tech_noiseSD3,Tech,11.649558783964387
2024-05-26,Tech_noiseSD3,Tech,20.73371171714723
2024-06-09,Tech_noiseSD3,Tech,19.112858000937617
2024-06-23,Tech_noiseSD3,Tech,23.146170033880693
2024-07-07,Tech_noiseSD3,Tech,28.185003460560917
2024-07-21,Tech_noiseSD3,Tech,22.15455369665399
2024-08-04,Tech_noiseSD3,Tech,37.1499653504087
2024-08-18,Tech_noiseSD3,Tech,58.73368493827924
2024-09-01,Tech_noiseSD3,Tech,50.65941992472766
2024-09-15,Tech_noiseSD3,Tech,89.65435221770697
2024-09-29,Tech_noiseSD3,Tech,366.7394359489429
2024-10-13,Tech_noiseSD3,Tech,200.9852342359956
2024-10-27,Tech_noiseSD3,Tech,130.34610112355583
2024-11-10,Tech_noiseSD3,Tech,70.90943276016166
2024-11-24,Tech_noiseSD3,Tech,63.94984723036999
2024-12-08,Tech_noiseSD3,Tech,40.205170514900196
2024-12-22,Tech_noiseSD3,Tech,36.53522172800011
2025-01-05,Tech_noiseSD3,Tech,27.758920630560386
2025-01-19,Tech_noiseSD3,Tech,36.96681317494195
2025-02-02,Tech_noiseSD3,Tech,23.279791319478868
2025-02-16,Tech_noiseSD3,Tech,16.90072384789503
2025-03-02,Tech_noiseSD3,Tech,6.677462303402205
2025-03-16,Tech_noiseSD3,Tech,15.019210649053171
2025-03-30,Tech_noiseSD3,Tech,18.067135181959756
2025-04-13,Tech_noiseSD3,Tech,11.680827402884475
2025-04-27,Tech_noiseSD3,Tech,8.315617027001963
2025-05-11,Tech_noiseSD3,Tech,7.2130985840621875
2025-05-25,Tech_noiseSD3,Tech,13.24747291915384
2025-06-08,Tech_noiseSD3,Tech,14.05222561111686
2025-06-22,Tech_noiseSD3,Tech,17.1807340213065
2025-07-06,Tech_noiseSD3,Tech,2.609601199523671
2024-01-07,Tech_noiseSD4,Tech,13.805323237158214
2024-01-21,Tech_noiseSD4,Tech,12.114886664494513
2024-02-04,Tech_noiseSD4,Tech,9.008221402877
2024-02-18,Tech_noiseSD4,Tech,16.77338755538029
2024-03-03,Tech_noiseSD4,Tech,25.826088658720458
2024-03-17,Tech_noiseSD4,Tech,15.218213613272571
2024-03-31,Tech_noiseSD4,Tech,22.31854765288909
2024-04-14,Tech_noiseSD4,Tech,12.240362252773018
2024-04-28,Tech_noiseSD4,Tech,16.76138173909195
2024-05-12,Tech_noiseSD4,Tech,28.54872338156798
2024-05-26,Tech_noiseSD4,Tech,38.90469617121579
2024-06-09,Tech_noiseSD4,Tech,38.13368009271396
2024-06-23,Tech_noiseSD4,Tech,43.121651816861075
2024-07-07,Tech_noiseSD4,Tech,59.995748432540125
2024-07-21,Tech_noiseSD4,Tech,82.49755359618169
2024-08-04,Tech_noiseSD4,Tech,363.6270919581322
2024-08-18,Tech_noiseSD4,Tech,204.46951712221448
2024-09-01,Tech_noiseSD4,Tech,123.50575741386113
2024-09-15,Tech_noiseSD4,Tech,82.34317594016035
2024-09-29,Tech_noiseSD4,Tech,61.95562036050258
2024-10-13,Tech_noiseSD4,Tech,42.15498133605821
2024-10-27,Tech_noiseSD4,Tech,34.279162332746296
2024-11-10,Tech_noiseSD4,Tech,40.53385975101642
2024-11-24,Tech_noiseSD4,Tech,21.814660795496174
2024-12-08,Tech_noiseSD4,Tech,17.84957846475628
2024-12-22,Tech_noiseSD4,Tech,13.691215989660792
2025-01-05,Tech_noiseSD4,Tech,20.200770687923153
2025-01-19,Tech_noiseSD4,Tech,13.204984198645173
2025-02-02,Tech_noiseSD4,Tech,9.231523681950264
2025-02-16,Tech_noiseSD4,Tech,20.091962947437885
2025-03-02,Tech_noiseSD4,Tech,19.867173213708433
2025-03-16,Tech_noiseSD4,Tech,7.046077172707868
2025-03-30,Tech_noiseSD4,Tech,0.0
2025-04-13,Tech_noiseSD4,Tech,15.54098011428345
2025-04-27,Tech_noiseSD4,Tech,4.905694374819763
2025-05-11,Tech_noiseSD4,Tech,13.32335415376243
2025-05-25,Tech_noiseSD4,Tech,0.0
2025-06-08,Tech_noiseSD4,Tech,13.184677292459838
2025-06-22,Tech_noiseSD4,Tech,0.23479184116306673
2025-07-06,Tech_noiseSD4,Tech,11.585690672622746
2024-01-07,Tech_noiseSD5,Tech,0.9826172200613588
2024-01-21,Tech_noiseSD5,Tech,10.476528717238107
2024-02-04,Tech_noiseSD5,Tech,0.0
2024-02-18,Tech_noiseSD5,Tech,10.67909768593892
2024-03-03,Tech_noiseSD5,Tech,16.767945659337368
2024-03-17,Tech_noiseSD5,Tech,3.7603486105862247
2024-03-31,Tech_noiseSD5,Tech,0.0
2024-04-14,Tech_noiseSD5,Tech,17.63276347985943
2024-04-28,Tech_noiseSD5,Tech,13.383552885671087
2024-05-12,Tech_noiseSD5,Tech,5.340390779190333
2024-05-26,Tech_noiseSD5,Tech,7.263716251816694
2024-06-09,Tech_noiseSD5,Tech,2.3360868225018834
2024-06-23,Tech_noiseSD5,Tech,17.995225805178073
2024-07-07,Tech_noiseSD5,Tech,6.79170635313613
2024-07-21,Tech_noiseSD5,Tech,2.075984068832806
2024-08-04,Tech_noiseSD5,Tech,12.53187528907483
2024-08-18,Tech_noiseSD5,Tech,6.839919830528761
2024-09-01,Tech_noiseSD5,Tech,6.677055401964209
2024-09-15,Tech_noiseSD5,Tech,11.265558623582173
2024-09-29,Tech_noiseSD5,Tech,15.518131893002224
2024-10-13,Tech_noiseSD5,Tech,8.076977828147882
2024-10-27,Tech_noiseSD5,Tech,26.310893551273942
2024-11-10,Tech_noiseSD5,Tech,24.062958272394724
2024-11-24,Tech_noiseSD5,Tech,20.307822055363612
2024-12-08,Tech_noiseSD5,Tech,20.294224796503727
2024-12-22,Tech_noiseSD5,Tech,29.464647282500014
2025-01-05,Tech_noiseSD5,Tech,41.39661024453433
2025-01-19,Tech_noiseSD5,Tech,49.46750416319807
2025-02-02,Tech_noiseSD5,Tech,66.35102580270707
2025-02-16,Tech_noiseSD5,Tech,87.11773505411807
2025-03-02,Tech_noiseSD5,Tech,342.45044892481997
2025-03-16,Tech_noiseSD5,Tech,206.6623859357715
2025-03-30,Tech_noiseSD5,Tech,125.2151225524255
2025-04-13,Tech_noiseSD5,Tech,89.16042521954734
2025-04-27,Tech_noiseSD5,Tech,70.3757235104321
2025-05-11,Tech_noiseSD5,Tech,59.381751551727874
2025-05-25,Tech_noiseSD5,Tech,30.777029151656304
2025-06-08,Tech_noiseSD5,Tech,28.7392884590112
2025-06-22,Tech_noiseSD5,Tech,31.497833763604827
2025-07-06,Tech_noiseSD5,Tech,14.933945265745642
2024-01-07,Tech_noiseSD6,Tech,9.457073422775867
2024-01-21,Tech_noiseSD6,Tech,8.860826932090234
2024-02-04,Tech_noiseSD6,Tech,10.184028338201882
2024-02-18,Tech_noiseSD6,Tech,13.505811174269427
2024-03-03,Tech_noiseSD6,Tech,27.30424141850978
2024-03-17,Tech_noiseSD6,Tech,27.423332514038236
2024-03-31,Tech_noiseSD6,Tech,24.203901622330683
2024-04-14,Tech_noiseSD6,Tech,36.8017408311543
2024-04-28,Tech_noiseSD6,Tech,29.626217069001754
2024-05-12,Tech_noiseSD6,Tech,37.81029968551705
2024-05-26,Tech_noiseSD6,Tech,65.18157995547955
2024-06-09,Tech_noiseSD6,Tech,93.47785937593588
2024-06-23,Tech_noiseSD6,Tech,357.2384195905001
2024-07-07,Tech_noiseSD6,Tech,192.36275338608525
2024-07-21,Tech_noiseSD6,Tech,134.97669066108725
2024-08-04,Tech_noiseSD6,Tech,74.84281352103045
2024-08-18,Tech_noiseSD6,Tech,56.769795370528925
2024-09-01,Tech_noiseSD6,Tech,46.146758917409166
2024-09-15,Tech_noiseSD6,Tech,45.4889468710899
2024-09-29,Tech_noiseSD6,Tech,30.23413028845665
2024-10-13,Tech_noiseSD6,Tech,26.178642918051946
2024-10-27,Tech_noiseSD6,Tech,16.58331717599485
2024-11-10,Tech_noiseSD6,Tech,20.987348175119337
2024-11-24,Tech_noiseSD6,Tech,16.367474784198052
2024-12-08,Tech_noiseSD6,Tech,4.761541995448441
2024-12-22,Tech_noiseSD6,Tech,17.88537103283746
2025-01-05,Tech_noiseSD6,Tech,17.98649909288092
2025-01-19,Tech_noiseSD6,Tech,16.169745479553587
2025-02-02,Tech_noiseSD6,Tech,10.848586121134911
2025-02-16,Tech_noiseSD6,Tech,4.299563007524032
2025-03-02,Tech_noiseSD6,Tech,0.0
2025-03-16,Tech_noiseSD6,Tech,9.955794961788492
2025-03-30,Tech_noiseSD6,Tech,15.071252917230913
2025-04-13,Tech_noiseSD6,Tech,14.15996955719962
2025-04-27,Tech_noiseSD6,Tech,12.72553032302707
2025-05-11,Tech_noiseSD6,Tech,7.056557545551408
2025-05-25,Tech_noiseSD6,Tech,13.725891002412581
2025-06-08,Tech_noiseSD6,Tech,12.468718663783314
2025-06-22,Tech_noiseSD6,Tech,4.131272161630575
2025-07-06,Tech_noiseSD6,Tech,10.488406300902062
2024-01-07,Tech_noiseSD7,Tech,9.475893181450147
2024-01-21,Tech_noiseSD7,Tech,0.0
2024-02-04,Tech_noiseSD7,Tech,10.424238811564944
2024-02-18,Tech_noiseSD7,Tech,13.053692940911644
2024-03-03,Tech_noiseSD7,Tech,16.233381389504636
2024-03-17,Tech_noiseSD7,Tech,0.0
2024-03-31,Tech_noiseSD7,Tech,5.8256669803856145
2024-04-14,Tech_noiseSD7,Tech,0.0
2024-04-28,Tech_noiseSD7,Tech,0.0
2024-05-12,Tech_noiseSD7,Tech,8.69064524216661
2024-05-26,Tech_noiseSD7,Tech,5.786907424716011
2024-06-09,Tech_noiseSD7,Tech,10.37053428205305
2024-06-23,Tech_noiseSD7,Tech,11.916766140523894
2024-07-07,Tech_noiseSD7,Tech,16.961059959173838
2024-07-21,Tech_noiseSD7,Tech,10.32352255183468
2024-08-04,Tech_noiseSD7,Tech,28.128368998032172
2024-08-18,Tech_noiseSD7,Tech,13.088459129911277
2024-09-01,Tech_noiseSD7,Tech,23.054874267403267
2024-09-15,Tech_noiseSD7,Tech,0.0
2024-09-29,Tech_noiseSD7,Tech,21.944591023457598
2024-10-13,Tech_noiseSD7,Tech,13.915437061226639
2024-10-27,Tech_noiseSD7,Tech,4.673552807072735
2024-11-10,Tech_noiseSD7,Tech,20.52327065536872
2024-11-24,Tech_noiseSD7,Tech,18.182266772094096
2024-12-08,Tech_noiseSD7,Tech,25.980319490688853
2024-12-22,Tech_noiseSD7,Tech,31.780744459592185
2025-01-05,Tech_noiseSD7,Tech,21.065099299430425
2025-01-19,Tech_noiseSD7,Tech,42.08951389473094
2025-02-02,Tech_noiseSD7,Tech,45.0388769053243
2025-02-16,Tech_noiseSD7,Tech,68.11704704815963
2025-03-02,Tech_noiseSD7,Tech,88.76911062601279
2025-03-16,Tech_noiseSD7,Tech,357.17754664481146
2025-03-30,Tech_noiseSD7,Tech,199.33784299240773
2025-04-13,Tech_noiseSD7,Tech,126.82946364913873
2025-04-27,Tech_noiseSD7,Tech,81.18672001776696
2025-05-11,Tech_noiseSD7,Tech,57.382522596858585
2025-05-25,Tech_noiseSD7,Tech,37.41404654521905
2025-06-08,Tech_noiseSD7,Tech,32.06808748176006
2025-06-22,Tech_noiseSD7,Tech,31.993389376002803
2025-07-06,Tech_noiseSD7,Tech,22.472689956535287
2024-01-07,Tech_noiseSD8,Tech,14.224419637843267
2024-01-21,Tech_noiseSD8,Tech,29.202366259498994
2024-02-04,Tech_noiseSD8,Tech,19.285191221686212
2024-02-18,Tech_noiseSD8,Tech,15.470137968728036
2024-03-03,Tech_noiseSD8,Tech,23.300853360308047
2024-03-17,Tech_noiseSD8,Tech,43.41486972004163
2024-03-31,Tech_noiseSD8,Tech,44.06461093237999
2024-04-14,Tech_noiseSD8,Tech,56.7102762210564
2024-04-28,Tech_noiseSD8,Tech,90.96010935511673
2024-05-12,Tech_noiseSD8,Tech,363.01069641700525
2024-05-26,Tech_noiseSD8,Tech,205.87991164368879
2024-06-09,Tech_noiseSD8,Tech,134.90929479021716
2024-06-23,Tech_noiseSD8,Tech,83.00481695198285
2024-07-07,Tech_noiseSD8,Tech,52.40406486609806
2024-07-21,Tech_noiseSD8,Tech,42.29450878556213
2024-08-04,Tech_noiseSD8,Tech,36.237641059998545
2024-08-18,Tech_noiseSD8,Tech,22.152975458753666
2024-09-01,Tech_noiseSD8,Tech,17.553909510601894
2024-09-15,Tech_noiseSD8,Tech,22.06234666618293
2024-09-29,Tech_noiseSD8,Tech,17.284552714049042
2024-10-13,Tech_noiseSD8,Tech,15.932400831393052
2024-10-27,Tech_noiseSD8,Tech,9.741357229753373
2024-11-10,Tech_noiseSD8,Tech,11.745357626644218
2024-11-24,Tech_noiseSD8,Tech,6.618739888189987
2024-12-08,Tech_noiseSD8,Tech,16.69074565337533
2024-12-22,Tech_noiseSD8,Tech,16.860114575482616
2025-01-05,Tech_noiseSD8,Tech,0.0
2025-01-19,Tech_noiseSD8,Tech,3.918832814107457
2025-02-02,Tech_noiseSD8,Tech,0.03429779883931339
2025-02-16,Tech_noiseSD8,Tech,4.679456952344429
2025-03-02,Tech_noiseSD8,Tech,7.686146923958971
2025-03-16,Tech_noiseSD8,Tech,0.0
2025-03-30,Tech_noiseSD8,Tech,1.9706645380958747
2025-04-13,Tech_noiseSD8,Tech,1.1773617257346087
2025-04-27,Tech_noiseSD8,Tech,8.16735169704156
2025-05-11,Tech_noiseSD8,Tech,7.083139548177426
2025-05-25,Tech_noiseSD8,Tech,2.0983928811834582
2025-06-08,Tech_noiseSD8,Tech,7.2679714597299645
2025-06-22,Tech_noiseSD8,Tech,2.72001027505567
2025-07-06,Tech_noiseSD8,Tech,4.176576013364596
