Time,Topic,Cluster,Count
2024-01-01,football,sports,149
2024-01-01,basketball,sports,100
2024-01-01,tennis,sports,83
2024-01-01,soccer,sports,106
2024-01-01,nba,sports,120
2024-01-01,messi,sports,333
2024-01-01,ronaldo,sports,90
2024-01-01,olympics,sports,114
2024-01-01,championship,sports,43
2024-01-01,match,sports,172
2024-01-01,concert,music,74
2024-01-01,album,music,94
2024-01-01,song,music,209
2024-01-01,artist,music,209
2024-01-01,band,music,185
2024-01-01,taylor,music,252
2024-01-01,drake,music,152
2024-01-01,spotify,music,41
2024-01-01,festival,music,76
2024-01-01,grammy,music,122
2024-01-01,iphone,tech,243
2024-01-01,android,tech,209
2024-01-01,google,tech,137
2024-01-01,app,tech,78
2024-01-01,ai,tech,183
2024-01-01,microsoft,tech,224
2024-01-01,update,tech,122
2024-01-01,launch,tech,110
2024-01-01,startup,tech,180
2024-01-01,device,tech,75
2024-01-15,football,sports,47
2024-01-15,basketball,sports,44
2024-01-15,tennis,sports,143
2024-01-15,soccer,sports,215
2024-01-15,nba,sports,112
2024-01-15,messi,sports,97
2024-01-15,ronaldo,sports,169
2024-01-15,olympics,sports,142
2024-01-15,championship,sports,92
2024-01-15,match,sports,214
2024-01-15,concert,music,285
2024-01-15,album,music,159
2024-01-15,song,music,117
2024-01-15,artist,music,131
2024-01-15,band,music,222
2024-01-15,taylor,music,297
2024-01-15,drake,music,115
2024-01-15,spotify,music,140
2024-01-15,festival,music,172
2024-01-15,grammy,music,158
2024-01-15,iphone,tech,149
2024-01-15,android,tech,113
2024-01-15,google,tech,157
2024-01-15,app,tech,89
2024-01-15,ai,tech,122
2024-01-15,microsoft,tech,47
2024-01-15,update,tech,168
2024-01-15,launch,tech,163
2024-01-15,startup,tech,227
2024-01-15,device,tech,131
2024-01-29,football,sports,60
2024-01-29,basketball,sports,154
2024-01-29,tennis,sports,161
2024-01-29,soccer,sports,200
2024-01-29,nba,sports,174
2024-01-29,messi,sports,274
2024-01-29,ronaldo,sports,183
2024-01-29,olympics,sports,149
2024-01-29,championship,sports,154
2024-01-29,match,sports,161
2024-01-29,concert,music,165
2024-01-29,album,music,129
2024-01-29,song,music,169
2024-01-29,artist,music,155
2024-01-29,band,music,188
2024-01-29,taylor,music,320
2024-01-29,drake,music,117
2024-01-29,spotify,music,250
2024-01-29,festival,music,164
2024-01-29,grammy,music,96
2024-01-29,iphone,tech,246
2024-01-29,android,tech,157
2024-01-29,google,tech,121
2024-01-29,app,tech,196
2024-01-29,ai,tech,93
2024-01-29,microsoft,tech,133
2024-01-29,update,tech,190
2024-01-29,launch,tech,159
2024-01-29,startup,tech,58
2024-01-29,device,tech,165
2024-02-12,football,sports,204
2024-02-12,basketball,sports,142
2024-02-12,tennis,sports,71
2024-02-12,soccer,sports,160
2024-02-12,nba,sports,146
2024-02-12,messi,sports,265
2024-02-12,ronaldo,sports,119
2024-02-12,olympics,sports,48
2024-02-12,championship,sports,202
2024-02-12,match,sports,79
2024-02-12,concert,music,113
2024-02-12,album,music,125
2024-02-12,song,music,222
2024-02-12,artist,music,125
2024-02-12,band,music,128
2024-02-12,taylor,music,451
2024-02-12,drake,music,115
2024-02-12,spotify,music,230
2024-02-12,festival,music,141
2024-02-12,grammy,music,133
2024-02-12,iphone,tech,207
2024-02-12,android,tech,61
2024-02-12,google,tech,104
2024-02-12,app,tech,122
2024-02-12,ai,tech,163
2024-02-12,microsoft,tech,198
2024-02-12,update,tech,171
2024-02-12,launch,tech,125
2024-02-12,startup,tech,81
2024-02-12,device,tech,72
2024-02-26,football,sports,195
2024-02-26,basketball,sports,113
2024-02-26,tennis,sports,133
2024-02-26,soccer,sports,88
2024-02-26,nba,sports,51
2024-02-26,messi,sports,214
2024-02-26,ronaldo,sports,104
2024-02-26,olympics,sports,115
2024-02-26,championship,sports,313
2024-02-26,match,sports,224
2024-02-26,concert,music,128
2024-02-26,album,music,35
2024-02-26,song,music,298
2024-02-26,artist,music,165
2024-02-26,band,music,103
2024-02-26,taylor,music,279
2024-02-26,drake,music,143
2024-02-26,spotify,music,267
2024-02-26,festival,music,206
2024-02-26,grammy,music,163
2024-02-26,iphone,tech,505
2024-02-26,android,tech,33
2024-02-26,google,tech,180
2024-02-26,app,tech,231
2024-02-26,ai,tech,196
2024-02-26,microsoft,tech,277
2024-02-26,update,tech,159
2024-02-26,launch,tech,124
2024-02-26,startup,tech,171
2024-02-26,device,tech,137
2024-03-11,football,sports,31
2024-03-11,basketball,sports,137
2024-03-11,tennis,sports,126
2024-03-11,soccer,sports,174
2024-03-11,nba,sports,47
2024-03-11,messi,sports,551
2024-03-11,ronaldo,sports,224
2024-03-11,olympics,sports,140
2024-03-11,championship,sports,148
2024-03-11,match,sports,205
2024-03-11,concert,music,257
2024-03-11,album,music,236
2024-03-11,song,music,175
2024-03-11,artist,music,148
2024-03-11,band,music,226
2024-03-11,taylor,music,428
2024-03-11,drake,music,203
2024-03-11,spotify,music,91
2024-03-11,festival,music,322
2024-03-11,grammy,music,55
2024-03-11,iphone,tech,335
2024-03-11,android,tech,46
2024-03-11,google,tech,106
2024-03-11,app,tech,85
2024-03-11,ai,tech,315
2024-03-11,microsoft,tech,159
2024-03-11,update,tech,193
2024-03-11,launch,tech,285
2024-03-11,startup,tech,123
2024-03-11,device,tech,116
2024-03-25,football,sports,72
2024-03-25,basketball,sports,222
2024-03-25,tennis,sports,42
2024-03-25,soccer,sports,70
2024-03-25,nba,sports,185
2024-03-25,messi,sports,553
2024-03-25,ronaldo,sports,141
2024-03-25,olympics,sports,193
2024-03-25,championship,sports,225
2024-03-25,match,sports,149
2024-03-25,concert,music,78
2024-03-25,album,music,35
2024-03-25,song,music,181
2024-03-25,artist,music,70
2024-03-25,band,music,161
2024-03-25,taylor,music,589
2024-03-25,drake,music,135
2024-03-25,spotify,music,176
2024-03-25,festival,music,136
2024-03-25,grammy,music,238
2024-03-25,iphone,tech,329
2024-03-25,android,tech,152
2024-03-25,google,tech,195
2024-03-25,app,tech,106
2024-03-25,ai,tech,61
2024-03-25,microsoft,tech,207
2024-03-25,update,tech,185
2024-03-25,launch,tech,2
2024-03-25,startup,tech,185
2024-03-25,device,tech,53
2024-04-08,football,sports,116
2024-04-08,basketball,sports,59
2024-04-08,tennis,sports,50
2024-04-08,soccer,sports,120
2024-04-08,nba,sports,230
2024-04-08,messi,sports,692
2024-04-08,ronaldo,sports,142
2024-04-08,olympics,sports,162
2024-04-08,championship,sports,133
2024-04-08,match,sports,276
2024-04-08,concert,music,109
2024-04-08,album,music,169
2024-04-08,song,music,156
2024-04-08,artist,music,102
2024-04-08,band,music,131
2024-04-08,taylor,music,213
2024-04-08,drake,music,190
2024-04-08,spotify,music,301
2024-04-08,festival,music,244
2024-04-08,grammy,music,166
2024-04-08,iphone,tech,683
2024-04-08,android,tech,56
2024-04-08,google,tech,109
2024-04-08,app,tech,96
2024-04-08,ai,tech,171
2024-04-08,microsoft,tech,134
2024-04-08,update,tech,121
2024-04-08,launch,tech,200
2024-04-08,startup,tech,185
2024-04-08,device,tech,28
2024-04-22,football,sports,256
2024-04-22,basketball,sports,224
2024-04-22,tennis,sports,133
2024-04-22,soccer,sports,38
2024-04-22,nba,sports,234
2024-04-22,messi,sports,390
2024-04-22,ronaldo,sports,225
2024-04-22,olympics,sports,453
2024-04-22,championship,sports,298
2024-04-22,match,sports,194
2024-04-22,concert,music,103
2024-04-22,album,music,330
2024-04-22,song,music,138
2024-04-22,artist,music,144
2024-04-22,band,music,204
2024-04-22,taylor,music,319
2024-04-22,drake,music,108
2024-04-22,spotify,music,24
2024-04-22,festival,music,95
2024-04-22,grammy,music,74
2024-04-22,iphone,tech,226
2024-04-22,android,tech,101
2024-04-22,google,tech,268
2024-04-22,app,tech,239
2024-04-22,ai,tech,197
2024-04-22,microsoft,tech,186
2024-04-22,update,tech,158
2024-04-22,launch,tech,189
2024-04-22,startup,tech,202
2024-04-22,device,tech,82
2024-05-06,football,sports,335
2024-05-06,basketball,sports,239
2024-05-06,tennis,sports,278
2024-05-06,soccer,sports,143
2024-05-06,nba,sports,215
2024-05-06,messi,sports,451
2024-05-06,ronaldo,sports,344
2024-05-06,olympics,sports,129
2024-05-06,championship,sports,232
2024-05-06,match,sports,87
2024-05-06,concert,music,104
2024-05-06,album,music,141
2024-05-06,song,music,99
2024-05-06,artist,music,376
2024-05-06,band,music,201
2024-05-06,taylor,music,466
2024-05-06,drake,music,370
2024-05-06,spotify,music,304
2024-05-06,festival,music,36
2024-05-06,grammy,music,170
2024-05-06,iphone,tech,590
2024-05-06,android,tech,93
2024-05-06,google,tech,138
2024-05-06,app,tech,283
2024-05-06,ai,tech,77
2024-05-06,microsoft,tech,239
2024-05-06,update,tech,250
2024-05-06,launch,tech,371
2024-05-06,startup,tech,158
2024-05-06,device,tech,182
2024-05-20,football,sports,225
2024-05-20,basketball,sports,146
2024-05-20,tennis,sports,165
2024-05-20,soccer,sports,268
2024-05-20,nba,sports,266
2024-05-20,messi,sports,491
2024-05-20,ronaldo,sports,138
2024-05-20,olympics,sports,155
2024-05-20,championship,sports,144
2024-05-20,match,sports,80
2024-05-20,concert,music,113
2024-05-20,album,music,218
2024-05-20,song,music,210
2024-05-20,artist,music,202
2024-05-20,band,music,230
2024-05-20,taylor,music,280
2024-05-20,drake,music,114
2024-05-20,spotify,music,129
2024-05-20,festival,music,329
2024-05-20,grammy,music,189
2024-05-20,iphone,tech,517
2024-05-20,android,tech,239
2024-05-20,google,tech,221
2024-05-20,app,tech,161
2024-05-20,ai,tech,126
2024-05-20,microsoft,tech,240
2024-05-20,update,tech,120
2024-05-20,launch,tech,210
2024-05-20,startup,tech,85
2024-05-20,device,tech,234
2024-06-03,football,sports,249
2024-06-03,basketball,sports,184
2024-06-03,tennis,sports,232
2024-06-03,soccer,sports,52
2024-06-03,nba,sports,158
2024-06-03,messi,sports,510
2024-06-03,ronaldo,sports,282
2024-06-03,olympics,sports,200
2024-06-03,championship,sports,57
2024-06-03,match,sports,323
2024-06-03,concert,music,298
2024-06-03,album,music,283
2024-06-03,song,music,203
2024-06-03,artist,music,385
2024-06-03,band,music,293
2024-06-03,taylor,music,765
2024-06-03,drake,music,175
2024-06-03,spotify,music,113
2024-06-03,festival,music,109
2024-06-03,grammy,music,155
2024-06-03,iphone,tech,247
2024-06-03,android,tech,181
2024-06-03,google,tech,285
2024-06-03,app,tech,360
2024-06-03,ai,tech,9
2024-06-03,microsoft,tech,382
2024-06-03,update,tech,203
2024-06-03,launch,tech,143
2024-06-03,startup,tech,169
2024-06-03,device,tech,197
2024-06-17,football,sports,352
2024-06-17,basketball,sports,235
2024-06-17,tennis,sports,144
2024-06-17,soccer,sports,172
2024-06-17,nba,sports,238
2024-06-17,messi,sports,338
2024-06-17,ronaldo,sports,82
2024-06-17,olympics,sports,180
2024-06-17,championship,sports,43
2024-06-17,match,sports,232
2024-06-17,concert,music,297
2024-06-17,album,music,236
2024-06-17,song,music,143
2024-06-17,artist,music,105
2024-06-17,band,music,271
2024-06-17,taylor,music,724
2024-06-17,drake,music,118
2024-06-17,spotify,music,390
2024-06-17,festival,music,180
2024-06-17,grammy,music,73
2024-06-17,iphone,tech,209
2024-06-17,android,tech,337
2024-06-17,google,tech,163
2024-06-17,app,tech,410
2024-06-17,ai,tech,140
2024-06-17,microsoft,tech,132
2024-06-17,update,tech,85
2024-06-17,launch,tech,121
2024-06-17,startup,tech,79
2024-06-17,device,tech,52
2024-07-01,football,sports,352
2024-07-01,basketball,sports,190
2024-07-01,tennis,sports,53
2024-07-01,soccer,sports,52
2024-07-01,nba,sports,154
2024-07-01,messi,sports,717
2024-07-01,ronaldo,sports,111
2024-07-01,olympics,sports,184
2024-07-01,championship,sports,96
2024-07-01,match,sports,276
2024-07-01,concert,music,236
2024-07-01,album,music,323
2024-07-01,song,music,407
2024-07-01,artist,music,90
2024-07-01,band,music,171
2024-07-01,taylor,music,135
2024-07-01,drake,music,40
2024-07-01,spotify,music,65
2024-07-01,festival,music,105
2024-07-01,grammy,music,263
2024-07-01,iphone,tech,321
2024-07-01,android,tech,265
2024-07-01,google,tech,170
2024-07-01,app,tech,144
2024-07-01,ai,tech,186
2024-07-01,microsoft,tech,140
2024-07-01,update,tech,368
2024-07-01,launch,tech,294
2024-07-01,startup,tech,81
2024-07-01,device,tech,0
2024-07-15,football,sports,99
2024-07-15,basketball,sports,182
2024-07-15,tennis,sports,274
2024-07-15,soccer,sports,277
2024-07-15,nba,sports,109
2024-07-15,messi,sports,231
2024-07-15,ronaldo,sports,374
2024-07-15,olympics,sports,302
2024-07-15,championship,sports,270
2024-07-15,match,sports,210
2024-07-15,concert,music,199
2024-07-15,album,music,181
2024-07-15,song,music,77
2024-07-15,artist,music,69
2024-07-15,band,music,238
2024-07-15,taylor,music,708
2024-07-15,drake,music,343
2024-07-15,spotify,music,259
2024-07-15,festival,music,14
2024-07-15,grammy,music,195
2024-07-15,iphone,tech,549
2024-07-15,android,tech,120
2024-07-15,google,tech,327
2024-07-15,app,tech,234
2024-07-15,ai,tech,233
2024-07-15,microsoft,tech,479
2024-07-15,update,tech,95
2024-07-15,launch,tech,143
2024-07-15,startup,tech,306
2024-07-15,device,tech,183
2024-07-29,football,sports,403
2024-07-29,basketball,sports,426
2024-07-29,tennis,sports,290
2024-07-29,soccer,sports,185
2024-07-29,nba,sports,75
2024-07-29,messi,sports,663
2024-07-29,ronaldo,sports,314
2024-07-29,olympics,sports,228
2024-07-29,championship,sports,383
2024-07-29,match,sports,314
2024-07-29,concert,music,510
2024-07-29,album,music,362
2024-07-29,song,music,509
2024-07-29,artist,music,28
2024-07-29,band,music,131
2024-07-29,taylor,music,437
2024-07-29,drake,music,298
2024-07-29,spotify,music,84
2024-07-29,festival,music,153
2024-07-29,grammy,music,485
2024-07-29,iphone,tech,829
2024-07-29,android,tech,386
2024-07-29,google,tech,356
2024-07-29,app,tech,137
2024-07-29,ai,tech,154
2024-07-29,microsoft,tech,103
2024-07-29,update,tech,401
2024-07-29,launch,tech,122
2024-07-29,startup,tech,76
2024-07-29,device,tech,106
2024-08-12,football,sports,140
2024-08-12,basketball,sports,93
2024-08-12,tennis,sports,73
2024-08-12,soccer,sports,271
2024-08-12,nba,sports,56
2024-08-12,messi,sports,777
2024-08-12,ronaldo,sports,80
2024-08-12,olympics,sports,212
2024-08-12,championship,sports,431
2024-08-12,match,sports,465
2024-08-12,concert,music,413
2024-08-12,album,music,241
2024-08-12,song,music,89
2024-08-12,artist,music,0
2024-08-12,band,music,200
2024-08-12,taylor,music,482
2024-08-12,drake,music,206
2024-08-12,spotify,music,173
2024-08-12,festival,music,175
2024-08-12,grammy,music,158
2024-08-12,iphone,tech,182
2024-08-12,android,tech,85
2024-08-12,google,tech,216
2024-08-12,app,tech,354
2024-08-12,ai,tech,323
2024-08-12,microsoft,tech,111
2024-08-12,update,tech,466
2024-08-12,launch,tech,87
2024-08-12,startup,tech,96
2024-08-12,device,tech,314
2024-08-26,football,sports,145
2024-08-26,basketball,sports,16
2024-08-26,tennis,sports,190
2024-08-26,soccer,sports,157
2024-08-26,nba,sports,55
2024-08-26,messi,sports,249
2024-08-26,ronaldo,sports,322
2024-08-26,olympics,sports,139
2024-08-26,championship,sports,100
2024-08-26,match,sports,115
2024-08-26,concert,music,138
2024-08-26,album,music,313
2024-08-26,song,music,250
2024-08-26,artist,music,43
2024-08-26,band,music,459
2024-08-26,taylor,music,224
2024-08-26,drake,music,190
2024-08-26,spotify,music,221
2024-08-26,festival,music,315
2024-08-26,grammy,music,485
2024-08-26,iphone,tech,762
2024-08-26,android,tech,153
2024-08-26,google,tech,108
2024-08-26,app,tech,304
2024-08-26,ai,tech,255
2024-08-26,microsoft,tech,219
2024-08-26,update,tech,43
2024-08-26,launch,tech,26
2024-08-26,startup,tech,154
2024-08-26,device,tech,176
2024-09-09,football,sports,432
2024-09-09,basketball,sports,91
2024-09-09,tennis,sports,0
2024-09-09,soccer,sports,174
2024-09-09,nba,sports,131
2024-09-09,messi,sports,370
2024-09-09,ronaldo,sports,478
2024-09-09,olympics,sports,129
2024-09-09,championship,sports,297
2024-09-09,match,sports,70
2024-09-09,concert,music,468
2024-09-09,album,music,415
2024-09-09,song,music,520
2024-09-09,artist,music,537
2024-09-09,band,music,248
2024-09-09,taylor,music,830
2024-09-09,drake,music,32
2024-09-09,spotify,music,400
2024-09-09,festival,music,278
2024-09-09,grammy,music,213
2024-09-09,iphone,tech,191
2024-09-09,android,tech,71
2024-09-09,google,tech,20
2024-09-09,app,tech,186
2024-09-09,ai,tech,94
2024-09-09,microsoft,tech,80
2024-09-09,update,tech,109
2024-09-09,launch,tech,39
2024-09-09,startup,tech,200
2024-09-09,device,tech,231
2024-09-23,football,sports,80
2024-09-23,basketball,sports,274
2024-09-23,tennis,sports,204
2024-09-23,soccer,sports,88
2024-09-23,nba,sports,483
2024-09-23,messi,sports,295
2024-09-23,ronaldo,sports,113
2024-09-23,olympics,sports,270
2024-09-23,championship,sports,249
2024-09-23,match,sports,459
2024-09-23,concert,music,339
2024-09-23,album,music,116
2024-09-23,song,music,278
2024-09-23,artist,music,133
2024-09-23,band,music,153
2024-09-23,taylor,music,825
2024-09-23,drake,music,243
2024-09-23,spotify,music,191
2024-09-23,festival,music,60
2024-09-23,grammy,music,171
2024-09-23,iphone,tech,257
2024-09-23,android,tech,303
2024-09-23,google,tech,452
2024-09-23,app,tech,78
2024-09-23,ai,tech,0
2024-09-23,microsoft,tech,274
2024-09-23,update,tech,205
2024-09-23,launch,tech,459
2024-09-23,startup,tech,287
2024-09-23,device,tech,93
2024-10-07,football,sports,41
2024-10-07,basketball,sports,169
2024-10-07,tennis,sports,270
2024-10-07,soccer,sports,132
2024-10-07,nba,sports,433
2024-10-07,messi,sports,1016
2024-10-07,ronaldo,sports,399
2024-10-07,olympics,sports,124
2024-10-07,championship,sports,369
2024-10-07,match,sports,407
2024-10-07,concert,music,153
2024-10-07,album,music,440
2024-10-07,song,music,312
2024-10-07,artist,music,159
2024-10-07,band,music,91
2024-10-07,taylor,music,148
2024-10-07,drake,music,501
2024-10-07,spotify,music,182
2024-10-07,festival,music,158
2024-10-07,grammy,music,124
2024-10-07,iphone,tech,689
2024-10-07,android,tech,513
2024-10-07,google,tech,170
2024-10-07,app,tech,389
2024-10-07,ai,tech,156
2024-10-07,microsoft,tech,522
2024-10-07,update,tech,487
2024-10-07,launch,tech,61
2024-10-07,startup,tech,53
2024-10-07,device,tech,186
2024-10-21,football,sports,27
2024-10-21,basketball,sports,429
2024-10-21,tennis,sports,346
2024-10-21,soccer,sports,504
2024-10-21,nba,sports,364
2024-10-21,messi,sports,331
2024-10-21,ronaldo,sports,118
2024-10-21,olympics,sports,522
2024-10-21,championship,sports,55
2024-10-21,match,sports,511
2024-10-21,concert,music,174
2024-10-21,album,music,378
2024-10-21,song,music,383
2024-10-21,artist,music,443
2024-10-21,band,music,174
2024-10-21,taylor,music,850
2024-10-21,drake,music,233
2024-10-21,spotify,music,401
2024-10-21,festival,music,135
2024-10-21,grammy,music,152
2024-10-21,iphone,tech,181
2024-10-21,android,tech,502
2024-10-21,google,tech,113
2024-10-21,app,tech,402
2024-10-21,ai,tech,51
2024-10-21,microsoft,tech,242
2024-10-21,update,tech,140
2024-10-21,launch,tech,453
2024-10-21,startup,tech,44
2024-10-21,device,tech,257
2024-11-04,football,sports,149
2024-11-04,basketball,sports,93
2024-11-04,tennis,sports,413
2024-11-04,soccer,sports,130
2024-11-04,nba,sports,464
2024-11-04,messi,sports,177
2024-11-04,ronaldo,sports,79
2024-11-04,olympics,sports,175
2024-11-04,championship,sports,453
2024-11-04,match,sports,179
2024-11-04,concert,music,576
2024-11-04,album,music,21
2024-11-04,song,music,130
2024-11-04,artist,music,157
2024-11-04,band,music,140
2024-11-04,taylor,music,162
2024-11-04,drake,music,258
2024-11-04,spotify,music,499
2024-11-04,festival,music,65
2024-11-04,grammy,music,100
2024-11-04,iphone,tech,246
2024-11-04,android,tech,100
2024-11-04,google,tech,374
2024-11-04,app,tech,520
2024-11-04,ai,tech,112
2024-11-04,microsoft,tech,67
2024-11-04,update,tech,437
2024-11-04,launch,tech,161
2024-11-04,startup,tech,393
2024-11-04,device,tech,196
2024-11-18,football,sports,181
2024-11-18,basketball,sports,368
2024-11-18,tennis,sports,94
2024-11-18,soccer,sports,138
2024-11-18,nba,sports,280
2024-11-18,messi,sports,798
2024-11-18,ronaldo,sports,79
2024-11-18,olympics,sports,555
2024-11-18,championship,sports,90
2024-11-18,match,sports,153
2024-11-18,concert,music,125
2024-11-18,album,music,5
2024-11-18,song,music,427
2024-11-18,artist,music,239
2024-11-18,band,music,77
2024-11-18,taylor,music,318
2024-11-18,drake,music,406
2024-11-18,spotify,music,344
2024-11-18,festival,music,313
2024-11-18,grammy,music,383
2024-11-18,iphone,tech,949
2024-11-18,android,tech,94
2024-11-18,google,tech,83
2024-11-18,app,tech,341
2024-11-18,ai,tech,384
2024-11-18,microsoft,tech,241
2024-11-18,update,tech,442
2024-11-18,launch,tech,88
2024-11-18,startup,tech,443
2024-11-18,device,tech,580
2024-12-02,football,sports,136
2024-12-02,basketball,sports,161
2024-12-02,tennis,sports,75
2024-12-02,soccer,sports,126
2024-12-02,nba,sports,500
2024-12-02,messi,sports,745
2024-12-02,ronaldo,sports,44
2024-12-02,olympics,sports,24
2024-12-02,championship,sports,524
2024-12-02,match,sports,0
2024-12-02,concert,music,110
2024-12-02,album,music,147
2024-12-02,song,music,367
2024-12-02,artist,music,196
2024-12-02,band,music,506
2024-12-02,taylor,music,131
2024-12-02,drake,music,91
2024-12-02,spotify,music,502
2024-12-02,festival,music,213
2024-12-02,grammy,music,189
2024-12-02,iphone,tech,1230
2024-12-02,android,tech,121
2024-12-02,google,tech,168
2024-12-02,app,tech,520
2024-12-02,ai,tech,209
2024-12-02,microsoft,tech,398
2024-12-02,update,tech,101
2024-12-02,launch,tech,146
2024-12-02,startup,tech,91
2024-12-02,device,tech,578
2024-12-16,football,sports,208
2024-12-16,basketball,sports,329
2024-12-16,tennis,sports,160
2024-12-16,soccer,sports,308
2024-12-16,nba,sports,152
2024-12-16,messi,sports,169
2024-12-16,ronaldo,sports,205
2024-12-16,olympics,sports,190
2024-12-16,championship,sports,158
2024-12-16,match,sports,166
2024-12-16,concert,music,338
2024-12-16,album,music,512
2024-12-16,song,music,415
2024-12-16,artist,music,190
2024-12-16,band,music,226
2024-12-16,taylor,music,265
2024-12-16,drake,music,140
2024-12-16,spotify,music,87
2024-12-16,festival,music,557
2024-12-16,grammy,music,324
2024-12-16,iphone,tech,939
2024-12-16,android,tech,166
2024-12-16,google,tech,240
2024-12-16,app,tech,83
2024-12-16,ai,tech,572
2024-12-16,microsoft,tech,82
2024-12-16,update,tech,206
2024-12-16,launch,tech,470
2024-12-16,startup,tech,152
2024-12-16,device,tech,92
2024-12-30,football,sports,468
2024-12-30,basketball,sports,77
2024-12-30,tennis,sports,349
2024-12-30,soccer,sports,121
2024-12-30,nba,sports,351
2024-12-30,messi,sports,322
2024-12-30,ronaldo,sports,185
2024-12-30,olympics,sports,430
2024-12-30,championship,sports,149
2024-12-30,match,sports,206
2024-12-30,concert,music,64
2024-12-30,album,music,117
2024-12-30,song,music,666
2024-12-30,artist,music,390
2024-12-30,band,music,21
2024-12-30,taylor,music,187
2024-12-30,drake,music,425
2024-12-30,spotify,music,165
2024-12-30,festival,music,96
2024-12-30,grammy,music,101
2024-12-30,iphone,tech,221
2024-12-30,android,tech,194
2024-12-30,google,tech,605
2024-12-30,app,tech,394
2024-12-30,ai,tech,456
2024-12-30,microsoft,tech,115
2024-12-30,update,tech,30
2024-12-30,launch,tech,154
2024-12-30,startup,tech,176
2024-12-30,device,tech,169
2025-01-13,football,sports,69
2025-01-13,basketball,sports,103
2025-01-13,tennis,sports,591
2025-01-13,soccer,sports,551
2025-01-13,nba,sports,217
2025-01-13,messi,sports,880
2025-01-13,ronaldo,sports,580
2025-01-13,olympics,sports,58
2025-01-13,championship,sports,139
2025-01-13,match,sports,279
2025-01-13,concert,music,144
2025-01-13,album,music,74
2025-01-13,song,music,569
2025-01-13,artist,music,538
2025-01-13,band,music,230
2025-01-13,taylor,music,981
2025-01-13,drake,music,362
2025-01-13,spotify,music,116
2025-01-13,festival,music,512
2025-01-13,grammy,music,184
2025-01-13,iphone,tech,697
2025-01-13,android,tech,318
2025-01-13,google,tech,166
2025-01-13,app,tech,216
2025-01-13,ai,tech,378
2025-01-13,microsoft,tech,228
2025-01-13,update,tech,401
2025-01-13,launch,tech,397
2025-01-13,startup,tech,96
2025-01-13,device,tech,126
2025-01-27,football,sports,77
2025-01-27,basketball,sports,70
2025-01-27,tennis,sports,428
2025-01-27,soccer,sports,540
2025-01-27,nba,sports,357
2025-01-27,messi,sports,1489
2025-01-27,ronaldo,sports,325
2025-01-27,olympics,sports,477
2025-01-27,championship,sports,499
2025-01-27,match,sports,385
2025-01-27,concert,music,169
2025-01-27,album,music,703
2025-01-27,song,music,175
2025-01-27,artist,music,0
2025-01-27,band,music,130
2025-01-27,taylor,music,519
2025-01-27,drake,music,97
2025-01-27,spotify,music,235
2025-01-27,festival,music,379
2025-01-27,grammy,music,0
2025-01-27,iphone,tech,887
2025-01-27,android,tech,454
2025-01-27,google,tech,72
2025-01-27,app,tech,202
2025-01-27,ai,tech,175
2025-01-27,microsoft,tech,259
2025-01-27,update,tech,85
2025-01-27,launch,tech,127
2025-01-27,startup,tech,367
2025-01-27,device,tech,702
2025-02-10,football,sports,386
2025-02-10,basketball,sports,65
2025-02-10,tennis,sports,404
2025-02-10,soccer,sports,224
2025-02-10,nba,sports,68
2025-02-10,messi,sports,1093
2025-02-10,ronaldo,sports,98
2025-02-10,olympics,sports,182
2025-02-10,championship,sports,586
2025-02-10,match,sports,316
2025-02-10,concert,music,657
2025-02-10,album,music,571
2025-02-10,song,music,376
2025-02-10,artist,music,150
2025-02-10,band,music,131
2025-02-10,taylor,music,297
2025-02-10,drake,music,167
2025-02-10,spotify,music,159
2025-02-10,festival,music,71
2025-02-10,grammy,music,203
2025-02-10,iphone,tech,1136
2025-02-10,android,tech,345
2025-02-10,google,tech,326
2025-02-10,app,tech,52
2025-02-10,ai,tech,373
2025-02-10,microsoft,tech,515
2025-02-10,update,tech,63
2025-02-10,launch,tech,381
2025-02-10,startup,tech,394
2025-02-10,device,tech,712
2025-02-24,football,sports,193
2025-02-24,basketball,sports,630
2025-02-24,tennis,sports,46
2025-02-24,soccer,sports,155
2025-02-24,nba,sports,169
2025-02-24,messi,sports,163
2025-02-24,ronaldo,sports,516
2025-02-24,olympics,sports,580
2025-02-24,championship,sports,344
2025-02-24,match,sports,125
2025-02-24,concert,music,541
2025-02-24,album,music,96
2025-02-24,song,music,194
2025-02-24,artist,music,0
2025-02-24,band,music,482
2025-02-24,taylor,music,380
2025-02-24,drake,music,169
2025-02-24,spotify,music,526
2025-02-24,festival,music,526
2025-02-24,grammy,music,512
2025-02-24,iphone,tech,1255
2025-02-24,android,tech,620
2025-02-24,google,tech,686
2025-02-24,app,tech,216
2025-02-24,ai,tech,805
2025-02-24,microsoft,tech,580
2025-02-24,update,tech,591
2025-02-24,launch,tech,495
2025-02-24,startup,tech,142
2025-02-24,device,tech,778
2025-03-10,football,sports,563
2025-03-10,basketball,sports,75
2025-03-10,tennis,sports,813
2025-03-10,soccer,sports,152
2025-03-10,nba,sports,200
2025-03-10,messi,sports,143
2025-03-10,ronaldo,sports,132
2025-03-10,olympics,sports,620
2025-03-10,championship,sports,140
2025-03-10,match,sports,483
2025-03-10,concert,music,576
2025-03-10,album,music,40
2025-03-10,song,music,156
2025-03-10,artist,music,172
2025-03-10,band,music,146
2025-03-10,taylor,music,1114
2025-03-10,drake,music,101
2025-03-10,spotify,music,691
2025-03-10,festival,music,422
2025-03-10,grammy,music,591
2025-03-10,iphone,tech,521
2025-03-10,android,tech,507
2025-03-10,google,tech,186
2025-03-10,app,tech,112
2025-03-10,ai,tech,156
2025-03-10,microsoft,tech,693
2025-03-10,update,tech,812
2025-03-10,launch,tech,300
2025-03-10,startup,tech,643
2025-03-10,device,tech,72
2025-03-24,football,sports,502
2025-03-24,basketball,sports,529
2025-03-24,tennis,sports,639
2025-03-24,soccer,sports,291
2025-03-24,nba,sports,730
2025-03-24,messi,sports,1632
2025-03-24,ronaldo,sports,493
2025-03-24,olympics,sports,462
2025-03-24,championship,sports,99
2025-03-24,match,sports,128
2025-03-24,concert,music,585
2025-03-24,album,music,74
2025-03-24,song,music,418
2025-03-24,artist,music,761
2025-03-24,band,music,643
2025-03-24,taylor,music,673
2025-03-24,drake,music,581
2025-03-24,spotify,music,127
2025-03-24,festival,music,210
2025-03-24,grammy,music,0
2025-03-24,iphone,tech,1195
2025-03-24,android,tech,108
2025-03-24,google,tech,680
2025-03-24,app,tech,508
2025-03-24,ai,tech,330
2025-03-24,microsoft,tech,82
2025-03-24,update,tech,510
2025-03-24,launch,tech,410
2025-03-24,startup,tech,176
2025-03-24,device,tech,472
2025-04-07,football,sports,376
2025-04-07,basketball,sports,501
2025-04-07,tennis,sports,727
2025-04-07,soccer,sports,546
2025-04-07,nba,sports,208
2025-04-07,messi,sports,315
2025-04-07,ronaldo,sports,509
2025-04-07,olympics,sports,77
2025-04-07,championship,sports,441
2025-04-07,match,sports,147
2025-04-07,concert,music,177
2025-04-07,album,music,193
2025-04-07,song,music,591
2025-04-07,artist,music,177
2025-04-07,band,music,597
2025-04-07,taylor,music,1108
2025-04-07,drake,music,697
2025-04-07,spotify,music,213
2025-04-07,festival,music,490
2025-04-07,grammy,music,254
2025-04-07,iphone,tech,901
2025-04-07,android,tech,172
2025-04-07,google,tech,626
2025-04-07,app,tech,395
2025-04-07,ai,tech,438
2025-04-07,microsoft,tech,115
2025-04-07,update,tech,878
2025-04-07,launch,tech,25
2025-04-07,startup,tech,142
2025-04-07,device,tech,299
2025-04-21,football,sports,85
2025-04-21,basketball,sports,621
2025-04-21,tennis,sports,685
2025-04-21,soccer,sports,175
2025-04-21,nba,sports,107
2025-04-21,messi,sports,221
2025-04-21,ronaldo,sports,297
2025-04-21,olympics,sports,456
2025-04-21,championship,sports,333
2025-04-21,match,sports,156
2025-04-21,concert,music,750
2025-04-21,album,music,904
2025-04-21,song,music,712
2025-04-21,artist,music,750
2025-04-21,band,music,378
2025-04-21,taylor,music,232
2025-04-21,drake,music,93
2025-04-21,spotify,music,164
2025-04-21,festival,music,472
2025-04-21,grammy,music,760
2025-04-21,iphone,tech,1070
2025-04-21,android,tech,450
2025-04-21,google,tech,11
2025-04-21,app,tech,621
2025-04-21,ai,tech,376
2025-04-21,microsoft,tech,392
2025-04-21,update,tech,773
2025-04-21,launch,tech,144
2025-04-21,startup,tech,730
2025-04-21,device,tech,295
2025-05-05,football,sports,381
2025-05-05,basketball,sports,435
2025-05-05,tennis,sports,545
2025-05-05,soccer,sports,142
2025-05-05,nba,sports,98
2025-05-05,messi,sports,302
2025-05-05,ronaldo,sports,198
2025-05-05,olympics,sports,145
2025-05-05,championship,sports,159
2025-05-05,match,sports,63
2025-05-05,concert,music,47
2025-05-05,album,music,135
2025-05-05,song,music,649
2025-05-05,artist,music,95
2025-05-05,band,music,689
2025-05-05,taylor,music,225
2025-05-05,drake,music,303
2025-05-05,spotify,music,500
2025-05-05,festival,music,183
2025-05-05,grammy,music,361
2025-05-05,iphone,tech,232
2025-05-05,android,tech,181
2025-05-05,google,tech,138
2025-05-05,app,tech,908
2025-05-05,ai,tech,607
2025-05-05,microsoft,tech,177
2025-05-05,update,tech,180
2025-05-05,launch,tech,548
2025-05-05,startup,tech,442
2025-05-05,device,tech,603
2025-05-19,football,sports,603
2025-05-19,basketball,sports,487
2025-05-19,tennis,sports,629
2025-05-19,soccer,sports,680
2025-05-19,nba,sports,100
2025-05-19,messi,sports,1602
2025-05-19,ronaldo,sports,151
2025-05-19,olympics,sports,122
2025-05-19,championship,sports,994
2025-05-19,match,sports,133
2025-05-19,concert,music,82
2025-05-19,album,music,76
2025-05-19,song,music,85
2025-05-19,artist,music,227
2025-05-19,band,music,125
2025-05-19,taylor,music,816
2025-05-19,drake,music,563
2025-05-19,spotify,music,170
2025-05-19,festival,music,348
2025-05-19,grammy,music,245
2025-05-19,iphone,tech,1256
2025-05-19,android,tech,111
2025-05-19,google,tech,552
2025-05-19,app,tech,168
2025-05-19,ai,tech,46
2025-05-19,microsoft,tech,499
2025-05-19,update,tech,85
2025-05-19,launch,tech,547
2025-05-19,startup,tech,173
2025-05-19,device,tech,135
2025-06-02,football,sports,277
2025-06-02,basketball,sports,63
2025-06-02,tennis,sports,827
2025-06-02,soccer,sports,427
2025-06-02,nba,sports,144
2025-06-02,messi,sports,758
2025-06-02,ronaldo,sports,459
2025-06-02,olympics,sports,13
2025-06-02,championship,sports,629
2025-06-02,match,sports,761
2025-06-02,concert,music,162
2025-06-02,album,music,134
2025-06-02,song,music,144
2025-06-02,artist,music,100
2025-06-02,band,music,248
2025-06-02,taylor,music,227
2025-06-02,drake,music,151
2025-06-02,spotify,music,671
2025-06-02,festival,music,758
2025-06-02,grammy,music,388
2025-06-02,iphone,tech,73
2025-06-02,android,tech,448
2025-06-02,google,tech,99
2025-06-02,app,tech,133
2025-06-02,ai,tech,655
2025-06-02,microsoft,tech,197
2025-06-02,update,tech,79
2025-06-02,launch,tech,31
2025-06-02,startup,tech,588
2025-06-02,device,tech,745
2025-06-16,football,sports,188
2025-06-16,basketball,sports,572
2025-06-16,tennis,sports,237
2025-06-16,soccer,sports,101
2025-06-16,nba,sports,97
2025-06-16,messi,sports,917
2025-06-16,ronaldo,sports,178
2025-06-16,olympics,sports,489
2025-06-16,championship,sports,164
2025-06-16,match,sports,779
2025-06-16,concert,music,189
2025-06-16,album,music,193
2025-06-16,song,music,150
2025-06-16,artist,music,486
2025-06-16,band,music,136
2025-06-16,taylor,music,233
2025-06-16,drake,music,633
2025-06-16,spotify,music,563
2025-06-16,festival,music,385
2025-06-16,grammy,music,96
2025-06-16,iphone,tech,1006
2025-06-16,android,tech,451
2025-06-16,google,tech,122
2025-06-16,app,tech,126
2025-06-16,ai,tech,482
2025-06-16,microsoft,tech,167
2025-06-16,update,tech,201
2025-06-16,launch,tech,179
2025-06-16,startup,tech,158
2025-06-16,device,tech,560
2025-06-30,football,sports,103
2025-06-30,basketball,sports,162
2025-06-30,tennis,sports,175
2025-06-30,soccer,sports,162
2025-06-30,nba,sports,133
2025-06-30,messi,sports,457
2025-06-30,ronaldo,sports,839
2025-06-30,olympics,sports,281
2025-06-30,championship,sports,496
2025-06-30,match,sports,51
2025-06-30,concert,music,829
2025-06-30,album,music,625
2025-06-30,song,music,618
2025-06-30,artist,music,149
2025-06-30,band,music,704
2025-06-30,taylor,music,167
2025-06-30,drake,music,112
2025-06-30,spotify,music,722
2025-06-30,festival,music,74
2025-06-30,grammy,music,127
2025-06-30,iphone,tech,252
2025-06-30,android,tech,186
2025-06-30,google,tech,901
2025-06-30,app,tech,715
2025-06-30,ai,tech,238
2025-06-30,microsoft,tech,615
2025-06-30,update,tech,770
2025-06-30,launch,tech,536
2025-06-30,startup,tech,469
2025-06-30,device,tech,193
2025-07-14,football,sports,9
2025-07-14,basketball,sports,745
2025-07-14,tennis,sports,125
2025-07-14,soccer,sports,470
2025-07-14,nba,sports,421
2025-07-14,messi,sports,1291
2025-07-14,ronaldo,sports,194
2025-07-14,olympics,sports,712
2025-07-14,championship,sports,472
2025-07-14,match,sports,112
2025-07-14,concert,music,77
2025-07-14,album,music,187
2025-07-14,song,music,45
2025-07-14,artist,music,177
2025-07-14,band,music,664
2025-07-14,taylor,music,1649
2025-07-14,drake,music,114
2025-07-14,spotify,music,108
2025-07-14,festival,music,138
2025-07-14,grammy,music,488
2025-07-14,iphone,tech,372
2025-07-14,android,tech,638
2025-07-14,google,tech,163
2025-07-14,app,tech,121
2025-07-14,ai,tech,629
2025-07-14,microsoft,tech,836
2025-07-14,update,tech,550
2025-07-14,launch,tech,161
2025-07-14,startup,tech,800
2025-07-14,device,tech,472
2025-07-28,football,sports,161
2025-07-28,basketball,sports,618
2025-07-28,tennis,sports,603
2025-07-28,soccer,sports,136
2025-07-28,nba,sports,110
2025-07-28,messi,sports,372
2025-07-28,ronaldo,sports,205
2025-07-28,olympics,sports,914
2025-07-28,championship,sports,968
2025-07-28,match,sports,148
2025-07-28,concert,music,815
2025-07-28,album,music,846
2025-07-28,song,music,85
2025-07-28,artist,music,241
2025-07-28,band,music,656
2025-07-28,taylor,music,1521
2025-07-28,drake,music,260
2025-07-28,spotify,music,708
2025-07-28,festival,music,158
2025-07-28,grammy,music,94
2025-07-28,iphone,tech,228
2025-07-28,android,tech,777
2025-07-28,google,tech,80
2025-07-28,app,tech,69
2025-07-28,ai,tech,280
2025-07-28,microsoft,tech,865
2025-07-28,update,tech,582
2025-07-28,launch,tech,667
2025-07-28,startup,tech,1020
2025-07-28,device,tech,405
2025-08-11,football,sports,40
2025-08-11,basketball,sports,392
2025-08-11,tennis,sports,743
2025-08-11,soccer,sports,611
2025-08-11,nba,sports,730
2025-08-11,messi,sports,173
2025-08-11,ronaldo,sports,649
2025-08-11,olympics,sports,586
2025-08-11,championship,sports,117
2025-08-11,match,sports,593
2025-08-11,concert,music,859
2025-08-11,album,music,218
2025-08-11,song,music,154
2025-08-11,artist,music,162
2025-08-11,band,music,34
2025-08-11,taylor,music,175
2025-08-11,drake,music,647
2025-08-11,spotify,music,827
2025-08-11,festival,music,428
2025-08-11,grammy,music,166
2025-08-11,iphone,tech,1320
2025-08-11,android,tech,178
2025-08-11,google,tech,134
2025-08-11,app,tech,389
2025-08-11,ai,tech,108
2025-08-11,microsoft,tech,915
2025-08-11,update,tech,246
2025-08-11,launch,tech,519
2025-08-11,startup,tech,210
2025-08-11,device,tech,620
2025-08-25,football,sports,144
2025-08-25,basketball,sports,529
2025-08-25,tennis,sports,424
2025-08-25,soccer,sports,1101
2025-08-25,nba,sports,598
2025-08-25,messi,sports,1117
2025-08-25,ronaldo,sports,128
2025-08-25,olympics,sports,122
2025-08-25,championship,sports,96
2025-08-25,match,sports,51
2025-08-25,concert,music,535
2025-08-25,album,music,49
2025-08-25,song,music,103
2025-08-25,artist,music,247
2025-08-25,band,music,140
2025-08-25,taylor,music,198
2025-08-25,drake,music,71
2025-08-25,spotify,music,85
2025-08-25,festival,music,453
2025-08-25,grammy,music,172
2025-08-25,iphone,tech,220
2025-08-25,android,tech,103
2025-08-25,google,tech,432
2025-08-25,app,tech,984
2025-08-25,ai,tech,114
2025-08-25,microsoft,tech,137
2025-08-25,update,tech,861
2025-08-25,launch,tech,146
2025-08-25,startup,tech,355
2025-08-25,device,tech,759
2025-09-08,football,sports,369
2025-09-08,basketball,sports,95
2025-09-08,tennis,sports,139
2025-09-08,soccer,sports,752
2025-09-08,nba,sports,680
2025-09-08,messi,sports,270
2025-09-08,ronaldo,sports,156
2025-09-08,olympics,sports,710
2025-09-08,championship,sports,244
2025-09-08,match,sports,375
2025-09-08,concert,music,430
2025-09-08,album,music,605
2025-09-08,song,music,483
2025-09-08,artist,music,516
2025-09-08,band,music,352
2025-09-08,taylor,music,306
2025-09-08,drake,music,495
2025-09-08,spotify,music,753
2025-09-08,festival,music,503
2025-09-08,grammy,music,794
2025-09-08,iphone,tech,344
2025-09-08,android,tech,112
2025-09-08,google,tech,1006
2025-09-08,app,tech,849
2025-09-08,ai,tech,518
2025-09-08,microsoft,tech,457
2025-09-08,update,tech,661
2025-09-08,launch,tech,115
2025-09-08,startup,tech,81
2025-09-08,device,tech,161
2025-09-22,football,sports,1002
2025-09-22,basketball,sports,125
2025-09-22,tennis,sports,1037
2025-09-22,soccer,sports,166
2025-09-22,nba,sports,978
2025-09-22,messi,sports,189
2025-09-22,ronaldo,sports,160
2025-09-22,olympics,sports,192
2025-09-22,championship,sports,306
2025-09-22,match,sports,189
2025-09-22,concert,music,673
2025-09-22,album,music,52
2025-09-22,song,music,188
2025-09-22,artist,music,507
2025-09-22,band,music,27
2025-09-22,taylor,music,248
2025-09-22,drake,music,180
2025-09-22,spotify,music,719
2025-09-22,festival,music,782
2025-09-22,grammy,music,705
2025-09-22,iphone,tech,357
2025-09-22,android,tech,1080
2025-09-22,google,tech,165
2025-09-22,app,tech,680
2025-09-22,ai,tech,209
2025-09-22,microsoft,tech,58
2025-09-22,update,tech,694
2025-09-22,launch,tech,657
2025-09-22,startup,tech,130
2025-09-22,device,tech,556
2025-10-06,football,sports,21
2025-10-06,basketball,sports,80
2025-10-06,tennis,sports,939
2025-10-06,soccer,sports,837
2025-10-06,nba,sports,183
2025-10-06,messi,sports,113
2025-10-06,ronaldo,sports,131
2025-10-06,olympics,sports,949
2025-10-06,championship,sports,44
2025-10-06,match,sports,758
2025-10-06,concert,music,737
2025-10-06,album,music,218
2025-10-06,song,music,668
2025-10-06,artist,music,500
2025-10-06,band,music,65
2025-10-06,taylor,music,189
2025-10-06,drake,music,123
2025-10-06,spotify,music,525
2025-10-06,festival,music,174
2025-10-06,grammy,music,986
2025-10-06,iphone,tech,2084
2025-10-06,android,tech,469
2025-10-06,google,tech,521
2025-10-06,app,tech,970
2025-10-06,ai,tech,24
2025-10-06,microsoft,tech,721
2025-10-06,update,tech,517
2025-10-06,launch,tech,113
2025-10-06,startup,tech,971
2025-10-06,device,tech,184
2025-10-20,football,sports,158
2025-10-20,basketball,sports,582
2025-10-20,tennis,sports,467
2025-10-20,soccer,sports,169
2025-10-20,nba,sports,141
2025-10-20,messi,sports,1295
2025-10-20,ronaldo,sports,199
2025-10-20,olympics,sports,233
2025-10-20,championship,sports,375
2025-10-20,match,sports,818
2025-10-20,concert,music,984
2025-10-20,album,music,778
2025-10-20,song,music,275
2025-10-20,artist,music,210
2025-10-20,band,music,43
2025-10-20,taylor,music,881
2025-10-20,drake,music,1030
2025-10-20,spotify,music,181
2025-10-20,festival,music,216
2025-10-20,grammy,music,557
2025-10-20,iphone,tech,239
2025-10-20,android,tech,164
2025-10-20,google,tech,760
2025-10-20,app,tech,64
2025-10-20,ai,tech,715
2025-10-20,microsoft,tech,705
2025-10-20,update,tech,155
2025-10-20,launch,tech,113
2025-10-20,startup,tech,101
2025-10-20,device,tech,122
2025-11-03,football,sports,42
2025-11-03,basketball,sports,572
2025-11-03,tennis,sports,410
2025-11-03,soccer,sports,65
2025-11-03,nba,sports,643
2025-11-03,messi,sports,1956
2025-11-03,ronaldo,sports,335
2025-11-03,olympics,sports,769
2025-11-03,championship,sports,589
2025-11-03,match,sports,267
2025-11-03,concert,music,158
2025-11-03,album,music,29
2025-11-03,song,music,185
2025-11-03,artist,music,1081
2025-11-03,band,music,814
2025-11-03,taylor,music,208
2025-11-03,drake,music,28
2025-11-03,spotify,music,77
2025-11-03,festival,music,959
2025-11-03,grammy,music,400
2025-11-03,iphone,tech,156
2025-11-03,android,tech,162
2025-11-03,google,tech,173
2025-11-03,app,tech,400
2025-11-03,ai,tech,88
2025-11-03,microsoft,tech,485
2025-11-03,update,tech,122
2025-11-03,launch,tech,640
2025-11-03,startup,tech,988
2025-11-03,device,tech,154
2025-11-17,football,sports,515
2025-11-17,basketball,sports,51
2025-11-17,tennis,sports,160
2025-11-17,soccer,sports,151
2025-11-17,nba,sports,652
2025-11-17,messi,sports,1823
2025-11-17,ronaldo,sports,70
2025-11-17,olympics,sports,132
2025-11-17,championship,sports,701
2025-11-17,match,sports,126
2025-11-17,concert,music,1175
2025-11-17,album,music,670
2025-11-17,song,music,588
2025-11-17,artist,music,191
2025-11-17,band,music,832
2025-11-17,taylor,music,93
2025-11-17,drake,music,639
2025-11-17,spotify,music,766
2025-11-17,festival,music,777
2025-11-17,grammy,music,150
2025-11-17,iphone,tech,72
2025-11-17,android,tech,84
2025-11-17,google,tech,593
2025-11-17,app,tech,54
2025-11-17,ai,tech,137
2025-11-17,microsoft,tech,711
2025-11-17,update,tech,616
2025-11-17,launch,tech,1159
2025-11-17,startup,tech,872
2025-11-17,device,tech,902
2025-12-01,football,sports,65
2025-12-01,basketball,sports,747
2025-12-01,tennis,sports,480
2025-12-01,soccer,sports,113
2025-12-01,nba,sports,132
2025-12-01,messi,sports,260
2025-12-01,ronaldo,sports,671
2025-12-01,olympics,sports,147
2025-12-01,championship,sports,147
2025-12-01,match,sports,99
2025-12-01,concert,music,110
2025-12-01,album,music,857
2025-12-01,song,music,141
2025-12-01,artist,music,720
2025-12-01,band,music,80
2025-12-01,taylor,music,953
2025-12-01,drake,music,134
2025-12-01,spotify,music,69
2025-12-01,festival,music,660
2025-12-01,grammy,music,80
2025-12-01,iphone,tech,1044
2025-12-01,android,tech,373
2025-12-01,google,tech,67
2025-12-01,app,tech,830
2025-12-01,ai,tech,98
2025-12-01,microsoft,tech,708
2025-12-01,update,tech,1009
2025-12-01,launch,tech,186
2025-12-01,startup,tech,73
2025-12-01,device,tech,166
2025-12-15,football,sports,511
2025-12-15,basketball,sports,1234
2025-12-15,tennis,sports,74
2025-12-15,soccer,sports,1202
2025-12-15,nba,sports,599
2025-12-15,messi,sports,1416
2025-12-15,ronaldo,sports,147
2025-12-15,olympics,sports,1050
2025-12-15,championship,sports,1143
2025-12-15,match,sports,571
2025-12-15,concert,music,222
2025-12-15,album,music,84
2025-12-15,song,music,115
2025-12-15,artist,music,745
2025-12-15,band,music,744
2025-12-15,taylor,music,425
2025-12-15,drake,music,550
2025-12-15,spotify,music,861
2025-12-15,festival,music,841
2025-12-15,grammy,music,1145
2025-12-15,iphone,tech,1314
2025-12-15,android,tech,66
2025-12-15,google,tech,40
2025-12-15,app,tech,17
2025-12-15,ai,tech,850
2025-12-15,microsoft,tech,295
2025-12-15,update,tech,78
2025-12-15,launch,tech,571
2025-12-15,startup,tech,192
2025-12-15,device,tech,607
2025-12-29,football,sports,75
2025-12-29,basketball,sports,134
2025-12-29,tennis,sports,91
2025-12-29,soccer,sports,703
2025-12-29,nba,sports,991
2025-12-29,messi,sports,2121
2025-12-29,ronaldo,sports,1012
2025-12-29,olympics,sports,1079
2025-12-29,championship,sports,625
2025-12-29,match,sports,118
2025-12-29,concert,music,75
2025-12-29,album,music,158
2025-12-29,song,music,37
2025-12-29,artist,music,136
2025-12-29,band,music,646
2025-12-29,taylor,music,1146
2025-12-29,drake,music,155
2025-12-29,spotify,music,962
2025-12-29,festival,music,538
2025-12-29,grammy,music,197
2025-12-29,iphone,tech,1719
2025-12-29,android,tech,175
2025-12-29,google,tech,135
2025-12-29,app,tech,142
2025-12-29,ai,tech,101
2025-12-29,microsoft,tech,204
2025-12-29,update,tech,925
2025-12-29,launch,tech,65
2025-12-29,startup,tech,46
2025-12-29,device,tech,144
2026-01-12,football,sports,1084
2026-01-12,basketball,sports,54
2026-01-12,tennis,sports,684
2026-01-12,soccer,sports,133
2026-01-12,nba,sports,144
2026-01-12,messi,sports,0
2026-01-12,ronaldo,sports,942
2026-01-12,olympics,sports,605
2026-01-12,championship,sports,206
2026-01-12,match,sports,31
2026-01-12,concert,music,257
2026-01-12,album,music,559
2026-01-12,song,music,11
2026-01-12,artist,music,976
2026-01-12,band,music,195
2026-01-12,taylor,music,1317
2026-01-12,drake,music,106
2026-01-12,spotify,music,519
2026-01-12,festival,music,1235
2026-01-12,grammy,music,783
2026-01-12,iphone,tech,862
2026-01-12,android,tech,1141
2026-01-12,google,tech,142
2026-01-12,app,tech,866
2026-01-12,ai,tech,139
2026-01-12,microsoft,tech,220
2026-01-12,update,tech,140
2026-01-12,launch,tech,177
2026-01-12,startup,tech,89
2026-01-12,device,tech,1078
2026-01-26,football,sports,135
2026-01-26,basketball,sports,611
2026-01-26,tennis,sports,709
2026-01-26,soccer,sports,269
2026-01-26,nba,sports,805
2026-01-26,messi,sports,188
2026-01-26,ronaldo,sports,98
2026-01-26,olympics,sports,226
2026-01-26,championship,sports,135
2026-01-26,match,sports,112
2026-01-26,concert,music,534
2026-01-26,album,music,1421
2026-01-26,song,music,506
2026-01-26,artist,music,113
2026-01-26,band,music,823
2026-01-26,taylor,music,156
2026-01-26,drake,music,197
2026-01-26,spotify,music,116
2026-01-26,festival,music,782
2026-01-26,grammy,music,1117
2026-01-26,iphone,tech,324
2026-01-26,android,tech,774
2026-01-26,google,tech,186
2026-01-26,app,tech,628
2026-01-26,ai,tech,848
2026-01-26,microsoft,tech,43
2026-01-26,update,tech,430
2026-01-26,launch,tech,1112
2026-01-26,startup,tech,593
2026-01-26,device,tech,198
2026-02-09,football,sports,206
2026-02-09,basketball,sports,1077
2026-02-09,tennis,sports,396
2026-02-09,soccer,sports,655
2026-02-09,nba,sports,710
2026-02-09,messi,sports,127
2026-02-09,ronaldo,sports,109
2026-02-09,olympics,sports,887
2026-02-09,championship,sports,620
2026-02-09,match,sports,173
2026-02-09,concert,music,65
2026-02-09,album,music,141
2026-02-09,song,music,653
2026-02-09,artist,music,499
2026-02-09,band,music,562
2026-02-09,taylor,music,332
2026-02-09,drake,music,83
2026-02-09,spotify,music,1280
2026-02-09,festival,music,845
2026-02-09,grammy,music,25
2026-02-09,iphone,tech,1339
2026-02-09,android,tech,729
2026-02-09,google,tech,60
2026-02-09,app,tech,1051
2026-02-09,ai,tech,109
2026-02-09,microsoft,tech,1064
2026-02-09,update,tech,15
2026-02-09,launch,tech,923
2026-02-09,startup,tech,162
2026-02-09,device,tech,103
2026-02-23,football,sports,879
2026-02-23,basketball,sports,130
2026-02-23,tennis,sports,140
2026-02-23,soccer,sports,64
2026-02-23,nba,sports,172
2026-02-23,messi,sports,2576
2026-02-23,ronaldo,sports,65
2026-02-23,olympics,sports,100
2026-02-23,championship,sports,130
2026-02-23,match,sports,976
2026-02-23,concert,music,1268
2026-02-23,album,music,181
2026-02-23,song,music,605
2026-02-23,artist,music,935
2026-02-23,band,music,86
2026-02-23,taylor,music,1688
2026-02-23,drake,music,889
2026-02-23,spotify,music,848
2026-02-23,festival,music,544
2026-02-23,grammy,music,112
2026-02-23,iphone,tech,1772
2026-02-23,android,tech,128
2026-02-23,google,tech,610
2026-02-23,app,tech,150
2026-02-23,ai,tech,813
2026-02-23,microsoft,tech,220
2026-02-23,update,tech,814
2026-02-23,launch,tech,217
2026-02-23,startup,tech,677
2026-02-23,device,tech,902
2026-03-09,football,sports,644
2026-03-09,basketball,sports,591
2026-03-09,tennis,sports,140
2026-03-09,soccer,sports,833
2026-03-09,nba,sports,71
2026-03-09,messi,sports,1377
2026-03-09,ronaldo,sports,123
2026-03-09,olympics,sports,1084
2026-03-09,championship,sports,158
2026-03-09,match,sports,550
2026-03-09,concert,music,957
2026-03-09,album,music,184
2026-03-09,song,music,770
2026-03-09,artist,music,80
2026-03-09,band,music,863
2026-03-09,taylor,music,250
2026-03-09,drake,music,1127
2026-03-09,spotify,music,136
2026-03-09,festival,music,1061
2026-03-09,grammy,music,516
2026-03-09,iphone,tech,1316
2026-03-09,android,tech,213
2026-03-09,google,tech,101
2026-03-09,app,tech,550
2026-03-09,ai,tech,598
2026-03-09,microsoft,tech,96
2026-03-09,update,tech,168
2026-03-09,launch,tech,142
2026-03-09,startup,tech,562
2026-03-09,device,tech,1245
2026-03-23,football,sports,149
2026-03-23,basketball,sports,915
2026-03-23,tennis,sports,171
2026-03-23,soccer,sports,160
2026-03-23,nba,sports,1341
2026-03-23,messi,sports,1442
2026-03-23,ronaldo,sports,915
2026-03-23,olympics,sports,685
2026-03-23,championship,sports,716
2026-03-23,match,sports,510
2026-03-23,concert,music,51
2026-03-23,album,music,119
2026-03-23,song,music,214
2026-03-23,artist,music,78
2026-03-23,band,music,787
2026-03-23,taylor,music,1579
2026-03-23,drake,music,197
2026-03-23,spotify,music,59
2026-03-23,festival,music,772
2026-03-23,grammy,music,920
2026-03-23,iphone,tech,1255
2026-03-23,android,tech,129
2026-03-23,google,tech,551
2026-03-23,app,tech,1069
2026-03-23,ai,tech,161
2026-03-23,microsoft,tech,1128
2026-03-23,update,tech,952
2026-03-23,launch,tech,1065
2026-03-23,startup,tech,843
2026-03-23,device,tech,77
2026-04-06,football,sports,149
2026-04-06,basketball,sports,1190
2026-04-06,tennis,sports,86
2026-04-06,soccer,sports,787
2026-04-06,nba,sports,61
2026-04-06,messi,sports,329
2026-04-06,ronaldo,sports,818
2026-04-06,olympics,sports,924
2026-04-06,championship,sports,744
2026-04-06,match,sports,100
2026-04-06,concert,music,1006
2026-04-06,album,music,18
2026-04-06,song,music,84
2026-04-06,artist,music,743
2026-04-06,band,music,79
2026-04-06,taylor,music,282
2026-04-06,drake,music,71
2026-04-06,spotify,music,622
2026-04-06,festival,music,671
2026-04-06,grammy,music,660
2026-04-06,iphone,tech,1204
2026-04-06,android,tech,93
2026-04-06,google,tech,20
2026-04-06,app,tech,832
2026-04-06,ai,tech,221
2026-04-06,microsoft,tech,1034
2026-04-06,update,tech,41
2026-04-06,launch,tech,88
2026-04-06,startup,tech,190
2026-04-06,device,tech,1079
2026-04-20,football,sports,594
2026-04-20,basketball,sports,1161
2026-04-20,tennis,sports,76
2026-04-20,soccer,sports,223
2026-04-20,nba,sports,908
2026-04-20,messi,sports,2665
2026-04-20,ronaldo,sports,229
2026-04-20,olympics,sports,412
2026-04-20,championship,sports,76
2026-04-20,match,sports,1123
2026-04-20,concert,music,1108
2026-04-20,album,music,100
2026-04-20,song,music,93
2026-04-20,artist,music,136
2026-04-20,band,music,137
2026-04-20,taylor,music,1411
2026-04-20,drake,music,120
2026-04-20,spotify,music,113
2026-04-20,festival,music,39
2026-04-20,grammy,music,898
2026-04-20,iphone,tech,433
2026-04-20,android,tech,941
2026-04-20,google,tech,930
2026-04-20,app,tech,60
2026-04-20,ai,tech,745
2026-04-20,microsoft,tech,75
2026-04-20,update,tech,164
2026-04-20,launch,tech,179
2026-04-20,startup,tech,100
2026-04-20,device,tech,139
2026-05-04,football,sports,1370
2026-05-04,basketball,sports,682
2026-05-04,tennis,sports,59
2026-05-04,soccer,sports,631
2026-05-04,nba,sports,249
2026-05-04,messi,sports,302
2026-05-04,ronaldo,sports,201
2026-05-04,olympics,sports,228
2026-05-04,championship,sports,165
2026-05-04,match,sports,95
2026-05-04,concert,music,907
2026-05-04,album,music,1216
2026-05-04,song,music,734
2026-05-04,artist,music,884
2026-05-04,band,music,149
2026-05-04,taylor,music,1714
2026-05-04,drake,music,112
2026-05-04,spotify,music,95
2026-05-04,festival,music,25
2026-05-04,grammy,music,810
2026-05-04,iphone,tech,2472
2026-05-04,android,tech,1160
2026-05-04,google,tech,902
2026-05-04,app,tech,685
2026-05-04,ai,tech,187
2026-05-04,microsoft,tech,1328
2026-05-04,update,tech,1289
2026-05-04,launch,tech,585
2026-05-04,startup,tech,1060
2026-05-04,device,tech,221
2026-05-18,football,sports,89
2026-05-18,basketball,sports,179
2026-05-18,tennis,sports,906
2026-05-18,soccer,sports,947
2026-05-18,nba,sports,69
2026-05-18,messi,sports,1632
2026-05-18,ronaldo,sports,864
2026-05-18,olympics,sports,46
2026-05-18,championship,sports,104
2026-05-18,match,sports,218
2026-05-18,concert,music,541
2026-05-18,album,music,596
2026-05-18,song,music,164
2026-05-18,artist,music,135
2026-05-18,band,music,613
2026-05-18,taylor,music,1134
2026-05-18,drake,music,1073
2026-05-18,spotify,music,966
2026-05-18,festival,music,342
2026-05-18,grammy,music,228
2026-05-18,iphone,tech,218
2026-05-18,android,tech,696
2026-05-18,google,tech,51
2026-05-18,app,tech,710
2026-05-18,ai,tech,1003
2026-05-18,microsoft,tech,752
2026-05-18,update,tech,679
2026-05-18,launch,tech,133
2026-05-18,startup,tech,652
2026-05-18,device,tech,114
2026-06-01,football,sports,1150
2026-06-01,basketball,sports,1309
2026-06-01,tennis,sports,138
2026-06-01,soccer,sports,148
2026-06-01,nba,sports,154
2026-06-01,messi,sports,2195
2026-06-01,ronaldo,sports,644
2026-06-01,olympics,sports,133
2026-06-01,championship,sports,223
2026-06-01,match,sports,62
2026-06-01,concert,music,140
2026-06-01,album,music,108
2026-06-01,song,music,759
2026-06-01,artist,music,1084
2026-06-01,band,music,166
2026-06-01,taylor,music,2358
2026-06-01,drake,music,790
2026-06-01,spotify,music,111
2026-06-01,festival,music,97
2026-06-01,grammy,music,1268
2026-06-01,iphone,tech,2503
2026-06-01,android,tech,651
2026-06-01,google,tech,31
2026-06-01,app,tech,578
2026-06-01,ai,tech,64
2026-06-01,microsoft,tech,866
2026-06-01,update,tech,127
2026-06-01,launch,tech,120
2026-06-01,startup,tech,1060
2026-06-01,device,tech,54
2026-06-15,football,sports,240
2026-06-15,basketball,sports,1129
2026-06-15,tennis,sports,1516
2026-06-15,soccer,sports,107
2026-06-15,nba,sports,215
2026-06-15,messi,sports,1357
2026-06-15,ronaldo,sports,94
2026-06-15,olympics,sports,1055
2026-06-15,championship,sports,198
2026-06-15,match,sports,98
2026-06-15,concert,music,118
2026-06-15,album,music,224
2026-06-15,song,music,1441
2026-06-15,artist,music,141
2026-06-15,band,music,517
2026-06-15,taylor,music,275
2026-06-15,drake,music,161
2026-06-15,spotify,music,578
2026-06-15,festival,music,944
2026-06-15,grammy,music,61
2026-06-15,iphone,tech,188
2026-06-15,android,tech,805
2026-06-15,google,tech,752
2026-06-15,app,tech,1016
2026-06-15,ai,tech,132
2026-06-15,microsoft,tech,137
2026-06-15,update,tech,871
2026-06-15,launch,tech,70
2026-06-15,startup,tech,126
2026-06-15,device,tech,101
2026-06-29,football,sports,19
2026-06-29,basketball,sports,158
2026-06-29,tennis,sports,109
2026-06-29,soccer,sports,790
2026-06-29,nba,sports,969
2026-06-29,messi,sports,2196
2026-06-29,ronaldo,sports,106
2026-06-29,olympics,sports,1016
2026-06-29,championship,sports,554
2026-06-29,match,sports,1376
2026-06-29,concert,music,690
2026-06-29,album,music,47
2026-06-29,song,music,126
2026-06-29,artist,music,80
2026-06-29,band,music,185
2026-06-29,taylor,music,563
2026-06-29,drake,music,94
2026-06-29,spotify,music,619
2026-06-29,festival,music,196
2026-06-29,grammy,music,232
2026-06-29,iphone,tech,491
2026-06-29,android,tech,212
2026-06-29,google,tech,1151
2026-06-29,app,tech,825
2026-06-29,ai,tech,757
2026-06-29,microsoft,tech,133
2026-06-29,update,tech,681
2026-06-29,launch,tech,1015
2026-06-29,startup,tech,698
2026-06-29,device,tech,965
2026-07-13,football,sports,1395
2026-07-13,basketball,sports,858
2026-07-13,tennis,sports,787
2026-07-13,soccer,sports,960
2026-07-13,nba,sports,209
2026-07-13,messi,sports,1451
2026-07-13,ronaldo,sports,147
2026-07-13,olympics,sports,933
2026-07-13,championship,sports,960
2026-07-13,match,sports,185
2026-07-13,concert,music,102
2026-07-13,album,music,111
2026-07-13,song,music,568
2026-07-13,artist,music,222
2026-07-13,band,music,894
2026-07-13,taylor,music,355
2026-07-13,drake,music,887
2026-07-13,spotify,music,135
2026-07-13,festival,music,1155
2026-07-13,grammy,music,186
2026-07-13,iphone,tech,1706
2026-07-13,android,tech,178
2026-07-13,google,tech,63
2026-07-13,app,tech,1
2026-07-13,ai,tech,842
2026-07-13,microsoft,tech,870
2026-07-13,update,tech,961
2026-07-13,launch,tech,671
2026-07-13,startup,tech,1150
2026-07-13,device,tech,365
2026-07-27,football,sports,679
2026-07-27,basketball,sports,613
2026-07-27,tennis,sports,740
2026-07-27,soccer,sports,975
2026-07-27,nba,sports,1256
2026-07-27,messi,sports,2345
2026-07-27,ronaldo,sports,131
2026-07-27,olympics,sports,814
2026-07-27,championship,sports,739
2026-07-27,match,sports,104
2026-07-27,concert,music,160
2026-07-27,album,music,216
2026-07-27,song,music,212
2026-07-27,artist,music,150
2026-07-27,band,music,88
2026-07-27,taylor,music,477
2026-07-27,drake,music,895
2026-07-27,spotify,music,1557
2026-07-27,festival,music,829
2026-07-27,grammy,music,1178
2026-07-27,iphone,tech,229
2026-07-27,android,tech,51
2026-07-27,google,tech,86
2026-07-27,app,tech,199
2026-07-27,ai,tech,125
2026-07-27,microsoft,tech,116
2026-07-27,update,tech,1007
2026-07-27,launch,tech,610
2026-07-27,startup,tech,767
2026-07-27,device,tech,127
2026-08-10,football,sports,872
2026-08-10,basketball,sports,167
2026-08-10,tennis,sports,513
2026-08-10,soccer,sports,51
2026-08-10,nba,sports,291
2026-08-10,messi,sports,1459
2026-08-10,ronaldo,sports,178
2026-08-10,olympics,sports,914
2026-08-10,championship,sports,179
2026-08-10,match,sports,142
2026-08-10,concert,music,1444
2026-08-10,album,music,710
2026-08-10,song,music,227
2026-08-10,artist,music,520
2026-08-10,band,music,1086
2026-08-10,taylor,music,2210
2026-08-10,drake,music,708
2026-08-10,spotify,music,1373
2026-08-10,festival,music,1315
2026-08-10,grammy,music,1272
2026-08-10,iphone,tech,310
2026-08-10,android,tech,153
2026-08-10,google,tech,809
2026-08-10,app,tech,574
2026-08-10,ai,tech,0
2026-08-10,microsoft,tech,1239
2026-08-10,update,tech,295
2026-08-10,launch,tech,834
2026-08-10,startup,tech,149
2026-08-10,device,tech,1332
2026-08-24,football,sports,1106
2026-08-24,basketball,sports,991
2026-08-24,tennis,sports,79
2026-08-24,soccer,sports,70
2026-08-24,nba,sports,1082
2026-08-24,messi,sports,2032
2026-08-24,ronaldo,sports,521
2026-08-24,olympics,sports,841
2026-08-24,championship,sports,126
2026-08-24,match,sports,984
2026-08-24,concert,music,954
2026-08-24,album,music,786
2026-08-24,song,music,62
2026-08-24,artist,music,96
2026-08-24,band,music,20
2026-08-24,taylor,music,424
2026-08-24,drake,music,166
2026-08-24,spotify,music,684
2026-08-24,festival,music,135
2026-08-24,grammy,music,0
2026-08-24,iphone,tech,1863
2026-08-24,android,tech,216
2026-08-24,google,tech,70
2026-08-24,app,tech,119
2026-08-24,ai,tech,880
2026-08-24,microsoft,tech,111
2026-08-24,update,tech,109
2026-08-24,launch,tech,41
2026-08-24,startup,tech,134
2026-08-24,device,tech,684
2026-09-07,football,sports,913
2026-09-07,basketball,sports,95
2026-09-07,tennis,sports,116
2026-09-07,soccer,sports,1098
2026-09-07,nba,sports,243
2026-09-07,messi,sports,214
2026-09-07,ronaldo,sports,784
2026-09-07,olympics,sports,1559
2026-09-07,championship,sports,1245
2026-09-07,match,sports,181
2026-09-07,concert,music,637
2026-09-07,album,music,64
2026-09-07,song,music,66
2026-09-07,artist,music,1059
2026-09-07,band,music,133
2026-09-07,taylor,music,1640
2026-09-07,drake,music,221
2026-09-07,spotify,music,122
2026-09-07,festival,music,777
2026-09-07,grammy,music,144
2026-09-07,iphone,tech,285
2026-09-07,android,tech,1402
2026-09-07,google,tech,1130
2026-09-07,app,tech,1084
2026-09-07,ai,tech,141
2026-09-07,microsoft,tech,44
2026-09-07,update,tech,145
2026-09-07,launch,tech,93
2026-09-07,startup,tech,158
2026-09-07,device,tech,1034
2026-09-21,football,sports,545
2026-09-21,basketball,sports,179
2026-09-21,tennis,sports,119
2026-09-21,soccer,sports,163
2026-09-21,nba,sports,106
2026-09-21,messi,sports,2501
2026-09-21,ronaldo,sports,61
2026-09-21,olympics,sports,457
2026-09-21,championship,sports,672
2026-09-21,match,sports,1000
2026-09-21,concert,music,161
2026-09-21,album,music,230
2026-09-21,song,music,676
2026-09-21,artist,music,40
2026-09-21,band,music,264
2026-09-21,taylor,music,186
2026-09-21,drake,music,1113
2026-09-21,spotify,music,1071
2026-09-21,festival,music,963
2026-09-21,grammy,music,0
2026-09-21,iphone,tech,2084
2026-09-21,android,tech,795
2026-09-21,google,tech,700
2026-09-21,app,tech,252
2026-09-21,ai,tech,83
2026-09-21,microsoft,tech,967
2026-09-21,update,tech,195
2026-09-21,launch,tech,794
2026-09-21,startup,tech,143
2026-09-21,device,tech,60
2026-10-05,football,sports,957
2026-10-05,basketball,sports,122
2026-10-05,tennis,sports,134
2026-10-05,soccer,sports,125
2026-10-05,nba,sports,1634
2026-10-05,messi,sports,2724
2026-10-05,ronaldo,sports,166
2026-10-05,olympics,sports,108
2026-10-05,championship,sports,115
2026-10-05,match,sports,142
2026-10-05,concert,music,1445
2026-10-05,album,music,604
2026-10-05,song,music,1001
2026-10-05,artist,music,1312
2026-10-05,band,music,118
2026-10-05,taylor,music,237
2026-10-05,drake,music,115
2026-10-05,spotify,music,1682
2026-10-05,festival,music,189
2026-10-05,grammy,music,121
2026-10-05,iphone,tech,294
2026-10-05,android,tech,143
2026-10-05,google,tech,1047
2026-10-05,app,tech,111
2026-10-05,ai,tech,763
2026-10-05,microsoft,tech,177
2026-10-05,update,tech,109
2026-10-05,launch,tech,654
2026-10-05,startup,tech,100
2026-10-05,device,tech,55
2026-10-19,football,sports,2
2026-10-19,basketball,sports,109
2026-10-19,tennis,sports,115
2026-10-19,soccer,sports,1285
2026-10-19,nba,sports,119
2026-10-19,messi,sports,242
2026-10-19,ronaldo,sports,981
2026-10-19,olympics,sports,201
2026-10-19,championship,sports,704
2026-10-19,match,sports,1277
2026-10-19,concert,music,92
2026-10-19,album,music,185
2026-10-19,song,music,132
2026-10-19,artist,music,136
2026-10-19,band,music,939
2026-10-19,taylor,music,1830
2026-10-19,drake,music,43
2026-10-19,spotify,music,70
2026-10-19,festival,music,1265
2026-10-19,grammy,music,1044
2026-10-19,iphone,tech,218
2026-10-19,android,tech,1256
2026-10-19,google,tech,658
2026-10-19,app,tech,132
2026-10-19,ai,tech,119
2026-10-19,microsoft,tech,132
2026-10-19,update,tech,155
2026-10-19,launch,tech,1410
2026-10-19,startup,tech,1268
2026-10-19,device,tech,202
2026-11-02,football,sports,122
2026-11-02,basketball,sports,87
2026-11-02,tennis,sports,164
2026-11-02,soccer,sports,726
2026-11-02,nba,sports,1301
2026-11-02,messi,sports,1105
2026-11-02,ronaldo,sports,937
2026-11-02,olympics,sports,109
2026-11-02,championship,sports,898
2026-11-02,match,sports,78
2026-11-02,concert,music,1536
2026-11-02,album,music,70
2026-11-02,song,music,297
2026-11-02,artist,music,1280
2026-11-02,band,music,620
2026-11-02,taylor,music,257
2026-11-02,drake,music,99
2026-11-02,spotify,music,1146
2026-11-02,festival,music,112
2026-11-02,grammy,music,84
2026-11-02,iphone,tech,1893
2026-11-02,android,tech,605
2026-11-02,google,tech,171
2026-11-02,app,tech,582
2026-11-02,ai,tech,575
2026-11-02,microsoft,tech,927
2026-11-02,update,tech,70
2026-11-02,launch,tech,761
2026-11-02,startup,tech,1450
2026-11-02,device,tech,14
2026-11-16,football,sports,1017
2026-11-16,basketball,sports,882
2026-11-16,tennis,sports,112
2026-11-16,soccer,sports,50
2026-11-16,nba,sports,722
2026-11-16,messi,sports,384
2026-11-16,ronaldo,sports,236
2026-11-16,olympics,sports,1112
2026-11-16,championship,sports,568
2026-11-16,match,sports,924
2026-11-16,concert,music,181
2026-11-16,album,music,82
2026-11-16,song,music,139
2026-11-16,artist,music,841
2026-11-16,band,music,178
2026-11-16,taylor,music,3018
2026-11-16,drake,music,1390
2026-11-16,spotify,music,83
2026-11-16,festival,music,178
2026-11-16,grammy,music,154
2026-11-16,iphone,tech,3055
2026-11-16,android,tech,239
2026-11-16,google,tech,85
2026-11-16,app,tech,1071
2026-11-16,ai,tech,832
2026-11-16,microsoft,tech,848
2026-11-16,update,tech,1052
2026-11-16,launch,tech,1615
2026-11-16,startup,tech,204
2026-11-16,device,tech,1599
2026-11-30,football,sports,279
2026-11-30,basketball,sports,144
2026-11-30,tennis,sports,132
2026-11-30,soccer,sports,1223
2026-11-30,nba,sports,1501
2026-11-30,messi,sports,2502
2026-11-30,ronaldo,sports,1692
2026-11-30,olympics,sports,86
2026-11-30,championship,sports,1288
2026-11-30,match,sports,168
2026-11-30,concert,music,1126
2026-11-30,album,music,110
2026-11-30,song,music,1661
2026-11-30,artist,music,748
2026-11-30,band,music,1438
2026-11-30,taylor,music,3046
2026-11-30,drake,music,182
2026-11-30,spotify,music,173
2026-11-30,festival,music,156
2026-11-30,grammy,music,1768
2026-11-30,iphone,tech,1618
2026-11-30,android,tech,120
2026-11-30,google,tech,1127
2026-11-30,app,tech,132
2026-11-30,ai,tech,566
2026-11-30,microsoft,tech,686
2026-11-30,update,tech,1211
2026-11-30,launch,tech,974
2026-11-30,startup,tech,1283
2026-11-30,device,tech,225
2026-12-14,football,sports,139
2026-12-14,basketball,sports,1321
2026-12-14,tennis,sports,182
2026-12-14,soccer,sports,150
2026-12-14,nba,sports,278
2026-12-14,messi,sports,1990
2026-12-14,ronaldo,sports,156
2026-12-14,olympics,sports,93
2026-12-14,championship,sports,187
2026-12-14,match,sports,1094
2026-12-14,concert,music,35
2026-12-14,album,music,1053
2026-12-14,song,music,1194
2026-12-14,artist,music,1475
2026-12-14,band,music,1236
2026-12-14,taylor,music,1584
2026-12-14,drake,music,194
2026-12-14,spotify,music,86
2026-12-14,festival,music,1655
2026-12-14,grammy,music,923
2026-12-14,iphone,tech,1348
2026-12-14,android,tech,1382
2026-12-14,google,tech,1350
2026-12-14,app,tech,1224
2026-12-14,ai,tech,80
2026-12-14,microsoft,tech,104
2026-12-14,update,tech,885
2026-12-14,launch,tech,156
2026-12-14,startup,tech,101
2026-12-14,device,tech,233
2026-12-28,football,sports,40
2026-12-28,basketball,sports,218
2026-12-28,tennis,sports,129
2026-12-28,soccer,sports,913
2026-12-28,nba,sports,908
2026-12-28,messi,sports,124
2026-12-28,ronaldo,sports,124
2026-12-28,olympics,sports,797
2026-12-28,championship,sports,1241
2026-12-28,match,sports,948
2026-12-28,concert,music,875
2026-12-28,album,music,170
2026-12-28,song,music,1214
2026-12-28,artist,music,129
2026-12-28,band,music,149
2026-12-28,taylor,music,293
2026-12-28,drake,music,998
2026-12-28,spotify,music,31
2026-12-28,festival,music,772
2026-12-28,grammy,music,187
2026-12-28,iphone,tech,2254
2026-12-28,android,tech,91
2026-12-28,google,tech,134
2026-12-28,app,tech,142
2026-12-28,ai,tech,214
2026-12-28,microsoft,tech,969
2026-12-28,update,tech,1502
2026-12-28,launch,tech,140
2026-12-28,startup,tech,229
2026-12-28,device,tech,107
2027-01-11,football,sports,113
2027-01-11,basketball,sports,98
2027-01-11,tennis,sports,132
2027-01-11,soccer,sports,1683
2027-01-11,nba,sports,1271
2027-01-11,messi,sports,94
2027-01-11,ronaldo,sports,98
2027-01-11,olympics,sports,54
2027-01-11,championship,sports,189
2027-01-11,match,sports,133
2027-01-11,concert,music,1323
2027-01-11,album,music,161
2027-01-11,song,music,111
2027-01-11,artist,music,1280
2027-01-11,band,music,1886
2027-01-11,taylor,music,1687
2027-01-11,drake,music,1310
2027-01-11,spotify,music,158
2027-01-11,festival,music,601
2027-01-11,grammy,music,1262
2027-01-11,iphone,tech,320
2027-01-11,android,tech,933
2027-01-11,google,tech,1028
2027-01-11,app,tech,206
2027-01-11,ai,tech,165
2027-01-11,microsoft,tech,87
2027-01-11,update,tech,239
2027-01-11,launch,tech,1166
2027-01-11,startup,tech,1154
2027-01-11,device,tech,679
2027-01-25,football,sports,548
2027-01-25,basketball,sports,307
2027-01-25,tennis,sports,1091
2027-01-25,soccer,sports,1729
2027-01-25,nba,sports,1653
2027-01-25,messi,sports,151
2027-01-25,ronaldo,sports,834
2027-01-25,olympics,sports,144
2027-01-25,championship,sports,186
2027-01-25,match,sports,670
2027-01-25,concert,music,1036
2027-01-25,album,music,99
2027-01-25,song,music,998
2027-01-25,artist,music,136
2027-01-25,band,music,147
2027-01-25,taylor,music,237
2027-01-25,drake,music,734
2027-01-25,spotify,music,890
2027-01-25,festival,music,204
2027-01-25,grammy,music,1433
2027-01-25,iphone,tech,248
2027-01-25,android,tech,1452
2027-01-25,google,tech,118
2027-01-25,app,tech,1107
2027-01-25,ai,tech,1431
2027-01-25,microsoft,tech,1569
2027-01-25,update,tech,131
2027-01-25,launch,tech,827
2027-01-25,startup,tech,1403
2027-01-25,device,tech,104
2027-02-08,football,sports,137
2027-02-08,basketball,sports,1214
2027-02-08,tennis,sports,644
2027-02-08,soccer,sports,103
2027-02-08,nba,sports,1284
2027-02-08,messi,sports,146
2027-02-08,ronaldo,sports,123
2027-02-08,olympics,sports,203
2027-02-08,championship,sports,272
2027-02-08,match,sports,1223
2027-02-08,concert,music,808
2027-02-08,album,music,1651
2027-02-08,song,music,1072
2027-02-08,artist,music,1469
2027-02-08,band,music,144
2027-02-08,taylor,music,1551
2027-02-08,drake,music,161
2027-02-08,spotify,music,1637
2027-02-08,festival,music,1647
2027-02-08,grammy,music,1196
2027-02-08,iphone,tech,181
2027-02-08,android,tech,65
2027-02-08,google,tech,1256
2027-02-08,app,tech,112
2027-02-08,ai,tech,1552
2027-02-08,microsoft,tech,140
2027-02-08,update,tech,1341
2027-02-08,launch,tech,1250
2027-02-08,startup,tech,1838
2027-02-08,device,tech,681
2027-02-22,football,sports,172
2027-02-22,basketball,sports,953
2027-02-22,tennis,sports,1616
2027-02-22,soccer,sports,1108
2027-02-22,nba,sports,26
2027-02-22,messi,sports,242
2027-02-22,ronaldo,sports,152
2027-02-22,olympics,sports,0
2027-02-22,championship,sports,166
2027-02-22,match,sports,133
2027-02-22,concert,music,156
2027-02-22,album,music,1647
2027-02-22,song,music,53
2027-02-22,artist,music,57
2027-02-22,band,music,1527
2027-02-22,taylor,music,412
2027-02-22,drake,music,144
2027-02-22,spotify,music,18
2027-02-22,festival,music,1171
2027-02-22,grammy,music,102
2027-02-22,iphone,tech,3436
2027-02-22,android,tech,1423
2027-02-22,google,tech,1439
2027-02-22,app,tech,941
2027-02-22,ai,tech,130
2027-02-22,microsoft,tech,1090
2027-02-22,update,tech,1090
2027-02-22,launch,tech,149
2027-02-22,startup,tech,1705
2027-02-22,device,tech,253
2027-03-08,football,sports,163
2027-03-08,basketball,sports,1169
2027-03-08,tennis,sports,1977
2027-03-08,soccer,sports,64
2027-03-08,nba,sports,879
2027-03-08,messi,sports,2757
2027-03-08,ronaldo,sports,129
2027-03-08,olympics,sports,213
2027-03-08,championship,sports,1629
2027-03-08,match,sports,655
2027-03-08,concert,music,646
2027-03-08,album,music,128
2027-03-08,song,music,1294
2027-03-08,artist,music,1907
2027-03-08,band,music,1001
2027-03-08,taylor,music,88
2027-03-08,drake,music,1119
2027-03-08,spotify,music,1680
2027-03-08,festival,music,184
2027-03-08,grammy,music,164
2027-03-08,iphone,tech,110
2027-03-08,android,tech,134
2027-03-08,google,tech,830
2027-03-08,app,tech,75
2027-03-08,ai,tech,1077
2027-03-08,microsoft,tech,1199
2027-03-08,update,tech,115
2027-03-08,launch,tech,64
2027-03-08,startup,tech,262
2027-03-08,device,tech,1310
2027-03-22,football,sports,821
2027-03-22,basketball,sports,204
2027-03-22,tennis,sports,1410
2027-03-22,soccer,sports,193
2027-03-22,nba,sports,1971
2027-03-22,messi,sports,2578
2027-03-22,ronaldo,sports,130
2027-03-22,olympics,sports,39
2027-03-22,championship,sports,43
2027-03-22,match,sports,1432
2027-03-22,concert,music,153
2027-03-22,album,music,222
2027-03-22,song,music,115
2027-03-22,artist,music,1487
2027-03-22,band,music,164
2027-03-22,taylor,music,1953
2027-03-22,drake,music,826
2027-03-22,spotify,music,190
2027-03-22,festival,music,183
2027-03-22,grammy,music,1668
2027-03-22,iphone,tech,2537
2027-03-22,android,tech,176
2027-03-22,google,tech,1506
2027-03-22,app,tech,161
2027-03-22,ai,tech,997
2027-03-22,microsoft,tech,241
2027-03-22,update,tech,118
2027-03-22,launch,tech,34
2027-03-22,startup,tech,1583
2027-03-22,device,tech,52
2027-04-05,football,sports,119
2027-04-05,basketball,sports,166
2027-04-05,tennis,sports,1283
2027-04-05,soccer,sports,104
2027-04-05,nba,sports,1146
2027-04-05,messi,sports,247
2027-04-05,ronaldo,sports,108
2027-04-05,olympics,sports,151
2027-04-05,championship,sports,885
2027-04-05,match,sports,2
2027-04-05,concert,music,1226
2027-04-05,album,music,1102
2027-04-05,song,music,274
2027-04-05,artist,music,1073
2027-04-05,band,music,988
2027-04-05,taylor,music,447
2027-04-05,drake,music,575
2027-04-05,spotify,music,224
2027-04-05,festival,music,744
2027-04-05,grammy,music,843
2027-04-05,iphone,tech,52
2027-04-05,android,tech,218
2027-04-05,google,tech,1214
2027-04-05,app,tech,1076
2027-04-05,ai,tech,759
2027-04-05,microsoft,tech,1806
2027-04-05,update,tech,2027
2027-04-05,launch,tech,730
2027-04-05,startup,tech,76
2027-04-05,device,tech,121
2027-04-19,football,sports,75
2027-04-19,basketball,sports,590
2027-04-19,tennis,sports,60
2027-04-19,soccer,sports,140
2027-04-19,nba,sports,120
2027-04-19,messi,sports,2577
2027-04-19,ronaldo,sports,1179
2027-04-19,olympics,sports,989
2027-04-19,championship,sports,1025
2027-04-19,match,sports,34
2027-04-19,concert,music,136
2027-04-19,album,music,136
2027-04-19,song,music,59
2027-04-19,artist,music,160
2027-04-19,band,music,135
2027-04-19,taylor,music,248
2027-04-19,drake,music,900
2027-04-19,spotify,music,133
2027-04-19,festival,music,821
2027-04-19,grammy,music,174
2027-04-19,iphone,tech,1421
2027-04-19,android,tech,1535
2027-04-19,google,tech,1388
2027-04-19,app,tech,115
2027-04-19,ai,tech,1472
2027-04-19,microsoft,tech,1329
2027-04-19,update,tech,1156
2027-04-19,launch,tech,138
2027-04-19,startup,tech,684
2027-04-19,device,tech,240
2027-05-03,football,sports,140
2027-05-03,basketball,sports,71
2027-05-03,tennis,sports,64
2027-05-03,soccer,sports,1541
2027-05-03,nba,sports,1597
2027-05-03,messi,sports,75
2027-05-03,ronaldo,sports,141
2027-05-03,olympics,sports,1459
2027-05-03,championship,sports,174
2027-05-03,match,sports,199
2027-05-03,concert,music,90
2027-05-03,album,music,1633
2027-05-03,song,music,776
2027-05-03,artist,music,1790
2027-05-03,band,music,206
2027-05-03,taylor,music,2564
2027-05-03,drake,music,1368
2027-05-03,spotify,music,1600
2027-05-03,festival,music,705
2027-05-03,grammy,music,49
2027-05-03,iphone,tech,3308
2027-05-03,android,tech,754
2027-05-03,google,tech,184
2027-05-03,app,tech,1548
2027-05-03,ai,tech,1133
2027-05-03,microsoft,tech,205
2027-05-03,update,tech,200
2027-05-03,launch,tech,1089
2027-05-03,startup,tech,1222
2027-05-03,device,tech,241
2027-05-17,football,sports,1411
2027-05-17,basketball,sports,1851
2027-05-17,tennis,sports,863
2027-05-17,soccer,sports,100
2027-05-17,nba,sports,1924
2027-05-17,messi,sports,2965
2027-05-17,ronaldo,sports,1521
2027-05-17,olympics,sports,155
2027-05-17,championship,sports,1198
2027-05-17,match,sports,579
2027-05-17,concert,music,1501
2027-05-17,album,music,103
2027-05-17,song,music,251
2027-05-17,artist,music,167
2027-05-17,band,music,1489
2027-05-17,taylor,music,67
2027-05-17,drake,music,161
2027-05-17,spotify,music,1629
2027-05-17,festival,music,956
2027-05-17,grammy,music,109
2027-05-17,iphone,tech,420
2027-05-17,android,tech,141
2027-05-17,google,tech,159
2027-05-17,app,tech,946
2027-05-17,ai,tech,824
2027-05-17,microsoft,tech,95
2027-05-17,update,tech,132
2027-05-17,launch,tech,94
2027-05-17,startup,tech,10
2027-05-17,device,tech,1349
2027-05-31,football,sports,126
2027-05-31,basketball,sports,160
2027-05-31,tennis,sports,152
2027-05-31,soccer,sports,98
2027-05-31,nba,sports,1308
2027-05-31,messi,sports,344
2027-05-31,ronaldo,sports,943
2027-05-31,olympics,sports,61
2027-05-31,championship,sports,182
2027-05-31,match,sports,1489
2027-05-31,concert,music,131
2027-05-31,album,music,190
2027-05-31,song,music,962
2027-05-31,artist,music,733
2027-05-31,band,music,167
2027-05-31,taylor,music,258
2027-05-31,drake,music,1116
2027-05-31,spotify,music,1609
2027-05-31,festival,music,837
2027-05-31,grammy,music,104
2027-05-31,iphone,tech,428
2027-05-31,android,tech,82
2027-05-31,google,tech,127
2027-05-31,app,tech,1045
2027-05-31,ai,tech,165
2027-05-31,microsoft,tech,813
2027-05-31,update,tech,2124
2027-05-31,launch,tech,1307
2027-05-31,startup,tech,105
2027-05-31,device,tech,157
2027-06-14,football,sports,1704
2027-06-14,basketball,sports,94
2027-06-14,tennis,sports,147
2027-06-14,soccer,sports,80
2027-06-14,nba,sports,179
2027-06-14,messi,sports,255
2027-06-14,ronaldo,sports,158
2027-06-14,olympics,sports,1029
2027-06-14,championship,sports,143
2027-06-14,match,sports,127
2027-06-14,concert,music,1649
2027-06-14,album,music,217
2027-06-14,song,music,1794
2027-06-14,artist,music,153
2027-06-14,band,music,126
2027-06-14,taylor,music,208
2027-06-14,drake,music,1594
2027-06-14,spotify,music,1983
2027-06-14,festival,music,1775
2027-06-14,grammy,music,1412
2027-06-14,iphone,tech,562
2027-06-14,android,tech,927
2027-06-14,google,tech,1415
2027-06-14,app,tech,1495
2027-06-14,ai,tech,1981
2027-06-14,microsoft,tech,200
2027-06-14,update,tech,1205
2027-06-14,launch,tech,97
2027-06-14,startup,tech,1711
2027-06-14,device,tech,190
2027-06-28,football,sports,848
2027-06-28,basketball,sports,619
2027-06-28,tennis,sports,1703
2027-06-28,soccer,sports,1891
2027-06-28,nba,sports,165
2027-06-28,messi,sports,115
2027-06-28,ronaldo,sports,1008
2027-06-28,olympics,sports,166
2027-06-28,championship,sports,920
2027-06-28,match,sports,1038
2027-06-28,concert,music,958
2027-06-28,album,music,180
2027-06-28,song,music,874
2027-06-28,artist,music,249
2027-06-28,band,music,119
2027-06-28,taylor,music,147
2027-06-28,drake,music,96
2027-06-28,spotify,music,69
2027-06-28,festival,music,121
2027-06-28,grammy,music,88
2027-06-28,iphone,tech,2896
2027-06-28,android,tech,118
2027-06-28,google,tech,98
2027-06-28,app,tech,845
2027-06-28,ai,tech,153
2027-06-28,microsoft,tech,1293
2027-06-28,update,tech,1697
2027-06-28,launch,tech,954
2027-06-28,startup,tech,30
2027-06-28,device,tech,1071
2027-07-12,football,sports,608
2027-07-12,basketball,sports,1214
2027-07-12,tennis,sports,1532
2027-07-12,soccer,sports,1035
2027-07-12,nba,sports,1143
2027-07-12,messi,sports,1986
2027-07-12,ronaldo,sports,223
2027-07-12,olympics,sports,70
2027-07-12,championship,sports,1866
2027-07-12,match,sports,148
2027-07-12,concert,music,1087
2027-07-12,album,music,119
2027-07-12,song,music,91
2027-07-12,artist,music,83
2027-07-12,band,music,66
2027-07-12,taylor,music,1904
2027-07-12,drake,music,77
2027-07-12,spotify,music,735
2027-07-12,festival,music,109
2027-07-12,grammy,music,57
2027-07-12,iphone,tech,3438
2027-07-12,android,tech,1742
2027-07-12,google,tech,160
2027-07-12,app,tech,1561
2027-07-12,ai,tech,105
2027-07-12,microsoft,tech,78
2027-07-12,update,tech,1472
2027-07-12,launch,tech,135
2027-07-12,startup,tech,48
2027-07-12,device,tech,1242
2027-07-26,football,sports,1193
2027-07-26,basketball,sports,85
2027-07-26,tennis,sports,693
2027-07-26,soccer,sports,153
2027-07-26,nba,sports,127
2027-07-26,messi,sports,320
2027-07-26,ronaldo,sports,1480
2027-07-26,olympics,sports,139
2027-07-26,championship,sports,2103
2027-07-26,match,sports,1739
2027-07-26,concert,music,1264
2027-07-26,album,music,100
2027-07-26,song,music,179
2027-07-26,artist,music,1879
2027-07-26,band,music,190
2027-07-26,taylor,music,475
2027-07-26,drake,music,951
2027-07-26,spotify,music,87
2027-07-26,festival,music,768
2027-07-26,grammy,music,74
2027-07-26,iphone,tech,3103
2027-07-26,android,tech,88
2027-07-26,google,tech,152
2027-07-26,app,tech,1473
2027-07-26,ai,tech,142
2027-07-26,microsoft,tech,1463
2027-07-26,update,tech,1960
2027-07-26,launch,tech,1407
2027-07-26,startup,tech,123
2027-07-26,device,tech,133
2027-08-09,football,sports,59
2027-08-09,basketball,sports,1770
2027-08-09,tennis,sports,1260
2027-08-09,soccer,sports,109
2027-08-09,nba,sports,1440
2027-08-09,messi,sports,241
2027-08-09,ronaldo,sports,1558
2027-08-09,olympics,sports,56
2027-08-09,championship,sports,116
2027-08-09,match,sports,2156
2027-08-09,concert,music,806
2027-08-09,album,music,211
2027-08-09,song,music,248
2027-08-09,artist,music,1749
2027-08-09,band,music,127
2027-08-09,taylor,music,2474
2027-08-09,drake,music,150
2027-08-09,spotify,music,95
2027-08-09,festival,music,132
2027-08-09,grammy,music,155
2027-08-09,iphone,tech,3067
2027-08-09,android,tech,94
2027-08-09,google,tech,131
2027-08-09,app,tech,1392
2027-08-09,ai,tech,961
2027-08-09,microsoft,tech,119
2027-08-09,update,tech,1187
2027-08-09,launch,tech,157
2027-08-09,startup,tech,883
2027-08-09,device,tech,101
2027-08-23,football,sports,1683
2027-08-23,basketball,sports,913
2027-08-23,tennis,sports,106
2027-08-23,soccer,sports,1666
2027-08-23,nba,sports,48
2027-08-23,messi,sports,2807
2027-08-23,ronaldo,sports,1644
2027-08-23,olympics,sports,1118
2027-08-23,championship,sports,93
2027-08-23,match,sports,193
2027-08-23,concert,music,857
2027-08-23,album,music,1938
2027-08-23,song,music,963
2027-08-23,artist,music,156
2027-08-23,band,music,1850
2027-08-23,taylor,music,466
2027-08-23,drake,music,1357
2027-08-23,spotify,music,112
2027-08-23,festival,music,122
2027-08-23,grammy,music,1260
2027-08-23,iphone,tech,281
2027-08-23,android,tech,179
2027-08-23,google,tech,2086
2027-08-23,app,tech,1264
2027-08-23,ai,tech,1366
2027-08-23,microsoft,tech,66
2027-08-23,update,tech,284
2027-08-23,launch,tech,853
2027-08-23,startup,tech,1928
2027-08-23,device,tech,212
2027-09-06,football,sports,1846
2027-09-06,basketball,sports,150
2027-09-06,tennis,sports,144
2027-09-06,soccer,sports,144
2027-09-06,nba,sports,82
2027-09-06,messi,sports,241
2027-09-06,ronaldo,sports,264
2027-09-06,olympics,sports,1328
2027-09-06,championship,sports,114
2027-09-06,match,sports,1036
2027-09-06,concert,music,1216
2027-09-06,album,music,1476
2027-09-06,song,music,75
2027-09-06,artist,music,150
2027-09-06,band,music,139
2027-09-06,taylor,music,220
2027-09-06,drake,music,1479
2027-09-06,spotify,music,1302
2027-09-06,festival,music,937
2027-09-06,grammy,music,264
2027-09-06,iphone,tech,282
2027-09-06,android,tech,70
2027-09-06,google,tech,161
2027-09-06,app,tech,137
2027-09-06,ai,tech,2071
2027-09-06,microsoft,tech,655
2027-09-06,update,tech,132
2027-09-06,launch,tech,55
2027-09-06,startup,tech,85
2027-09-06,device,tech,132
2027-09-20,football,sports,108
2027-09-20,basketball,sports,189
2027-09-20,tennis,sports,1066
2027-09-20,soccer,sports,1856
2027-09-20,nba,sports,136
2027-09-20,messi,sports,3674
2027-09-20,ronaldo,sports,103
2027-09-20,olympics,sports,134
2027-09-20,championship,sports,1575
2027-09-20,match,sports,1224
2027-09-20,concert,music,1267
2027-09-20,album,music,253
2027-09-20,song,music,183
2027-09-20,artist,music,1316
2027-09-20,band,music,1896
2027-09-20,taylor,music,199
2027-09-20,drake,music,102
2027-09-20,spotify,music,135
2027-09-20,festival,music,160
2027-09-20,grammy,music,911
2027-09-20,iphone,tech,252
2027-09-20,android,tech,119
2027-09-20,google,tech,47
2027-09-20,app,tech,49
2027-09-20,ai,tech,1506
2027-09-20,microsoft,tech,153
2027-09-20,update,tech,1075
2027-09-20,launch,tech,161
2027-09-20,startup,tech,95
2027-09-20,device,tech,171
2027-10-04,football,sports,1445
2027-10-04,basketball,sports,1738
2027-10-04,tennis,sports,1616
2027-10-04,soccer,sports,1681
2027-10-04,nba,sports,164
2027-10-04,messi,sports,235
2027-10-04,ronaldo,sports,141
2027-10-04,olympics,sports,64
2027-10-04,championship,sports,133
2027-10-04,match,sports,142
2027-10-04,concert,music,1556
2027-10-04,album,music,2013
2027-10-04,song,music,1032
2027-10-04,artist,music,867
2027-10-04,band,music,222
2027-10-04,taylor,music,2258
2027-10-04,drake,music,1002
2027-10-04,spotify,music,185
2027-10-04,festival,music,129
2027-10-04,grammy,music,1434
2027-10-04,iphone,tech,303
2027-10-04,android,tech,1099
2027-10-04,google,tech,1474
2027-10-04,app,tech,95
2027-10-04,ai,tech,1304
2027-10-04,microsoft,tech,116
2027-10-04,update,tech,116
2027-10-04,launch,tech,1770
2027-10-04,startup,tech,1742
2027-10-04,device,tech,865
2027-10-18,football,sports,136
2027-10-18,basketball,sports,277
2027-10-18,tennis,sports,1326
2027-10-18,soccer,sports,101
2027-10-18,nba,sports,117
2027-10-18,messi,sports,226
2027-10-18,ronaldo,sports,175
2027-10-18,olympics,sports,126
2027-10-18,championship,sports,1535
2027-10-18,match,sports,840
2027-10-18,concert,music,153
2027-10-18,album,music,245
2027-10-18,song,music,1814
2027-10-18,artist,music,852
2027-10-18,band,music,1429
2027-10-18,taylor,music,3143
2027-10-18,drake,music,1304
2027-10-18,spotify,music,41
2027-10-18,festival,music,215
2027-10-18,grammy,music,1034
2027-10-18,iphone,tech,25
2027-10-18,android,tech,960
2027-10-18,google,tech,1386
2027-10-18,app,tech,179
2027-10-18,ai,tech,1997
2027-10-18,microsoft,tech,1917
2027-10-18,update,tech,1935
2027-10-18,launch,tech,1826
2027-10-18,startup,tech,1179
2027-10-18,device,tech,1183
2027-11-01,football,sports,1400
2027-11-01,basketball,sports,999
2027-11-01,tennis,sports,84
2027-11-01,soccer,sports,832
2027-11-01,nba,sports,122
2027-11-01,messi,sports,461
2027-11-01,ronaldo,sports,100
2027-11-01,olympics,sports,112
2027-11-01,championship,sports,1275
2027-11-01,match,sports,168
2027-11-01,concert,music,1366
2027-11-01,album,music,92
2027-11-01,song,music,162
2027-11-01,artist,music,131
2027-11-01,band,music,106
2027-11-01,taylor,music,2953
2027-11-01,drake,music,1493
2027-11-01,spotify,music,67
2027-11-01,festival,music,86
2027-11-01,grammy,music,10
2027-11-01,iphone,tech,318
2027-11-01,android,tech,178
2027-11-01,google,tech,135
2027-11-01,app,tech,1314
2027-11-01,ai,tech,147
2027-11-01,microsoft,tech,104
2027-11-01,update,tech,162
2027-11-01,launch,tech,143
2027-11-01,startup,tech,1737
2027-11-01,device,tech,121
2027-11-15,football,sports,1956
2027-11-15,basketball,sports,105
2027-11-15,tennis,sports,119
2027-11-15,soccer,sports,117
2027-11-15,nba,sports,2126
2027-11-15,messi,sports,1400
2027-11-15,ronaldo,sports,120
2027-11-15,olympics,sports,1443
2027-11-15,championship,sports,154
2027-11-15,match,sports,1654
2027-11-15,concert,music,2018
2027-11-15,album,music,1544
2027-11-15,song,music,161
2027-11-15,artist,music,2339
2027-11-15,band,music,1375
2027-11-15,taylor,music,398
2027-11-15,drake,music,101
2027-11-15,spotify,music,103
2027-11-15,festival,music,162
2027-11-15,grammy,music,1463
2027-11-15,iphone,tech,2625
2027-11-15,android,tech,626
2027-11-15,google,tech,145
2027-11-15,app,tech,802
2027-11-15,ai,tech,137
2027-11-15,microsoft,tech,926
2027-11-15,update,tech,119
2027-11-15,launch,tech,1402
2027-11-15,startup,tech,1814
2027-11-15,device,tech,102
2027-11-29,football,sports,1758
2027-11-29,basketball,sports,159
2027-11-29,tennis,sports,1589
2027-11-29,soccer,sports,184
2027-11-29,nba,sports,92
2027-11-29,messi,sports,3744
2027-11-29,ronaldo,sports,1481
2027-11-29,olympics,sports,1780
2027-11-29,championship,sports,1111
2027-11-29,match,sports,1541
2027-11-29,concert,music,927
2027-11-29,album,music,1388
2027-11-29,song,music,151
2027-11-29,artist,music,1208
2027-11-29,band,music,2312
2027-11-29,taylor,music,231
2027-11-29,drake,music,1590
2027-11-29,spotify,music,143
2027-11-29,festival,music,881
2027-11-29,grammy,music,123
2027-11-29,iphone,tech,384
2027-11-29,android,tech,235
2027-11-29,google,tech,120
2027-11-29,app,tech,1313
2027-11-29,ai,tech,83
2027-11-29,microsoft,tech,1315
2027-11-29,update,tech,155
2027-11-29,launch,tech,1172
2027-11-29,startup,tech,92
2027-11-29,device,tech,191
2027-12-13,football,sports,1295
2027-12-13,basketball,sports,190
2027-12-13,tennis,sports,1412
2027-12-13,soccer,sports,123
2027-12-13,nba,sports,226
2027-12-13,messi,sports,2790
2027-12-13,ronaldo,sports,2197
2027-12-13,olympics,sports,214
2027-12-13,championship,sports,94
2027-12-13,match,sports,181
2027-12-13,concert,music,971
2027-12-13,album,music,995
2027-12-13,song,music,1411
2027-12-13,artist,music,238
2027-12-13,band,music,736
2027-12-13,taylor,music,255
2027-12-13,drake,music,140
2027-12-13,spotify,music,1583
2027-12-13,festival,music,149
2027-12-13,grammy,music,45
2027-12-13,iphone,tech,183
2027-12-13,android,tech,26
2027-12-13,google,tech,1394
2027-12-13,app,tech,172
2027-12-13,ai,tech,94
2027-12-13,microsoft,tech,155
2027-12-13,update,tech,31
2027-12-13,launch,tech,166
2027-12-13,startup,tech,1881
2027-12-13,device,tech,105
2027-12-27,football,sports,222
2027-12-27,basketball,sports,677
2027-12-27,tennis,sports,188
2027-12-27,soccer,sports,146
2027-12-27,nba,sports,83
2027-12-27,messi,sports,265
2027-12-27,ronaldo,sports,159
2027-12-27,olympics,sports,1579
2027-12-27,championship,sports,195
2027-12-27,match,sports,1623
2027-12-27,concert,music,173
2027-12-27,album,music,139
2027-12-27,song,music,121
2027-12-27,artist,music,223
2027-12-27,band,music,918
2027-12-27,taylor,music,212
2027-12-27,drake,music,205
2027-12-27,spotify,music,798
2027-12-27,festival,music,136
2027-12-27,grammy,music,94
2027-12-27,iphone,tech,3201
2027-12-27,android,tech,1234
2027-12-27,google,tech,193
2027-12-27,app,tech,110
2027-12-27,ai,tech,126
2027-12-27,microsoft,tech,216
2027-12-27,update,tech,92
2027-12-27,launch,tech,117
2027-12-27,startup,tech,213
2027-12-27,device,tech,712
2028-01-10,football,sports,2033
2028-01-10,basketball,sports,201
2028-01-10,tennis,sports,202
2028-01-10,soccer,sports,2055
2028-01-10,nba,sports,1091
2028-01-10,messi,sports,2373
2028-01-10,ronaldo,sports,154
2028-01-10,olympics,sports,1820
2028-01-10,championship,sports,1100
2028-01-10,match,sports,1091
2028-01-10,concert,music,2006
2028-01-10,album,music,118
2028-01-10,song,music,145
2028-01-10,artist,music,1616
2028-01-10,band,music,254
2028-01-10,taylor,music,479
2028-01-10,drake,music,225
2028-01-10,spotify,music,153
2028-01-10,festival,music,139
2028-01-10,grammy,music,2008
2028-01-10,iphone,tech,394
2028-01-10,android,tech,225
2028-01-10,google,tech,189
2028-01-10,app,tech,103
2028-01-10,ai,tech,110
2028-01-10,microsoft,tech,1197
2028-01-10,update,tech,45
2028-01-10,launch,tech,80
2028-01-10,startup,tech,221
2028-01-10,device,tech,117
2028-01-24,football,sports,1539
2028-01-24,basketball,sports,188
2028-01-24,tennis,sports,1645
2028-01-24,soccer,sports,102
2028-01-24,nba,sports,203
2028-01-24,messi,sports,150
2028-01-24,ronaldo,sports,138
2028-01-24,olympics,sports,209
2028-01-24,championship,sports,175
2028-01-24,match,sports,51
2028-01-24,concert,music,86
2028-01-24,album,music,96
2028-01-24,song,music,1696
2028-01-24,artist,music,1891
2028-01-24,band,music,1037
2028-01-24,taylor,music,2841
2028-01-24,drake,music,92
2028-01-24,spotify,music,154
2028-01-24,festival,music,128
2028-01-24,grammy,music,108
2028-01-24,iphone,tech,2964
2028-01-24,android,tech,29
2028-01-24,google,tech,151
2028-01-24,app,tech,203
2028-01-24,ai,tech,2006
2028-01-24,microsoft,tech,896
2028-01-24,update,tech,1048
2028-01-24,launch,tech,93
2028-01-24,startup,tech,128
2028-01-24,device,tech,208
2028-02-07,football,sports,21
2028-02-07,basketball,sports,61
2028-02-07,tennis,sports,1884
2028-02-07,soccer,sports,135
2028-02-07,nba,sports,2089
2028-02-07,messi,sports,3132
2028-02-07,ronaldo,sports,186
2028-02-07,olympics,sports,127
2028-02-07,championship,sports,1966
2028-02-07,match,sports,1489
2028-02-07,concert,music,177
2028-02-07,album,music,115
2028-02-07,song,music,1475
2028-02-07,artist,music,139
2028-02-07,band,music,125
2028-02-07,taylor,music,1765
2028-02-07,drake,music,1290
2028-02-07,spotify,music,2377
2028-02-07,festival,music,1242
2028-02-07,grammy,music,117
2028-02-07,iphone,tech,3631
2028-02-07,android,tech,1822
2028-02-07,google,tech,39
2028-02-07,app,tech,877
2028-02-07,ai,tech,2148
2028-02-07,microsoft,tech,72
2028-02-07,update,tech,144
2028-02-07,launch,tech,1263
2028-02-07,startup,tech,254
2028-02-07,device,tech,257
2028-02-21,football,sports,1033
2028-02-21,basketball,sports,1195
2028-02-21,tennis,sports,972
2028-02-21,soccer,sports,2285
2028-02-21,nba,sports,2053
2028-02-21,messi,sports,2944
2028-02-21,ronaldo,sports,204
2028-02-21,olympics,sports,176
2028-02-21,championship,sports,1566
2028-02-21,match,sports,101
2028-02-21,concert,music,118
2028-02-21,album,music,1199
2028-02-21,song,music,158
2028-02-21,artist,music,80
2028-02-21,band,music,152
2028-02-21,taylor,music,70
2028-02-21,drake,music,704
2028-02-21,spotify,music,2557
2028-02-21,festival,music,171
2028-02-21,grammy,music,109
2028-02-21,iphone,tech,3040
2028-02-21,android,tech,1045
2028-02-21,google,tech,71
2028-02-21,app,tech,52
2028-02-21,ai,tech,1660
2028-02-21,microsoft,tech,120
2028-02-21,update,tech,2009
2028-02-21,launch,tech,234
2028-02-21,startup,tech,194
2028-02-21,device,tech,59
2028-03-06,football,sports,1843
2028-03-06,basketball,sports,107
2028-03-06,tennis,sports,146
2028-03-06,soccer,sports,31
2028-03-06,nba,sports,56
2028-03-06,messi,sports,83
2028-03-06,ronaldo,sports,88
2028-03-06,olympics,sports,93
2028-03-06,championship,sports,310
2028-03-06,match,sports,1502
2028-03-06,concert,music,1228
2028-03-06,album,music,2073
2028-03-06,song,music,118
2028-03-06,artist,music,1318
2028-03-06,band,music,191
2028-03-06,taylor,music,125
2028-03-06,drake,music,1080
2028-03-06,spotify,music,163
2028-03-06,festival,music,108
2028-03-06,grammy,music,823
2028-03-06,iphone,tech,160
2028-03-06,android,tech,112
2028-03-06,google,tech,1296
2028-03-06,app,tech,147
2028-03-06,ai,tech,1824
2028-03-06,microsoft,tech,1014
2028-03-06,update,tech,1590
2028-03-06,launch,tech,32
2028-03-06,startup,tech,2376
2028-03-06,device,tech,247
2028-03-20,football,sports,156
2028-03-20,basketball,sports,107
2028-03-20,tennis,sports,1650
2028-03-20,soccer,sports,100
2028-03-20,nba,sports,43
2028-03-20,messi,sports,302
2028-03-20,ronaldo,sports,188
2028-03-20,olympics,sports,1066
2028-03-20,championship,sports,108
2028-03-20,match,sports,145
2028-03-20,concert,music,1945
2028-03-20,album,music,142
2028-03-20,song,music,989
2028-03-20,artist,music,183
2028-03-20,band,music,935
2028-03-20,taylor,music,2108
2028-03-20,drake,music,215
2028-03-20,spotify,music,1239
2028-03-20,festival,music,150
2028-03-20,grammy,music,1040
2028-03-20,iphone,tech,3322
2028-03-20,android,tech,1422
2028-03-20,google,tech,217
2028-03-20,app,tech,274
2028-03-20,ai,tech,110
2028-03-20,microsoft,tech,1612
2028-03-20,update,tech,133
2028-03-20,launch,tech,2139
2028-03-20,startup,tech,146
2028-03-20,device,tech,132
2028-04-03,football,sports,1709
2028-04-03,basketball,sports,49
2028-04-03,tennis,sports,184
2028-04-03,soccer,sports,2214
2028-04-03,nba,sports,240
2028-04-03,messi,sports,1641
2028-04-03,ronaldo,sports,166
2028-04-03,olympics,sports,1542
2028-04-03,championship,sports,49
2028-04-03,match,sports,111
2028-04-03,concert,music,125
2028-04-03,album,music,80
2028-04-03,song,music,104
2028-04-03,artist,music,141
2028-04-03,band,music,1096
2028-04-03,taylor,music,4005
2028-04-03,drake,music,118
2028-04-03,spotify,music,1799
2028-04-03,festival,music,1184
2028-04-03,grammy,music,105
2028-04-03,iphone,tech,3781
2028-04-03,android,tech,155
2028-04-03,google,tech,1652
2028-04-03,app,tech,255
2028-04-03,ai,tech,2140
2028-04-03,microsoft,tech,1588
2028-04-03,update,tech,1662
2028-04-03,launch,tech,1471
2028-04-03,startup,tech,118
2028-04-03,device,tech,98
2028-04-17,football,sports,1686
2028-04-17,basketball,sports,1034
2028-04-17,tennis,sports,156
2028-04-17,soccer,sports,289
2028-04-17,nba,sports,1071
2028-04-17,messi,sports,308
2028-04-17,ronaldo,sports,161
2028-04-17,olympics,sports,1670
2028-04-17,championship,sports,1614
2028-04-17,match,sports,133
2028-04-17,concert,music,191
2028-04-17,album,music,1667
2028-04-17,song,music,224
2028-04-17,artist,music,1868
2028-04-17,band,music,156
2028-04-17,taylor,music,2005
2028-04-17,drake,music,1665
2028-04-17,spotify,music,147
2028-04-17,festival,music,71
2028-04-17,grammy,music,91
2028-04-17,iphone,tech,2385
2028-04-17,android,tech,91
2028-04-17,google,tech,1996
2028-04-17,app,tech,1173
2028-04-17,ai,tech,282
2028-04-17,microsoft,tech,1991
2028-04-17,update,tech,101
2028-04-17,launch,tech,138
2028-04-17,startup,tech,2071
2028-04-17,device,tech,96
2028-05-01,football,sports,1319
2028-05-01,basketball,sports,2541
2028-05-01,tennis,sports,2392
2028-05-01,soccer,sports,98
2028-05-01,nba,sports,2330
2028-05-01,messi,sports,2276
2028-05-01,ronaldo,sports,46
2028-05-01,olympics,sports,1938
2028-05-01,championship,sports,2093
2028-05-01,match,sports,1814
2028-05-01,concert,music,172
2028-05-01,album,music,1759
2028-05-01,song,music,94
2028-05-01,artist,music,1456
2028-05-01,band,music,38
2028-05-01,taylor,music,232
2028-05-01,drake,music,1329
2028-05-01,spotify,music,1263
2028-05-01,festival,music,116
2028-05-01,grammy,music,2171
2028-05-01,iphone,tech,3630
2028-05-01,android,tech,1710
2028-05-01,google,tech,111
2028-05-01,app,tech,163
2028-05-01,ai,tech,209
2028-05-01,microsoft,tech,157
2028-05-01,update,tech,1086
2028-05-01,launch,tech,141
2028-05-01,startup,tech,155
2028-05-01,device,tech,169
2028-05-15,football,sports,66
2028-05-15,basketball,sports,1577
2028-05-15,tennis,sports,111
2028-05-15,soccer,sports,2121
2028-05-15,nba,sports,266
2028-05-15,messi,sports,2737
2028-05-15,ronaldo,sports,144
2028-05-15,olympics,sports,1185
2028-05-15,championship,sports,1252
2028-05-15,match,sports,2048
2028-05-15,concert,music,2337
2028-05-15,album,music,192
2028-05-15,song,music,1300
2028-05-15,artist,music,214
2028-05-15,band,music,99
2028-05-15,taylor,music,3212
2028-05-15,drake,music,235
2028-05-15,spotify,music,77
2028-05-15,festival,music,1279
2028-05-15,grammy,music,207
2028-05-15,iphone,tech,242
2028-05-15,android,tech,1144
2028-05-15,google,tech,33
2028-05-15,app,tech,1107
2028-05-15,ai,tech,125
2028-05-15,microsoft,tech,2568
2028-05-15,update,tech,175
2028-05-15,launch,tech,201
2028-05-15,startup,tech,1386
2028-05-15,device,tech,1315
2028-05-29,football,sports,201
2028-05-29,basketball,sports,147
2028-05-29,tennis,sports,1458
2028-05-29,soccer,sports,1531
2028-05-29,nba,sports,1260
2028-05-29,messi,sports,3483
2028-05-29,ronaldo,sports,110
2028-05-29,olympics,sports,1231
2028-05-29,championship,sports,202
2028-05-29,match,sports,1655
2028-05-29,concert,music,17
2028-05-29,album,music,1265
2028-05-29,song,music,1422
2028-05-29,artist,music,1840
2028-05-29,band,music,1275
2028-05-29,taylor,music,80
2028-05-29,drake,music,1897
2028-05-29,spotify,music,981
2028-05-29,festival,music,1505
2028-05-29,grammy,music,97
2028-05-29,iphone,tech,4312
2028-05-29,android,tech,1509
2028-05-29,google,tech,87
2028-05-29,app,tech,168
2028-05-29,ai,tech,2115
2028-05-29,microsoft,tech,160
2028-05-29,update,tech,997
2028-05-29,launch,tech,1039
2028-05-29,startup,tech,2204
2028-05-29,device,tech,142
2028-06-12,football,sports,1321
2028-06-12,basketball,sports,2248
2028-06-12,tennis,sports,1763
2028-06-12,soccer,sports,1488
2028-06-12,nba,sports,225
2028-06-12,messi,sports,2865
2028-06-12,ronaldo,sports,106
2028-06-12,olympics,sports,98
2028-06-12,championship,sports,144
2028-06-12,match,sports,1702
2028-06-12,concert,music,133
2028-06-12,album,music,1231
2028-06-12,song,music,1711
2028-06-12,artist,music,115
2028-06-12,band,music,1946
2028-06-12,taylor,music,3857
2028-06-12,drake,music,1707
2028-06-12,spotify,music,122
2028-06-12,festival,music,159
2028-06-12,grammy,music,81
2028-06-12,iphone,tech,4579
2028-06-12,android,tech,144
2028-06-12,google,tech,185
2028-06-12,app,tech,139
2028-06-12,ai,tech,1490
2028-06-12,microsoft,tech,2070
2028-06-12,update,tech,1827
2028-06-12,launch,tech,1723
2028-06-12,startup,tech,168
2028-06-12,device,tech,2134
2028-06-26,football,sports,1725
2028-06-26,basketball,sports,183
2028-06-26,tennis,sports,189
2028-06-26,soccer,sports,123
2028-06-26,nba,sports,69
2028-06-26,messi,sports,2609
2028-06-26,ronaldo,sports,184
2028-06-26,olympics,sports,131
2028-06-26,championship,sports,83
2028-06-26,match,sports,146
2028-06-26,concert,music,96
2028-06-26,album,music,1137
2028-06-26,song,music,1923
2028-06-26,artist,music,991
2028-06-26,band,music,1200
2028-06-26,taylor,music,4105
2028-06-26,drake,music,1457
2028-06-26,spotify,music,1491
2028-06-26,festival,music,154
2028-06-26,grammy,music,206
2028-06-26,iphone,tech,3220
2028-06-26,android,tech,1920
2028-06-26,google,tech,55
2028-06-26,app,tech,130
2028-06-26,ai,tech,1758
2028-06-26,microsoft,tech,1099
2028-06-26,update,tech,1421
2028-06-26,launch,tech,1521
2028-06-26,startup,tech,168
2028-06-26,device,tech,985
2028-07-10,football,sports,99
2028-07-10,basketball,sports,61
2028-07-10,tennis,sports,2208
2028-07-10,soccer,sports,1989
2028-07-10,nba,sports,89
2028-07-10,messi,sports,3372
2028-07-10,ronaldo,sports,1953
2028-07-10,olympics,sports,107
2028-07-10,championship,sports,1039
2028-07-10,match,sports,810
2028-07-10,concert,music,835
2028-07-10,album,music,996
2028-07-10,song,music,96
2028-07-10,artist,music,2602
2028-07-10,band,music,68
2028-07-10,taylor,music,336
2028-07-10,drake,music,73
2028-07-10,spotify,music,143
2028-07-10,festival,music,164
2028-07-10,grammy,music,1852
2028-07-10,iphone,tech,454
2028-07-10,android,tech,1522
2028-07-10,google,tech,1300
2028-07-10,app,tech,63
2028-07-10,ai,tech,86
2028-07-10,microsoft,tech,141
2028-07-10,update,tech,2431
2028-07-10,launch,tech,141
2028-07-10,startup,tech,1082
2028-07-10,device,tech,1368
2028-07-24,football,sports,1058
2028-07-24,basketball,sports,890
2028-07-24,tennis,sports,1311
2028-07-24,soccer,sports,83
2028-07-24,nba,sports,1911
2028-07-24,messi,sports,301
2028-07-24,ronaldo,sports,1524
2028-07-24,olympics,sports,210
2028-07-24,championship,sports,193
2028-07-24,match,sports,1020
2028-07-24,concert,music,1777
2028-07-24,album,music,274
2028-07-24,song,music,77
2028-07-24,artist,music,1354
2028-07-24,band,music,78
2028-07-24,taylor,music,271
2028-07-24,drake,music,1510
2028-07-24,spotify,music,98
2028-07-24,festival,music,58
2028-07-24,grammy,music,142
2028-07-24,iphone,tech,2557
2028-07-24,android,tech,198
2028-07-24,google,tech,46
2028-07-24,app,tech,1640
2028-07-24,ai,tech,1840
2028-07-24,microsoft,tech,191
2028-07-24,update,tech,1812
2028-07-24,launch,tech,2039
2028-07-24,startup,tech,155
2028-07-24,device,tech,1179
2028-08-07,football,sports,178
2028-08-07,basketball,sports,157
2028-08-07,tennis,sports,33
2028-08-07,soccer,sports,52
2028-08-07,nba,sports,1021
2028-08-07,messi,sports,310
2028-08-07,ronaldo,sports,782
2028-08-07,olympics,sports,1877
2028-08-07,championship,sports,136
2028-08-07,match,sports,86
2028-08-07,concert,music,244
2028-08-07,album,music,1804
2028-08-07,song,music,131
2028-08-07,artist,music,1945
2028-08-07,band,music,66
2028-08-07,taylor,music,2735
2028-08-07,drake,music,1422
2028-08-07,spotify,music,262
2028-08-07,festival,music,2135
2028-08-07,grammy,music,656
2028-08-07,iphone,tech,2799
2028-08-07,android,tech,1252
2028-08-07,google,tech,1533
2028-08-07,app,tech,1681
2028-08-07,ai,tech,1351
2028-08-07,microsoft,tech,110
2028-08-07,update,tech,124
2028-08-07,launch,tech,192
2028-08-07,startup,tech,1780
2028-08-07,device,tech,63
2028-08-21,football,sports,208
2028-08-21,basketball,sports,1781
2028-08-21,tennis,sports,171
2028-08-21,soccer,sports,35
2028-08-21,nba,sports,1054
2028-08-21,messi,sports,2825
2028-08-21,ronaldo,sports,80
2028-08-21,olympics,sports,124
2028-08-21,championship,sports,1228
2028-08-21,match,sports,1952
2028-08-21,concert,music,118
2028-08-21,album,music,132
2028-08-21,song,music,165
2028-08-21,artist,music,169
2028-08-21,band,music,1880
2028-08-21,taylor,music,3432
2028-08-21,drake,music,2736
2028-08-21,spotify,music,195
2028-08-21,festival,music,149
2028-08-21,grammy,music,905
2028-08-21,iphone,tech,2795
2028-08-21,android,tech,1141
2028-08-21,google,tech,80
2028-08-21,app,tech,2347
2028-08-21,ai,tech,1413
2028-08-21,microsoft,tech,187
2028-08-21,update,tech,87
2028-08-21,launch,tech,111
2028-08-21,startup,tech,257
2028-08-21,device,tech,103
2028-09-04,football,sports,133
2028-09-04,basketball,sports,1623
2028-09-04,tennis,sports,84
2028-09-04,soccer,sports,2355
2028-09-04,nba,sports,1275
2028-09-04,messi,sports,329
2028-09-04,ronaldo,sports,60
2028-09-04,olympics,sports,871
2028-09-04,championship,sports,131
2028-09-04,match,sports,171
2028-09-04,concert,music,126
2028-09-04,album,music,1250
2028-09-04,song,music,1104
2028-09-04,artist,music,1579
2028-09-04,band,music,1709
2028-09-04,taylor,music,342
2028-09-04,drake,music,143
2028-09-04,spotify,music,1168
2028-09-04,festival,music,80
2028-09-04,grammy,music,81
2028-09-04,iphone,tech,36
2028-09-04,android,tech,31
2028-09-04,google,tech,1828
2028-09-04,app,tech,50
2028-09-04,ai,tech,795
2028-09-04,microsoft,tech,110
2028-09-04,update,tech,2360
2028-09-04,launch,tech,184
2028-09-04,startup,tech,182
2028-09-04,device,tech,1602
2028-09-18,football,sports,1197
2028-09-18,basketball,sports,2425
2028-09-18,tennis,sports,102
2028-09-18,soccer,sports,1745
2028-09-18,nba,sports,1666
2028-09-18,messi,sports,2811
2028-09-18,ronaldo,sports,1608
2028-09-18,olympics,sports,1857
2028-09-18,championship,sports,1207
2028-09-18,match,sports,1392
2028-09-18,concert,music,94
2028-09-18,album,music,119
2028-09-18,song,music,2294
2028-09-18,artist,music,171
2028-09-18,band,music,130
2028-09-18,taylor,music,2287
2028-09-18,drake,music,190
2028-09-18,spotify,music,860
2028-09-18,festival,music,1529
2028-09-18,grammy,music,1759
2028-09-18,iphone,tech,133
2028-09-18,android,tech,2615
2028-09-18,google,tech,2381
2028-09-18,app,tech,1040
2028-09-18,ai,tech,164
2028-09-18,microsoft,tech,2046
2028-09-18,update,tech,143
2028-09-18,launch,tech,148
2028-09-18,startup,tech,110
2028-09-18,device,tech,1584
2028-10-02,football,sports,2229
2028-10-02,basketball,sports,1381
2028-10-02,tennis,sports,99
2028-10-02,soccer,sports,1558
2028-10-02,nba,sports,2254
2028-10-02,messi,sports,2328
2028-10-02,ronaldo,sports,49
2028-10-02,olympics,sports,131
2028-10-02,championship,sports,1188
2028-10-02,match,sports,2248
2028-10-02,concert,music,1184
2028-10-02,album,music,1496
2028-10-02,song,music,252
2028-10-02,artist,music,1629
2028-10-02,band,music,923
2028-10-02,taylor,music,3392
2028-10-02,drake,music,61
2028-10-02,spotify,music,192
2028-10-02,festival,music,177
2028-10-02,grammy,music,116
2028-10-02,iphone,tech,204
2028-10-02,android,tech,1357
2028-10-02,google,tech,74
2028-10-02,app,tech,1968
2028-10-02,ai,tech,916
2028-10-02,microsoft,tech,1937
2028-10-02,update,tech,208
2028-10-02,launch,tech,1092
2028-10-02,startup,tech,1395
2028-10-02,device,tech,2498
2028-10-16,football,sports,2022
2028-10-16,basketball,sports,142
2028-10-16,tennis,sports,1877
2028-10-16,soccer,sports,1933
2028-10-16,nba,sports,119
2028-10-16,messi,sports,2240
2028-10-16,ronaldo,sports,272
2028-10-16,olympics,sports,1833
2028-10-16,championship,sports,1620
2028-10-16,match,sports,1957
2028-10-16,concert,music,1908
2028-10-16,album,music,1431
2028-10-16,song,music,124
2028-10-16,artist,music,2119
2028-10-16,band,music,1565
2028-10-16,taylor,music,3701
2028-10-16,drake,music,1471
2028-10-16,spotify,music,257
2028-10-16,festival,music,80
2028-10-16,grammy,music,1804
2028-10-16,iphone,tech,253
2028-10-16,android,tech,86
2028-10-16,google,tech,1964
2028-10-16,app,tech,215
2028-10-16,ai,tech,1588
2028-10-16,microsoft,tech,7
2028-10-16,update,tech,131
2028-10-16,launch,tech,1910
2028-10-16,startup,tech,33
2028-10-16,device,tech,186
2028-10-30,football,sports,153
2028-10-30,basketball,sports,128
2028-10-30,tennis,sports,2551
2028-10-30,soccer,sports,1479
2028-10-30,nba,sports,172
2028-10-30,messi,sports,2515
2028-10-30,ronaldo,sports,1752
2028-10-30,olympics,sports,142
2028-10-30,championship,sports,1140
2028-10-30,match,sports,1011
2028-10-30,concert,music,146
2028-10-30,album,music,857
2028-10-30,song,music,175
2028-10-30,artist,music,1536
2028-10-30,band,music,192
2028-10-30,taylor,music,325
2028-10-30,drake,music,59
2028-10-30,spotify,music,1779
2028-10-30,festival,music,2040
2028-10-30,grammy,music,1633
2028-10-30,iphone,tech,289
2028-10-30,android,tech,69
2028-10-30,google,tech,94
2028-10-30,app,tech,141
2028-10-30,ai,tech,288
2028-10-30,microsoft,tech,1714
2028-10-30,update,tech,2390
2028-10-30,launch,tech,112
2028-10-30,startup,tech,73
2028-10-30,device,tech,205
2028-11-13,football,sports,2401
2028-11-13,basketball,sports,166
2028-11-13,tennis,sports,1229
2028-11-13,soccer,sports,1881
2028-11-13,nba,sports,2031
2028-11-13,messi,sports,2153
2028-11-13,ronaldo,sports,149
2028-11-13,olympics,sports,113
2028-11-13,championship,sports,155
2028-11-13,match,sports,1640
2028-11-13,concert,music,1894
2028-11-13,album,music,85
2028-11-13,song,music,1135
2028-11-13,artist,music,120
2028-11-13,band,music,1303
2028-11-13,taylor,music,4365
2028-11-13,drake,music,292
2028-11-13,spotify,music,2824
2028-11-13,festival,music,116
2028-11-13,grammy,music,2345
2028-11-13,iphone,tech,3486
2028-11-13,android,tech,1528
2028-11-13,google,tech,2121
2028-11-13,app,tech,159
2028-11-13,ai,tech,1754
2028-11-13,microsoft,tech,2182
2028-11-13,update,tech,101
2028-11-13,launch,tech,172
2028-11-13,startup,tech,1087
2028-11-13,device,tech,95
2028-11-27,football,sports,206
2028-11-27,basketball,sports,123
2028-11-27,tennis,sports,33
2028-11-27,soccer,sports,202
2028-11-27,nba,sports,73
2028-11-27,messi,sports,4302
2028-11-27,ronaldo,sports,1735
2028-11-27,olympics,sports,2618
2028-11-27,championship,sports,2185
2028-11-27,match,sports,1773
2028-11-27,concert,music,107
2028-11-27,album,music,87
2028-11-27,song,music,124
2028-11-27,artist,music,1662
2028-11-27,band,music,2426
2028-11-27,taylor,music,383
2028-11-27,drake,music,1556
2028-11-27,spotify,music,1512
2028-11-27,festival,music,2430
2028-11-27,grammy,music,62
2028-11-27,iphone,tech,170
2028-11-27,android,tech,212
2028-11-27,google,tech,63
2028-11-27,app,tech,94
2028-11-27,ai,tech,48
2028-11-27,microsoft,tech,99
2028-11-27,update,tech,1823
2028-11-27,launch,tech,1126
2028-11-27,startup,tech,1160
2028-11-27,device,tech,89
2028-12-11,football,sports,2455
2028-12-11,basketball,sports,53
2028-12-11,tennis,sports,1128
2028-12-11,soccer,sports,2768
2028-12-11,nba,sports,1984
2028-12-11,messi,sports,5626
2028-12-11,ronaldo,sports,132
2028-12-11,olympics,sports,1855
2028-12-11,championship,sports,49
2028-12-11,match,sports,2615
2028-12-11,concert,music,187
2028-12-11,album,music,2177
2028-12-11,song,music,1741
2028-12-11,artist,music,173
2028-12-11,band,music,83
2028-12-11,taylor,music,84
2028-12-11,drake,music,2127
2028-12-11,spotify,music,209
2028-12-11,festival,music,187
2028-12-11,grammy,music,68
2028-12-11,iphone,tech,454
2028-12-11,android,tech,1128
2028-12-11,google,tech,995
2028-12-11,app,tech,103
2028-12-11,ai,tech,2084
2028-12-11,microsoft,tech,2241
2028-12-11,update,tech,28
2028-12-11,launch,tech,2187
2028-12-11,startup,tech,171
2028-12-11,device,tech,182
2028-12-25,football,sports,1359
2028-12-25,basketball,sports,1280
2028-12-25,tennis,sports,1644
2028-12-25,soccer,sports,101
2028-12-25,nba,sports,1717
2028-12-25,messi,sports,189
2028-12-25,ronaldo,sports,154
2028-12-25,olympics,sports,2220
2028-12-25,championship,sports,147
2028-12-25,match,sports,1710
2028-12-25,concert,music,2512
2028-12-25,album,music,1008
2028-12-25,song,music,197
2028-12-25,artist,music,78
2028-12-25,band,music,79
2028-12-25,taylor,music,4359
2028-12-25,drake,music,2235
2028-12-25,spotify,music,1744
2028-12-25,festival,music,924
2028-12-25,grammy,music,113
2028-12-25,iphone,tech,374
2028-12-25,android,tech,75
2028-12-25,google,tech,123
2028-12-25,app,tech,1187
2028-12-25,ai,tech,1404
2028-12-25,microsoft,tech,1144
2028-12-25,update,tech,43
2028-12-25,launch,tech,2244
2028-12-25,startup,tech,75
2028-12-25,device,tech,163
2029-01-08,football,sports,1749
2029-01-08,basketball,sports,2959
2029-01-08,tennis,sports,2462
2029-01-08,soccer,sports,125
2029-01-08,nba,sports,265
2029-01-08,messi,sports,3023
2029-01-08,ronaldo,sports,169
2029-01-08,olympics,sports,133
2029-01-08,championship,sports,2002
2029-01-08,match,sports,153
2029-01-08,concert,music,2029
2029-01-08,album,music,98
2029-01-08,song,music,2444
2029-01-08,artist,music,111
2029-01-08,band,music,2474
2029-01-08,taylor,music,207
2029-01-08,drake,music,117
2029-01-08,spotify,music,135
2029-01-08,festival,music,1080
2029-01-08,grammy,music,143
2029-01-08,iphone,tech,236
2029-01-08,android,tech,136
2029-01-08,google,tech,110
2029-01-08,app,tech,62
2029-01-08,ai,tech,189
2029-01-08,microsoft,tech,1582
2029-01-08,update,tech,965
2029-01-08,launch,tech,180
2029-01-08,startup,tech,180
2029-01-08,device,tech,113
2029-01-22,football,sports,129
2029-01-22,basketball,sports,106
2029-01-22,tennis,sports,1635
2029-01-22,soccer,sports,2063
2029-01-22,nba,sports,204
2029-01-22,messi,sports,215
2029-01-22,ronaldo,sports,1129
2029-01-22,olympics,sports,1826
2029-01-22,championship,sports,1537
2029-01-22,match,sports,2402
2029-01-22,concert,music,1621
2029-01-22,album,music,94
2029-01-22,song,music,158
2029-01-22,artist,music,168
2029-01-22,band,music,63
2029-01-22,taylor,music,250
2029-01-22,drake,music,1762
2029-01-22,spotify,music,111
2029-01-22,festival,music,2097
2029-01-22,grammy,music,1830
2029-01-22,iphone,tech,175
2029-01-22,android,tech,2067
2029-01-22,google,tech,1779
2029-01-22,app,tech,2056
2029-01-22,ai,tech,1556
2029-01-22,microsoft,tech,1299
2029-01-22,update,tech,1981
2029-01-22,launch,tech,194
2029-01-22,startup,tech,275
2029-01-22,device,tech,85
2029-02-05,football,sports,182
2029-02-05,basketball,sports,134
2029-02-05,tennis,sports,1728
2029-02-05,soccer,sports,1875
2029-02-05,nba,sports,144
2029-02-05,messi,sports,208
2029-02-05,ronaldo,sports,73
2029-02-05,olympics,sports,2143
2029-02-05,championship,sports,59
2029-02-05,match,sports,1487
2029-02-05,concert,music,2036
2029-02-05,album,music,145
2029-02-05,song,music,2467
2029-02-05,artist,music,118
2029-02-05,band,music,34
2029-02-05,taylor,music,3396
2029-02-05,drake,music,104
2029-02-05,spotify,music,1911
2029-02-05,festival,music,1802
2029-02-05,grammy,music,1461
2029-02-05,iphone,tech,3958
2029-02-05,android,tech,2012
2029-02-05,google,tech,1305
2029-02-05,app,tech,85
2029-02-05,ai,tech,134
2029-02-05,microsoft,tech,137
2029-02-05,update,tech,159
2029-02-05,launch,tech,1311
2029-02-05,startup,tech,1437
2029-02-05,device,tech,134
2029-02-19,football,sports,24
2029-02-19,basketball,sports,1828
2029-02-19,tennis,sports,1619
2029-02-19,soccer,sports,33
2029-02-19,nba,sports,106
2029-02-19,messi,sports,271
2029-02-19,ronaldo,sports,190
2029-02-19,olympics,sports,178
2029-02-19,championship,sports,2176
2029-02-19,match,sports,1846
2029-02-19,concert,music,84
2029-02-19,album,music,25
2029-02-19,song,music,1067
2029-02-19,artist,music,1434
2029-02-19,band,music,2683
2029-02-19,taylor,music,293
2029-02-19,drake,music,1136
2029-02-19,spotify,music,114
2029-02-19,festival,music,1977
2029-02-19,grammy,music,1990
2029-02-19,iphone,tech,5699
2029-02-19,android,tech,1340
2029-02-19,google,tech,123
2029-02-19,app,tech,1544
2029-02-19,ai,tech,2129
2029-02-19,microsoft,tech,1752
2029-02-19,update,tech,1871
2029-02-19,launch,tech,227
2029-02-19,startup,tech,1694
2029-02-19,device,tech,56
2029-03-05,football,sports,26
2029-03-05,basketball,sports,91
2029-03-05,tennis,sports,1975
2029-03-05,soccer,sports,1520
2029-03-05,nba,sports,109
2029-03-05,messi,sports,245
2029-03-05,ronaldo,sports,1687
2029-03-05,olympics,sports,210
2029-03-05,championship,sports,163
2029-03-05,match,sports,131
2029-03-05,concert,music,159
2029-03-05,album,music,88
2029-03-05,song,music,259
2029-03-05,artist,music,2161
2029-03-05,band,music,907
2029-03-05,taylor,music,425
2029-03-05,drake,music,1917
2029-03-05,spotify,music,146
2029-03-05,festival,music,2003
2029-03-05,grammy,music,1745
2029-03-05,iphone,tech,265
2029-03-05,android,tech,1513
2029-03-05,google,tech,1189
2029-03-05,app,tech,1770
2029-03-05,ai,tech,1544
2029-03-05,microsoft,tech,2566
2029-03-05,update,tech,1835
2029-03-05,launch,tech,1623
2029-03-05,startup,tech,2117
2029-03-05,device,tech,188
2029-03-19,football,sports,45
2029-03-19,basketball,sports,1972
2029-03-19,tennis,sports,30
2029-03-19,soccer,sports,1548
2029-03-19,nba,sports,2546
2029-03-19,messi,sports,549
2029-03-19,ronaldo,sports,2225
2029-03-19,olympics,sports,2018
2029-03-19,championship,sports,1531
2029-03-19,match,sports,117
2029-03-19,concert,music,1296
2029-03-19,album,music,78
2029-03-19,song,music,118
2029-03-19,artist,music,35
2029-03-19,band,music,1334
2029-03-19,taylor,music,2244
2029-03-19,drake,music,2528
2029-03-19,spotify,music,121
2029-03-19,festival,music,302
2029-03-19,grammy,music,1809
2029-03-19,iphone,tech,2082
2029-03-19,android,tech,1768
2029-03-19,google,tech,2817
2029-03-19,app,tech,109
2029-03-19,ai,tech,92
2029-03-19,microsoft,tech,108
2029-03-19,update,tech,127
2029-03-19,launch,tech,1299
2029-03-19,startup,tech,828
2029-03-19,device,tech,2222
2029-04-02,football,sports,90
2029-04-02,basketball,sports,1983
2029-04-02,tennis,sports,2831
2029-04-02,soccer,sports,142
2029-04-02,nba,sports,149
2029-04-02,messi,sports,237
2029-04-02,ronaldo,sports,2216
2029-04-02,olympics,sports,149
2029-04-02,championship,sports,1206
2029-04-02,match,sports,1371
2029-04-02,concert,music,97
2029-04-02,album,music,39
2029-04-02,song,music,1098
2029-04-02,artist,music,123
2029-04-02,band,music,1731
2029-04-02,taylor,music,238
2029-04-02,drake,music,155
2029-04-02,spotify,music,2776
2029-04-02,festival,music,194
2029-04-02,grammy,music,2768
2029-04-02,iphone,tech,495
2029-04-02,android,tech,2472
2029-04-02,google,tech,21
2029-04-02,app,tech,146
2029-04-02,ai,tech,137
2029-04-02,microsoft,tech,1955
2029-04-02,update,tech,143
2029-04-02,launch,tech,243
2029-04-02,startup,tech,112
2029-04-02,device,tech,2766
2029-04-16,football,sports,219
2029-04-16,basketball,sports,53
2029-04-16,tennis,sports,102
2029-04-16,soccer,sports,217
2029-04-16,nba,sports,137
2029-04-16,messi,sports,5493
2029-04-16,ronaldo,sports,144
2029-04-16,olympics,sports,1350
2029-04-16,championship,sports,923
2029-04-16,match,sports,2038
2029-04-16,concert,music,1564
2029-04-16,album,music,76
2029-04-16,song,music,1831
2029-04-16,artist,music,141
2029-04-16,band,music,106
2029-04-16,taylor,music,3655
2029-04-16,drake,music,1074
2029-04-16,spotify,music,150
2029-04-16,festival,music,131
2029-04-16,grammy,music,1663
2029-04-16,iphone,tech,2316
2029-04-16,android,tech,2977
2029-04-16,google,tech,129
2029-04-16,app,tech,3058
2029-04-16,ai,tech,175
2029-04-16,microsoft,tech,184
2029-04-16,update,tech,144
2029-04-16,launch,tech,1646
2029-04-16,startup,tech,30
2029-04-16,device,tech,79
2029-04-30,football,sports,1102
2029-04-30,basketball,sports,40
2029-04-30,tennis,sports,182
2029-04-30,soccer,sports,2294
2029-04-30,nba,sports,1613
2029-04-30,messi,sports,426
2029-04-30,ronaldo,sports,1186
2029-04-30,olympics,sports,45
2029-04-30,championship,sports,153
2029-04-30,match,sports,253
2029-04-30,concert,music,1213
2029-04-30,album,music,103
2029-04-30,song,music,2630
2029-04-30,artist,music,95
2029-04-30,band,music,225
2029-04-30,taylor,music,152
2029-04-30,drake,music,79
2029-04-30,spotify,music,1421
2029-04-30,festival,music,107
2029-04-30,grammy,music,1286
2029-04-30,iphone,tech,172
2029-04-30,android,tech,1075
2029-04-30,google,tech,204
2029-04-30,app,tech,178
2029-04-30,ai,tech,1568
2029-04-30,microsoft,tech,160
2029-04-30,update,tech,204
2029-04-30,launch,tech,1205
2029-04-30,startup,tech,92
2029-04-30,device,tech,1308
2029-05-14,football,sports,3143
2029-05-14,basketball,sports,66
2029-05-14,tennis,sports,79
2029-05-14,soccer,sports,182
2029-05-14,nba,sports,135
2029-05-14,messi,sports,5713
2029-05-14,ronaldo,sports,1901
2029-05-14,olympics,sports,145
2029-05-14,championship,sports,124
2029-05-14,match,sports,2496
2029-05-14,concert,music,1505
2029-05-14,album,music,93
2029-05-14,song,music,147
2029-05-14,artist,music,1646
2029-05-14,band,music,942
2029-05-14,taylor,music,35
2029-05-14,drake,music,206
2029-05-14,spotify,music,1280
2029-05-14,festival,music,159
2029-05-14,grammy,music,2569
2029-05-14,iphone,tech,175
2029-05-14,android,tech,1569
2029-05-14,google,tech,2435
2029-05-14,app,tech,98
2029-05-14,ai,tech,151
2029-05-14,microsoft,tech,213
2029-05-14,update,tech,167
2029-05-14,launch,tech,1333
2029-05-14,startup,tech,1469
2029-05-14,device,tech,105
2029-05-28,football,sports,2222
2029-05-28,basketball,sports,1505
2029-05-28,tennis,sports,2592
2029-05-28,soccer,sports,70
2029-05-28,nba,sports,2426
2029-05-28,messi,sports,5729
2029-05-28,ronaldo,sports,2615
2029-05-28,olympics,sports,2960
2029-05-28,championship,sports,135
2029-05-28,match,sports,2554
2029-05-28,concert,music,124
2029-05-28,album,music,1182
2029-05-28,song,music,3073
2029-05-28,artist,music,139
2029-05-28,band,music,102
2029-05-28,taylor,music,140
2029-05-28,drake,music,1568
2029-05-28,spotify,music,1881
2029-05-28,festival,music,1389
2029-05-28,grammy,music,54
2029-05-28,iphone,tech,2647
2029-05-28,android,tech,2836
2029-05-28,google,tech,1383
2029-05-28,app,tech,168
2029-05-28,ai,tech,178
2029-05-28,microsoft,tech,2970
2029-05-28,update,tech,69
2029-05-28,launch,tech,2732
2029-05-28,startup,tech,211
2029-05-28,device,tech,1019
2029-06-11,football,sports,2560
2029-06-11,basketball,sports,155
2029-06-11,tennis,sports,1636
2029-06-11,soccer,sports,2784
2029-06-11,nba,sports,135
2029-06-11,messi,sports,3065
2029-06-11,ronaldo,sports,166
2029-06-11,olympics,sports,113
2029-06-11,championship,sports,1432
2029-06-11,match,sports,139
2029-06-11,concert,music,138
2029-06-11,album,music,2106
2029-06-11,song,music,1290
2029-06-11,artist,music,1616
2029-06-11,band,music,265
2029-06-11,taylor,music,394
2029-06-11,drake,music,1820
2029-06-11,spotify,music,1526
2029-06-11,festival,music,2163
2029-06-11,grammy,music,102
2029-06-11,iphone,tech,3974
2029-06-11,android,tech,99
2029-06-11,google,tech,1440
2029-06-11,app,tech,1439
2029-06-11,ai,tech,72
2029-06-11,microsoft,tech,1543
2029-06-11,update,tech,2664
2029-06-11,launch,tech,89
2029-06-11,startup,tech,148
2029-06-11,device,tech,122
2029-06-25,football,sports,189
2029-06-25,basketball,sports,50
2029-06-25,tennis,sports,69
2029-06-25,soccer,sports,1337
2029-06-25,nba,sports,3076
2029-06-25,messi,sports,466
2029-06-25,ronaldo,sports,1366
2029-06-25,olympics,sports,137
2029-06-25,championship,sports,157
2029-06-25,match,sports,240
2029-06-25,concert,music,1226
2029-06-25,album,music,64
2029-06-25,song,music,84
2029-06-25,artist,music,90
2029-06-25,band,music,122
2029-06-25,taylor,music,310
2029-06-25,drake,music,81
2029-06-25,spotify,music,1745
2029-06-25,festival,music,2996
2029-06-25,grammy,music,2334
2029-06-25,iphone,tech,207
2029-06-25,android,tech,91
2029-06-25,google,tech,144
2029-06-25,app,tech,2440
2029-06-25,ai,tech,3015
2029-06-25,microsoft,tech,2588
2029-06-25,update,tech,108
2029-06-25,launch,tech,63
2029-06-25,startup,tech,2368
2029-06-25,device,tech,2182
2029-07-09,football,sports,1792
2029-07-09,basketball,sports,2558
2029-07-09,tennis,sports,109
2029-07-09,soccer,sports,100
2029-07-09,nba,sports,1539
2029-07-09,messi,sports,301
2029-07-09,ronaldo,sports,47
2029-07-09,olympics,sports,143
2029-07-09,championship,sports,64
2029-07-09,match,sports,143
2029-07-09,concert,music,1853
2029-07-09,album,music,1600
2029-07-09,song,music,135
2029-07-09,artist,music,178
2029-07-09,band,music,2383
2029-07-09,taylor,music,3044
2029-07-09,drake,music,1774
2029-07-09,spotify,music,93
2029-07-09,festival,music,2110
2029-07-09,grammy,music,157
2029-07-09,iphone,tech,151
2029-07-09,android,tech,916
2029-07-09,google,tech,233
2029-07-09,app,tech,56
2029-07-09,ai,tech,1696
2029-07-09,microsoft,tech,1508
2029-07-09,update,tech,113
2029-07-09,launch,tech,181
2029-07-09,startup,tech,1948
2029-07-09,device,tech,2327
2029-07-23,football,sports,73
2029-07-23,basketball,sports,1695
2029-07-23,tennis,sports,97
2029-07-23,soccer,sports,110
2029-07-23,nba,sports,0
2029-07-23,messi,sports,4378
2029-07-23,ronaldo,sports,212
2029-07-23,olympics,sports,1682
2029-07-23,championship,sports,1309
2029-07-23,match,sports,52
2029-07-23,concert,music,1296
2029-07-23,album,music,130
2029-07-23,song,music,1361
2029-07-23,artist,music,2131
2029-07-23,band,music,1812
2029-07-23,taylor,music,5204
2029-07-23,drake,music,1173
2029-07-23,spotify,music,94
2029-07-23,festival,music,1102
2029-07-23,grammy,music,226
2029-07-23,iphone,tech,254
2029-07-23,android,tech,2062
2029-07-23,google,tech,118
2029-07-23,app,tech,1488
2029-07-23,ai,tech,155
2029-07-23,microsoft,tech,173
2029-07-23,update,tech,154
2029-07-23,launch,tech,147
2029-07-23,startup,tech,158
2029-07-23,device,tech,117
2029-08-06,football,sports,1739
2029-08-06,basketball,sports,2094
2029-08-06,tennis,sports,98
2029-08-06,soccer,sports,72
2029-08-06,nba,sports,215
2029-08-06,messi,sports,3992
2029-08-06,ronaldo,sports,226
2029-08-06,olympics,sports,1686
2029-08-06,championship,sports,130
2029-08-06,match,sports,1164
2029-08-06,concert,music,2658
2029-08-06,album,music,1043
2029-08-06,song,music,1598
2029-08-06,artist,music,110
2029-08-06,band,music,197
2029-08-06,taylor,music,201
2029-08-06,drake,music,135
2029-08-06,spotify,music,223
2029-08-06,festival,music,105
2029-08-06,grammy,music,1935
2029-08-06,iphone,tech,4835
2029-08-06,android,tech,1782
2029-08-06,google,tech,2193
2029-08-06,app,tech,2605
2029-08-06,ai,tech,132
2029-08-06,microsoft,tech,140
2029-08-06,update,tech,2074
2029-08-06,launch,tech,1507
2029-08-06,startup,tech,152
2029-08-06,device,tech,2612
2029-08-20,football,sports,184
2029-08-20,basketball,sports,2270
2029-08-20,tennis,sports,1752
2029-08-20,soccer,sports,1909
2029-08-20,nba,sports,2597
2029-08-20,messi,sports,2652
2029-08-20,ronaldo,sports,147
2029-08-20,olympics,sports,1449
2029-08-20,championship,sports,1915
2029-08-20,match,sports,129
2029-08-20,concert,music,2108
2029-08-20,album,music,140
2029-08-20,song,music,2115
2029-08-20,artist,music,185
2029-08-20,band,music,92
2029-08-20,taylor,music,304
2029-08-20,drake,music,1644
2029-08-20,spotify,music,1482
2029-08-20,festival,music,108
2029-08-20,grammy,music,2487
2029-08-20,iphone,tech,2125
2029-08-20,android,tech,199
2029-08-20,google,tech,0
2029-08-20,app,tech,54
2029-08-20,ai,tech,1888
2029-08-20,microsoft,tech,1339
2029-08-20,update,tech,86
2029-08-20,launch,tech,75
2029-08-20,startup,tech,2294
2029-08-20,device,tech,2299
2029-09-03,football,sports,1294
2029-09-03,basketball,sports,1482
2029-09-03,tennis,sports,199
2029-09-03,soccer,sports,2451
2029-09-03,nba,sports,70
2029-09-03,messi,sports,194
2029-09-03,ronaldo,sports,52
2029-09-03,olympics,sports,1371
2029-09-03,championship,sports,2057
2029-09-03,match,sports,63
2029-09-03,concert,music,1476
2029-09-03,album,music,171
2029-09-03,song,music,162
2029-09-03,artist,music,1397
2029-09-03,band,music,1451
2029-09-03,taylor,music,187
2029-09-03,drake,music,1359
2029-09-03,spotify,music,73
2029-09-03,festival,music,80
2029-09-03,grammy,music,3017
2029-09-03,iphone,tech,279
2029-09-03,android,tech,1145
2029-09-03,google,tech,69
2029-09-03,app,tech,132
2029-09-03,ai,tech,113
2029-09-03,microsoft,tech,2412
2029-09-03,update,tech,239
2029-09-03,launch,tech,156
2029-09-03,startup,tech,170
2029-09-03,device,tech,1420
2029-09-17,football,sports,90
2029-09-17,basketball,sports,1359
2029-09-17,tennis,sports,2238
2029-09-17,soccer,sports,178
2029-09-17,nba,sports,1421
2029-09-17,messi,sports,4638
2029-09-17,ronaldo,sports,131
2029-09-17,olympics,sports,919
2029-09-17,championship,sports,2661
2029-09-17,match,sports,2379
2029-09-17,concert,music,231
2029-09-17,album,music,151
2029-09-17,song,music,2275
2029-09-17,artist,music,164
2029-09-17,band,music,1214
2029-09-17,taylor,music,2140
2029-09-17,drake,music,99
2029-09-17,spotify,music,2647
2029-09-17,festival,music,2100
2029-09-17,grammy,music,1956
2029-09-17,iphone,tech,124
2029-09-17,android,tech,1857
2029-09-17,google,tech,44
2029-09-17,app,tech,216
2029-09-17,ai,tech,2284
2029-09-17,microsoft,tech,121
2029-09-17,update,tech,232
2029-09-17,launch,tech,1249
2029-09-17,startup,tech,80
2029-09-17,device,tech,58
2029-10-01,football,sports,2939
2029-10-01,basketball,sports,1638
2029-10-01,tennis,sports,1168
2029-10-01,soccer,sports,140
2029-10-01,nba,sports,2265
2029-10-01,messi,sports,6352
2029-10-01,ronaldo,sports,1747
2029-10-01,olympics,sports,1889
2029-10-01,championship,sports,2138
2029-10-01,match,sports,2043
2029-10-01,concert,music,1482
2029-10-01,album,music,113
2029-10-01,song,music,57
2029-10-01,artist,music,166
2029-10-01,band,music,1706
2029-10-01,taylor,music,276
2029-10-01,drake,music,215
2029-10-01,spotify,music,2443
2029-10-01,festival,music,179
2029-10-01,grammy,music,1930
2029-10-01,iphone,tech,5434
2029-10-01,android,tech,123
2029-10-01,google,tech,1695
2029-10-01,app,tech,1082
2029-10-01,ai,tech,2054
2029-10-01,microsoft,tech,1847
2029-10-01,update,tech,212
2029-10-01,launch,tech,3064
2029-10-01,startup,tech,2204
2029-10-01,device,tech,2594
2029-10-15,football,sports,2792
2029-10-15,basketball,sports,1667
2029-10-15,tennis,sports,2332
2029-10-15,soccer,sports,1437
2029-10-15,nba,sports,57
2029-10-15,messi,sports,4408
2029-10-15,ronaldo,sports,60
2029-10-15,olympics,sports,174
2029-10-15,championship,sports,125
2029-10-15,match,sports,1637
2029-10-15,concert,music,185
2029-10-15,album,music,157
2029-10-15,song,music,191
2029-10-15,artist,music,207
2029-10-15,band,music,128
2029-10-15,taylor,music,5372
2029-10-15,drake,music,190
2029-10-15,spotify,music,981
2029-10-15,festival,music,3017
2029-10-15,grammy,music,156
2029-10-15,iphone,tech,311
2029-10-15,android,tech,94
2029-10-15,google,tech,1378
2029-10-15,app,tech,1786
2029-10-15,ai,tech,198
2029-10-15,microsoft,tech,1448
2029-10-15,update,tech,143
2029-10-15,launch,tech,2304
2029-10-15,startup,tech,191
2029-10-15,device,tech,61
2029-10-29,football,sports,95
2029-10-29,basketball,sports,109
2029-10-29,tennis,sports,1294
2029-10-29,soccer,sports,2201
2029-10-29,nba,sports,147
2029-10-29,messi,sports,3795
2029-10-29,ronaldo,sports,2163
2029-10-29,olympics,sports,2443
2029-10-29,championship,sports,170
2029-10-29,match,sports,3033
2029-10-29,concert,music,1233
2029-10-29,album,music,149
2029-10-29,song,music,2216
2029-10-29,artist,music,108
2029-10-29,band,music,185
2029-10-29,taylor,music,376
2029-10-29,drake,music,1707
2029-10-29,spotify,music,173
2029-10-29,festival,music,1878
2029-10-29,grammy,music,165
2029-10-29,iphone,tech,238
2029-10-29,android,tech,147
2029-10-29,google,tech,159
2029-10-29,app,tech,2209
2029-10-29,ai,tech,18
2029-10-29,microsoft,tech,2096
2029-10-29,update,tech,1775
2029-10-29,launch,tech,1463
2029-10-29,startup,tech,205
2029-10-29,device,tech,1612
2029-11-12,football,sports,188
2029-11-12,basketball,sports,79
2029-11-12,tennis,sports,2704
2029-11-12,soccer,sports,117
2029-11-12,nba,sports,175
2029-11-12,messi,sports,266
2029-11-12,ronaldo,sports,2805
2029-11-12,olympics,sports,131
2029-11-12,championship,sports,2385
2029-11-12,match,sports,2286
2029-11-12,concert,music,1806
2029-11-12,album,music,3041
2029-11-12,song,music,1212
2029-11-12,artist,music,1003
2029-11-12,band,music,141
2029-11-12,taylor,music,3756
2029-11-12,drake,music,153
2029-11-12,spotify,music,116
2029-11-12,festival,music,2787
2029-11-12,grammy,music,2274
2029-11-12,iphone,tech,3557
2029-11-12,android,tech,3141
2029-11-12,google,tech,245
2029-11-12,app,tech,2022
2029-11-12,ai,tech,3025
2029-11-12,microsoft,tech,195
2029-11-12,update,tech,17
2029-11-12,launch,tech,209
2029-11-12,startup,tech,2060
2029-11-12,device,tech,148
2029-11-26,football,sports,1290
2029-11-26,basketball,sports,1541
2029-11-26,tennis,sports,258
2029-11-26,soccer,sports,1863
2029-11-26,nba,sports,1358
2029-11-26,messi,sports,5284
2029-11-26,ronaldo,sports,124
2029-11-26,olympics,sports,2262
2029-11-26,championship,sports,158
2029-11-26,match,sports,1721
2029-11-26,concert,music,1586
2029-11-26,album,music,2124
2029-11-26,song,music,2216
2029-11-26,artist,music,129
2029-11-26,band,music,231
2029-11-26,taylor,music,2405
2029-11-26,drake,music,2470
2029-11-26,spotify,music,1712
2029-11-26,festival,music,3260
2029-11-26,grammy,music,166
2029-11-26,iphone,tech,4988
2029-11-26,android,tech,1465
2029-11-26,google,tech,211
2029-11-26,app,tech,2042
2029-11-26,ai,tech,230
2029-11-26,microsoft,tech,137
2029-11-26,update,tech,212
2029-11-26,launch,tech,2790
2029-11-26,startup,tech,2384
2029-11-26,device,tech,121
2029-12-10,football,sports,1543
2029-12-10,basketball,sports,83
2029-12-10,tennis,sports,192
2029-12-10,soccer,sports,158
2029-12-10,nba,sports,2730
2029-12-10,messi,sports,2524
2029-12-10,ronaldo,sports,169
2029-12-10,olympics,sports,139
2029-12-10,championship,sports,122
2029-12-10,match,sports,158
2029-12-10,concert,music,10
2029-12-10,album,music,2238
2029-12-10,song,music,223
2029-12-10,artist,music,3135
2029-12-10,band,music,1200
2029-12-10,taylor,music,5022
2029-12-10,drake,music,140
2029-12-10,spotify,music,1310
2029-12-10,festival,music,1615
2029-12-10,grammy,music,2383
2029-12-10,iphone,tech,3628
2029-12-10,android,tech,139
2029-12-10,google,tech,1475
2029-12-10,app,tech,1792
2029-12-10,ai,tech,164
2029-12-10,microsoft,tech,213
2029-12-10,update,tech,1412
2029-12-10,launch,tech,111
2029-12-10,startup,tech,1607
2029-12-10,device,tech,1458
2029-12-24,football,sports,2628
2029-12-24,basketball,sports,190
2029-12-24,tennis,sports,156
2029-12-24,soccer,sports,2928
2029-12-24,nba,sports,66
2029-12-24,messi,sports,5553
2029-12-24,ronaldo,sports,1163
2029-12-24,olympics,sports,50
2029-12-24,championship,sports,1489
2029-12-24,match,sports,1525
2029-12-24,concert,music,1633
2029-12-24,album,music,194
2029-12-24,song,music,1198
2029-12-24,artist,music,2760
2029-12-24,band,music,155
2029-12-24,taylor,music,177
2029-12-24,drake,music,200
2029-12-24,spotify,music,135
2029-12-24,festival,music,179
2029-12-24,grammy,music,223
2029-12-24,iphone,tech,4932
2029-12-24,android,tech,1485
2029-12-24,google,tech,2396
2029-12-24,app,tech,69
2029-12-24,ai,tech,2293
2029-12-24,microsoft,tech,2367
2029-12-24,update,tech,942
2029-12-24,launch,tech,241
2029-12-24,startup,tech,113
2029-12-24,device,tech,2809
2030-01-07,football,sports,110
2030-01-07,basketball,sports,1393
2030-01-07,tennis,sports,196
2030-01-07,soccer,sports,161
2030-01-07,nba,sports,106
2030-01-07,messi,sports,65
2030-01-07,ronaldo,sports,200
2030-01-07,olympics,sports,179
2030-01-07,championship,sports,91
2030-01-07,match,sports,118
2030-01-07,concert,music,134
2030-01-07,album,music,140
2030-01-07,song,music,908
2030-01-07,artist,music,102
2030-01-07,band,music,27
2030-01-07,taylor,music,3195
2030-01-07,drake,music,2300
2030-01-07,spotify,music,171
2030-01-07,festival,music,1120
2030-01-07,grammy,music,2559
2030-01-07,iphone,tech,4655
2030-01-07,android,tech,165
2030-01-07,google,tech,1386
2030-01-07,app,tech,176
2030-01-07,ai,tech,2744
2030-01-07,microsoft,tech,91
2030-01-07,update,tech,157
2030-01-07,launch,tech,291
2030-01-07,startup,tech,2729
2030-01-07,device,tech,200
2030-01-21,football,sports,1458
2030-01-21,basketball,sports,99
2030-01-21,tennis,sports,1940
2030-01-21,soccer,sports,116
2030-01-21,nba,sports,1224
2030-01-21,messi,sports,50
2030-01-21,ronaldo,sports,3032
2030-01-21,olympics,sports,103
2030-01-21,championship,sports,2271
2030-01-21,match,sports,155
2030-01-21,concert,music,88
2030-01-21,album,music,2720
2030-01-21,song,music,2505
2030-01-21,artist,music,3264
2030-01-21,band,music,1912
2030-01-21,taylor,music,421
2030-01-21,drake,music,108
2030-01-21,spotify,music,2262
2030-01-21,festival,music,1586
2030-01-21,grammy,music,210
2030-01-21,iphone,tech,4414
2030-01-21,android,tech,2458
2030-01-21,google,tech,146
2030-01-21,app,tech,101
2030-01-21,ai,tech,185
2030-01-21,microsoft,tech,169
2030-01-21,update,tech,2202
2030-01-21,launch,tech,185
2030-01-21,startup,tech,178
2030-01-21,device,tech,99
2030-02-04,football,sports,2561
2030-02-04,basketball,sports,161
2030-02-04,tennis,sports,1377
2030-02-04,soccer,sports,2788
2030-02-04,nba,sports,181
2030-02-04,messi,sports,343
2030-02-04,ronaldo,sports,2656
2030-02-04,olympics,sports,251
2030-02-04,championship,sports,89
2030-02-04,match,sports,1833
2030-02-04,concert,music,188
2030-02-04,album,music,136
2030-02-04,song,music,117
2030-02-04,artist,music,1904
2030-02-04,band,music,67
2030-02-04,taylor,music,5187
2030-02-04,drake,music,202
2030-02-04,spotify,music,1823
2030-02-04,festival,music,139
2030-02-04,grammy,music,218
2030-02-04,iphone,tech,367
2030-02-04,android,tech,1930
2030-02-04,google,tech,2958
2030-02-04,app,tech,162
2030-02-04,ai,tech,2882
2030-02-04,microsoft,tech,1380
2030-02-04,update,tech,164
2030-02-04,launch,tech,210
2030-02-04,startup,tech,81
2030-02-04,device,tech,98
2030-02-18,football,sports,2266
2030-02-18,basketball,sports,2420
2030-02-18,tennis,sports,2650
2030-02-18,soccer,sports,2921
2030-02-18,nba,sports,159
2030-02-18,messi,sports,2417
2030-02-18,ronaldo,sports,2142
2030-02-18,olympics,sports,159
2030-02-18,championship,sports,2439
2030-02-18,match,sports,133
2030-02-18,concert,music,2470
2030-02-18,album,music,3491
2030-02-18,song,music,1261
2030-02-18,artist,music,2414
2030-02-18,band,music,153
2030-02-18,taylor,music,588
2030-02-18,drake,music,132
2030-02-18,spotify,music,3261
2030-02-18,festival,music,2891
2030-02-18,grammy,music,119
2030-02-18,iphone,tech,407
2030-02-18,android,tech,2272
2030-02-18,google,tech,235
2030-02-18,app,tech,0
2030-02-18,ai,tech,2478
2030-02-18,microsoft,tech,2789
2030-02-18,update,tech,3350
2030-02-18,launch,tech,2229
2030-02-18,startup,tech,107
2030-02-18,device,tech,2814
2030-03-04,football,sports,218
2030-03-04,basketball,sports,202
2030-03-04,tennis,sports,187
2030-03-04,soccer,sports,1345
2030-03-04,nba,sports,2237
2030-03-04,messi,sports,153
2030-03-04,ronaldo,sports,1217
2030-03-04,olympics,sports,2146
2030-03-04,championship,sports,9
2030-03-04,match,sports,122
2030-03-04,concert,music,144
2030-03-04,album,music,2157
2030-03-04,song,music,87
2030-03-04,artist,music,52
2030-03-04,band,music,2112
2030-03-04,taylor,music,5777
2030-03-04,drake,music,78
2030-03-04,spotify,music,2505
2030-03-04,festival,music,135
2030-03-04,grammy,music,109
2030-03-04,iphone,tech,335
2030-03-04,android,tech,1120
2030-03-04,google,tech,2195
2030-03-04,app,tech,1863
2030-03-04,ai,tech,1295
2030-03-04,microsoft,tech,138
2030-03-04,update,tech,150
2030-03-04,launch,tech,252
2030-03-04,startup,tech,1855
2030-03-04,device,tech,1551
2030-03-18,football,sports,1523
2030-03-18,basketball,sports,101
2030-03-18,tennis,sports,139
2030-03-18,soccer,sports,2130
2030-03-18,nba,sports,1583
2030-03-18,messi,sports,3631
2030-03-18,ronaldo,sports,3199
2030-03-18,olympics,sports,0
2030-03-18,championship,sports,260
2030-03-18,match,sports,141
2030-03-18,concert,music,20
2030-03-18,album,music,20
2030-03-18,song,music,2604
2030-03-18,artist,music,1477
2030-03-18,band,music,20
2030-03-18,taylor,music,3019
2030-03-18,drake,music,3143
2030-03-18,spotify,music,2522
2030-03-18,festival,music,2269
2030-03-18,grammy,music,2011
2030-03-18,iphone,tech,507
2030-03-18,android,tech,2676
2030-03-18,google,tech,2327
2030-03-18,app,tech,88
2030-03-18,ai,tech,169
2030-03-18,microsoft,tech,2464
2030-03-18,update,tech,2764
2030-03-18,launch,tech,2336
2030-03-18,startup,tech,1819
2030-03-18,device,tech,163
2030-04-01,football,sports,1247
2030-04-01,basketball,sports,2713
2030-04-01,tennis,sports,2933
2030-04-01,soccer,sports,2503
2030-04-01,nba,sports,129
2030-04-01,messi,sports,3689
2030-04-01,ronaldo,sports,2921
2030-04-01,olympics,sports,1993
2030-04-01,championship,sports,241
2030-04-01,match,sports,158
2030-04-01,concert,music,318
2030-04-01,album,music,44
2030-04-01,song,music,76
2030-04-01,artist,music,115
2030-04-01,band,music,1830
2030-04-01,taylor,music,193
2030-04-01,drake,music,122
2030-04-01,spotify,music,142
2030-04-01,festival,music,169
2030-04-01,grammy,music,3316
2030-04-01,iphone,tech,234
2030-04-01,android,tech,139
2030-04-01,google,tech,102
2030-04-01,app,tech,156
2030-04-01,ai,tech,91
2030-04-01,microsoft,tech,73
2030-04-01,update,tech,64
2030-04-01,launch,tech,126
2030-04-01,startup,tech,37
2030-04-01,device,tech,3386
2030-04-15,football,sports,2240
2030-04-15,basketball,sports,1439
2030-04-15,tennis,sports,1924
2030-04-15,soccer,sports,1957
2030-04-15,nba,sports,1259
2030-04-15,messi,sports,3461
2030-04-15,ronaldo,sports,2232
2030-04-15,olympics,sports,121
2030-04-15,championship,sports,157
2030-04-15,match,sports,2228
2030-04-15,concert,music,1866
2030-04-15,album,music,98
2030-04-15,song,music,178
2030-04-15,artist,music,2400
2030-04-15,band,music,188
2030-04-15,taylor,music,2763
2030-04-15,drake,music,164
2030-04-15,spotify,music,2513
2030-04-15,festival,music,3111
2030-04-15,grammy,music,142
2030-04-15,iphone,tech,5357
2030-04-15,android,tech,134
2030-04-15,google,tech,2941
2030-04-15,app,tech,2903
2030-04-15,ai,tech,2540
2030-04-15,microsoft,tech,0
2030-04-15,update,tech,152
2030-04-15,launch,tech,2545
2030-04-15,startup,tech,1587
2030-04-15,device,tech,21
2030-04-29,football,sports,83
2030-04-29,basketball,sports,1990
2030-04-29,tennis,sports,220
2030-04-29,soccer,sports,3506
2030-04-29,nba,sports,138
2030-04-29,messi,sports,327
2030-04-29,ronaldo,sports,2224
2030-04-29,olympics,sports,24
2030-04-29,championship,sports,206
2030-04-29,match,sports,91
2030-04-29,concert,music,2961
2030-04-29,album,music,1193
2030-04-29,song,music,3509
2030-04-29,artist,music,2096
2030-04-29,band,music,2504
2030-04-29,taylor,music,567
2030-04-29,drake,music,1070
2030-04-29,spotify,music,188
2030-04-29,festival,music,1697
2030-04-29,grammy,music,127
2030-04-29,iphone,tech,4331
2030-04-29,android,tech,2656
2030-04-29,google,tech,1325
2030-04-29,app,tech,174
2030-04-29,ai,tech,178
2030-04-29,microsoft,tech,1268
2030-04-29,update,tech,124
2030-04-29,launch,tech,128
2030-04-29,startup,tech,127
2030-04-29,device,tech,2097
2030-05-13,football,sports,95
2030-05-13,basketball,sports,1108
2030-05-13,tennis,sports,185
2030-05-13,soccer,sports,1376
2030-05-13,nba,sports,186
2030-05-13,messi,sports,223
2030-05-13,ronaldo,sports,171
2030-05-13,olympics,sports,1901
2030-05-13,championship,sports,2143
2030-05-13,match,sports,2158
2030-05-13,concert,music,1445
2030-05-13,album,music,222
2030-05-13,song,music,165
2030-05-13,artist,music,143
2030-05-13,band,music,2461
2030-05-13,taylor,music,215
2030-05-13,drake,music,2520
2030-05-13,spotify,music,288
2030-05-13,festival,music,164
2030-05-13,grammy,music,231
2030-05-13,iphone,tech,293
2030-05-13,android,tech,148
2030-05-13,google,tech,150
2030-05-13,app,tech,208
2030-05-13,ai,tech,2660
2030-05-13,microsoft,tech,2956
2030-05-13,update,tech,80
2030-05-13,launch,tech,136
2030-05-13,startup,tech,168
2030-05-13,device,tech,162
2030-05-27,football,sports,1474
2030-05-27,basketball,sports,2492
2030-05-27,tennis,sports,1552
2030-05-27,soccer,sports,1403
2030-05-27,nba,sports,232
2030-05-27,messi,sports,391
2030-05-27,ronaldo,sports,2514
2030-05-27,olympics,sports,238
2030-05-27,championship,sports,1296
2030-05-27,match,sports,41
2030-05-27,concert,music,2492
2030-05-27,album,music,2572
2030-05-27,song,music,1339
2030-05-27,artist,music,120
2030-05-27,band,music,1580
2030-05-27,taylor,music,3873
2030-05-27,drake,music,131
2030-05-27,spotify,music,117
2030-05-27,festival,music,259
2030-05-27,grammy,music,1290
2030-05-27,iphone,tech,3438
2030-05-27,android,tech,144
2030-05-27,google,tech,157
2030-05-27,app,tech,287
2030-05-27,ai,tech,120
2030-05-27,microsoft,tech,2265
2030-05-27,update,tech,195
2030-05-27,launch,tech,56
2030-05-27,startup,tech,1540
2030-05-27,device,tech,1639
2030-06-10,football,sports,165
2030-06-10,basketball,sports,48
2030-06-10,tennis,sports,148
2030-06-10,soccer,sports,1907
2030-06-10,nba,sports,1348
2030-06-10,messi,sports,2599
2030-06-10,ronaldo,sports,1979
2030-06-10,olympics,sports,1827
2030-06-10,championship,sports,3714
2030-06-10,match,sports,188
2030-06-10,concert,music,164
2030-06-10,album,music,238
2030-06-10,song,music,2402
2030-06-10,artist,music,160
2030-06-10,band,music,1511
2030-06-10,taylor,music,2767
2030-06-10,drake,music,2349
2030-06-10,spotify,music,3051
2030-06-10,festival,music,89
2030-06-10,grammy,music,1972
2030-06-10,iphone,tech,5151
2030-06-10,android,tech,238
2030-06-10,google,tech,2190
2030-06-10,app,tech,150
2030-06-10,ai,tech,185
2030-06-10,microsoft,tech,142
2030-06-10,update,tech,131
2030-06-10,launch,tech,1699
2030-06-10,startup,tech,121
2030-06-10,device,tech,56
2030-06-24,football,sports,1494
2030-06-24,basketball,sports,3716
2030-06-24,tennis,sports,93
2030-06-24,soccer,sports,1430
2030-06-24,nba,sports,14
2030-06-24,messi,sports,323
2030-06-24,ronaldo,sports,1312
2030-06-24,olympics,sports,94
2030-06-24,championship,sports,1774
2030-06-24,match,sports,51
2030-06-24,concert,music,157
2030-06-24,album,music,204
2030-06-24,song,music,95
2030-06-24,artist,music,3170
2030-06-24,band,music,122
2030-06-24,taylor,music,274
2030-06-24,drake,music,2880
2030-06-24,spotify,music,1886
2030-06-24,festival,music,167
2030-06-24,grammy,music,2075
2030-06-24,iphone,tech,239
2030-06-24,android,tech,2964
2030-06-24,google,tech,1530
2030-06-24,app,tech,153
2030-06-24,ai,tech,1750
2030-06-24,microsoft,tech,1998
2030-06-24,update,tech,166
2030-06-24,launch,tech,173
2030-06-24,startup,tech,2435
2030-06-24,device,tech,2338
2030-07-08,football,sports,88
2030-07-08,basketball,sports,1278
2030-07-08,tennis,sports,180
2030-07-08,soccer,sports,2795
2030-07-08,nba,sports,127
2030-07-08,messi,sports,2352
2030-07-08,ronaldo,sports,1781
2030-07-08,olympics,sports,145
2030-07-08,championship,sports,1877
2030-07-08,match,sports,2790
2030-07-08,concert,music,91
2030-07-08,album,music,273
2030-07-08,song,music,201
2030-07-08,artist,music,2099
2030-07-08,band,music,188
2030-07-08,taylor,music,0
2030-07-08,drake,music,2849
2030-07-08,spotify,music,145
2030-07-08,festival,music,133
2030-07-08,grammy,music,216
2030-07-08,iphone,tech,198
2030-07-08,android,tech,2395
2030-07-08,google,tech,12
2030-07-08,app,tech,223
2030-07-08,ai,tech,3521
2030-07-08,microsoft,tech,1808
2030-07-08,update,tech,1609
2030-07-08,launch,tech,1588
2030-07-08,startup,tech,2574
2030-07-08,device,tech,223
2030-07-22,football,sports,16
2030-07-22,basketball,sports,75
2030-07-22,tennis,sports,259
2030-07-22,soccer,sports,98
2030-07-22,nba,sports,1595
2030-07-22,messi,sports,7259
2030-07-22,ronaldo,sports,67
2030-07-22,olympics,sports,42
2030-07-22,championship,sports,1186
2030-07-22,match,sports,78
2030-07-22,concert,music,1714
2030-07-22,album,music,3389
2030-07-22,song,music,175
2030-07-22,artist,music,2415
2030-07-22,band,music,123
2030-07-22,taylor,music,3743
2030-07-22,drake,music,125
2030-07-22,spotify,music,157
2030-07-22,festival,music,1497
2030-07-22,grammy,music,3201
2030-07-22,iphone,tech,4943
2030-07-22,android,tech,85
2030-07-22,google,tech,3007
2030-07-22,app,tech,163
2030-07-22,ai,tech,46
2030-07-22,microsoft,tech,2810
2030-07-22,update,tech,101
2030-07-22,launch,tech,220
2030-07-22,startup,tech,167
2030-07-22,device,tech,133
2030-08-05,football,sports,3747
2030-08-05,basketball,sports,203
2030-08-05,tennis,sports,2857
2030-08-05,soccer,sports,2654
2030-08-05,nba,sports,3720
2030-08-05,messi,sports,396
2030-08-05,ronaldo,sports,1984
2030-08-05,olympics,sports,3318
2030-08-05,championship,sports,2596
2030-08-05,match,sports,118
2030-08-05,concert,music,60
2030-08-05,album,music,2389
2030-08-05,song,music,3107
2030-08-05,artist,music,2873
2030-08-05,band,music,1376
2030-08-05,taylor,music,3139
2030-08-05,drake,music,92
2030-08-05,spotify,music,169
2030-08-05,festival,music,109
2030-08-05,grammy,music,180
2030-08-05,iphone,tech,6326
2030-08-05,android,tech,307
2030-08-05,google,tech,1985
2030-08-05,app,tech,169
2030-08-05,ai,tech,1220
2030-08-05,microsoft,tech,2921
2030-08-05,update,tech,2070
2030-08-05,launch,tech,1308
2030-08-05,startup,tech,123
2030-08-05,device,tech,144
2030-08-19,football,sports,3302
2030-08-19,basketball,sports,226
2030-08-19,tennis,sports,113
2030-08-19,soccer,sports,208
2030-08-19,nba,sports,3511
2030-08-19,messi,sports,230
2030-08-19,ronaldo,sports,240
2030-08-19,olympics,sports,2168
2030-08-19,championship,sports,2858
2030-08-19,match,sports,158
2030-08-19,concert,music,2461
2030-08-19,album,music,179
2030-08-19,song,music,1362
2030-08-19,artist,music,128
2030-08-19,band,music,1850
2030-08-19,taylor,music,3413
2030-08-19,drake,music,1147
2030-08-19,spotify,music,189
2030-08-19,festival,music,229
2030-08-19,grammy,music,2572
2030-08-19,iphone,tech,7573
2030-08-19,android,tech,1857
2030-08-19,google,tech,205
2030-08-19,app,tech,86
2030-08-19,ai,tech,1934
2030-08-19,microsoft,tech,170
2030-08-19,update,tech,1232
2030-08-19,launch,tech,154
2030-08-19,startup,tech,2448
2030-08-19,device,tech,1288
2030-09-02,football,sports,125
2030-09-02,basketball,sports,3099
2030-09-02,tennis,sports,2742
2030-09-02,soccer,sports,2137
2030-09-02,nba,sports,1385
2030-09-02,messi,sports,340
2030-09-02,ronaldo,sports,2910
2030-09-02,olympics,sports,1899
2030-09-02,championship,sports,2707
2030-09-02,match,sports,33
2030-09-02,concert,music,202
2030-09-02,album,music,2525
2030-09-02,song,music,2917
2030-09-02,artist,music,1995
2030-09-02,band,music,1822
2030-09-02,taylor,music,187
2030-09-02,drake,music,192
2030-09-02,spotify,music,44
2030-09-02,festival,music,148
2030-09-02,grammy,music,2619
2030-09-02,iphone,tech,431
2030-09-02,android,tech,2078
2030-09-02,google,tech,250
2030-09-02,app,tech,130
2030-09-02,ai,tech,2306
2030-09-02,microsoft,tech,84
2030-09-02,update,tech,3431
2030-09-02,launch,tech,1818
2030-09-02,startup,tech,214
2030-09-02,device,tech,149
2030-09-16,football,sports,2856
2030-09-16,basketball,sports,2238
2030-09-16,tennis,sports,2214
2030-09-16,soccer,sports,73
2030-09-16,nba,sports,1644
2030-09-16,messi,sports,4458
2030-09-16,ronaldo,sports,181
2030-09-16,olympics,sports,37
2030-09-16,championship,sports,279
2030-09-16,match,sports,1786
2030-09-16,concert,music,2125
2030-09-16,album,music,3283
2030-09-16,song,music,3304
2030-09-16,artist,music,3026
2030-09-16,band,music,2588
2030-09-16,taylor,music,6029
2030-09-16,drake,music,1038
2030-09-16,spotify,music,164
2030-09-16,festival,music,3245
2030-09-16,grammy,music,35
2030-09-16,iphone,tech,497
2030-09-16,android,tech,145
2030-09-16,google,tech,1703
2030-09-16,app,tech,1591
2030-09-16,ai,tech,1976
2030-09-16,microsoft,tech,120
2030-09-16,update,tech,2559
2030-09-16,launch,tech,55
2030-09-16,startup,tech,3018
2030-09-16,device,tech,131
2030-09-30,football,sports,2467
2030-09-30,basketball,sports,111
2030-09-30,tennis,sports,233
2030-09-30,soccer,sports,1987
2030-09-30,nba,sports,182
2030-09-30,messi,sports,6197
2030-09-30,ronaldo,sports,1652
2030-09-30,olympics,sports,30
2030-09-30,championship,sports,1381
2030-09-30,match,sports,146
2030-09-30,concert,music,2723
2030-09-30,album,music,1572
2030-09-30,song,music,2807
2030-09-30,artist,music,2503
2030-09-30,band,music,2442
2030-09-30,taylor,music,8122
2030-09-30,drake,music,2704
2030-09-30,spotify,music,264
2030-09-30,festival,music,3889
2030-09-30,grammy,music,1487
2030-09-30,iphone,tech,6242
2030-09-30,android,tech,0
2030-09-30,google,tech,2213
2030-09-30,app,tech,3618
2030-09-30,ai,tech,94
2030-09-30,microsoft,tech,62
2030-09-30,update,tech,129
2030-09-30,launch,tech,2818
2030-09-30,startup,tech,1409
2030-09-30,device,tech,148
2030-10-14,football,sports,108
2030-10-14,basketball,sports,90
2030-10-14,tennis,sports,1645
2030-10-14,soccer,sports,2955
2030-10-14,nba,sports,2721
2030-10-14,messi,sports,7435
2030-10-14,ronaldo,sports,247
2030-10-14,olympics,sports,99
2030-10-14,championship,sports,1653
2030-10-14,match,sports,2409
2030-10-14,concert,music,166
2030-10-14,album,music,156
2030-10-14,song,music,52
2030-10-14,artist,music,1693
2030-10-14,band,music,3514
2030-10-14,taylor,music,2720
2030-10-14,drake,music,165
2030-10-14,spotify,music,1841
2030-10-14,festival,music,2833
2030-10-14,grammy,music,96
2030-10-14,iphone,tech,3765
2030-10-14,android,tech,1658
2030-10-14,google,tech,77
2030-10-14,app,tech,1059
2030-10-14,ai,tech,2128
2030-10-14,microsoft,tech,153
2030-10-14,update,tech,1414
2030-10-14,launch,tech,194
2030-10-14,startup,tech,252
2030-10-14,device,tech,133
2030-10-28,football,sports,1790
2030-10-28,basketball,sports,2321
2030-10-28,tennis,sports,1395
2030-10-28,soccer,sports,1737
2030-10-28,nba,sports,130
2030-10-28,messi,sports,475
2030-10-28,ronaldo,sports,2192
2030-10-28,olympics,sports,165
2030-10-28,championship,sports,3189
2030-10-28,match,sports,91
2030-10-28,concert,music,3742
2030-10-28,album,music,3386
2030-10-28,song,music,157
2030-10-28,artist,music,45
2030-10-28,band,music,133
2030-10-28,taylor,music,371
2030-10-28,drake,music,124
2030-10-28,spotify,music,146
2030-10-28,festival,music,121
2030-10-28,grammy,music,107
2030-10-28,iphone,tech,80
2030-10-28,android,tech,77
2030-10-28,google,tech,3527
2030-10-28,app,tech,2894
2030-10-28,ai,tech,82
2030-10-28,microsoft,tech,1892
2030-10-28,update,tech,2987
2030-10-28,launch,tech,79
2030-10-28,startup,tech,1748
2030-10-28,device,tech,1619
2030-11-11,football,sports,2023
2030-11-11,basketball,sports,2194
2030-11-11,tennis,sports,83
2030-11-11,soccer,sports,167
2030-11-11,nba,sports,1990
2030-11-11,messi,sports,332
2030-11-11,ronaldo,sports,190
2030-11-11,olympics,sports,270
2030-11-11,championship,sports,1285
2030-11-11,match,sports,218
2030-11-11,concert,music,1547
2030-11-11,album,music,163
2030-11-11,song,music,173
2030-11-11,artist,music,202
2030-11-11,band,music,154
2030-11-11,taylor,music,2820
2030-11-11,drake,music,134
2030-11-11,spotify,music,29
2030-11-11,festival,music,1595
2030-11-11,grammy,music,3614
2030-11-11,iphone,tech,556
2030-11-11,android,tech,215
2030-11-11,google,tech,108
2030-11-11,app,tech,172
2030-11-11,ai,tech,164
2030-11-11,microsoft,tech,2465
2030-11-11,update,tech,1820
2030-11-11,launch,tech,2088
2030-11-11,startup,tech,92
2030-11-11,device,tech,145
2030-11-25,football,sports,106
2030-11-25,basketball,sports,2558
2030-11-25,tennis,sports,2673
2030-11-25,soccer,sports,1712
2030-11-25,nba,sports,193
2030-11-25,messi,sports,161
2030-11-25,ronaldo,sports,194
2030-11-25,olympics,sports,233
2030-11-25,championship,sports,198
2030-11-25,match,sports,2754
2030-11-25,concert,music,151
2030-11-25,album,music,128
2030-11-25,song,music,1466
2030-11-25,artist,music,2181
2030-11-25,band,music,136
2030-11-25,taylor,music,5228
2030-11-25,drake,music,114
2030-11-25,spotify,music,165
2030-11-25,festival,music,2912
2030-11-25,grammy,music,3843
2030-11-25,iphone,tech,5910
2030-11-25,android,tech,2677
2030-11-25,google,tech,111
2030-11-25,app,tech,232
2030-11-25,ai,tech,1589
2030-11-25,microsoft,tech,95
2030-11-25,update,tech,3485
2030-11-25,launch,tech,2042
2030-11-25,startup,tech,202
2030-11-25,device,tech,203
2030-12-09,football,sports,177
2030-12-09,basketball,sports,3463
2030-12-09,tennis,sports,2596
2030-12-09,soccer,sports,127
2030-12-09,nba,sports,1976
2030-12-09,messi,sports,380
2030-12-09,ronaldo,sports,4054
2030-12-09,olympics,sports,1285
2030-12-09,championship,sports,3359
2030-12-09,match,sports,204
2030-12-09,concert,music,253
2030-12-09,album,music,162
2030-12-09,song,music,3605
2030-12-09,artist,music,215
2030-12-09,band,music,1532
2030-12-09,taylor,music,74
2030-12-09,drake,music,126
2030-12-09,spotify,music,135
2030-12-09,festival,music,1907
2030-12-09,grammy,music,126
2030-12-09,iphone,tech,391
2030-12-09,android,tech,254
2030-12-09,google,tech,93
2030-12-09,app,tech,114
2030-12-09,ai,tech,113
2030-12-09,microsoft,tech,2537
2030-12-09,update,tech,122
2030-12-09,launch,tech,124
2030-12-09,startup,tech,1676
2030-12-09,device,tech,148
