Time,Topic,Cluster,Count
2024-01-07,Sports_core1,Sports,100.14901424590337
2024-01-21,Sports_core1,Sports,134.24549877997902
2024-02-04,Sports_core1,Sports,122.76679039166677
2024-02-18,Sports_core1,Sports,82.88442512668584
2024-03-03,Sports_core1,Sports,70.64277591725262
2024-03-17,Sports_core1,Sports,104.92975891291523
2024-03-31,Sports_core1,Sports,139.7607419149826
2024-04-14,Sports_core1,Sports,127.80271424898244
2024-04-28,Sports_core1,Sports,87.28667385398296
2024-05-12,Sports_core1,Sports,75.87578994274541
2024-05-26,Sports_core1,Sports,109.86097469215625
2024-06-09,Sports_core1,Sports,144.14725914425927
2024-06-23,Sports_core1,Sports,132.6450725117064
2024-07-07,Sports_core1,Sports,91.85353209636612
2024-07-21,Sports_core1,Sports,80.19554657991571
2024-08-04,Sports_core1,Sports,114.83131374122767
2024-08-18,Sports_core1,Sports,148.98312873423004
2024-09-01,Sports_core1,Sports,137.6667580300152
2024-09-15,Sports_core1,Sports,97.1551089471071
2024-09-29,Sports_core1,Sports,85.28933081926904
2024-10-13,Sports_core1,Sports,120.43969463067644
2024-10-27,Sports_core1,Sports,154.2192451801844
2024-11-10,Sports_core1,Sports,142.59274229164308
2024-11-24,Sports_core1,Sports,102.00009171389942
2024-12-08,Sports_core1,Sports,90.54970711231205
2024-12-22,Sports_core1,Sports,125.03327677691291
2025-01-05,Sports_core1,Sports,158.94167999710365
2025-01-19,Sports_core1,Sports,147.6851932357403
2025-02-02,Sports_core1,Sports,107.24732456278784
2025-02-16,Sports_core1,Sports,95.62551380473163
2025-03-02,Sports_core1,Sports,129.81948801633112
2025-03-16,Sports_core1,Sports,164.84266152568304
2025-03-30,Sports_core1,Sports,152.5684346628152
2025-04-13,Sports_core1,Sports,112.11020289107672
2025-04-27,Sports_core1,Sports,100.95978540330057
2025-05-11,Sports_core1,Sports,134.63374690500865
2025-05-25,Sports_core1,Sports,169.3496371488318
2025-06-08,Sports_core1,Sports,156.9845827930727
2025-06-22,Sports_core1,Sports,117.02906035509396
2025-07-06,Sports_core1,Sports,105.77208030043033
2024-01-07,Sports_core2,Sports,124.97027731552778
2024-01-21,Sports_core2,Sports,134.85881440447437
2024-02-04,Sports_core2,Sports,111.02397209387176
2024-02-18,Sports_core2,Sports,78.16093154979404
2024-03-03,Sports_core2,Sports,69.74903948277237
2024-03-17,Sports_core2,Sports,95.72538015889336
2024-03-31,Sports_core2,Sports,130.61054571024124
2024-04-14,Sports_core2,Sports,141.12454058798306
2024-04-28,Sports_core2,Sports,117.16175206545883
2024-05-12,Sports_core2,Sports,83.722350611862
2024-05-26,Sports_core2,Sports,76.28982127070104
2024-06-09,Sports_core2,Sports,101.82580873728682
2024-06-23,Sports_core2,Sports,136.5456607414374
2024-07-07,Sports_core2,Sports,146.99090680676966
2024-07-21,Sports_core2,Sports,123.36796643533708
2024-08-04,Sports_core2,Sports,90.53064669420579
2024-08-18,Sports_core2,Sports,81.94083082291581
2024-09-01,Sports_core2,Sports,107.84856970865646
2024-09-15,Sports_core2,Sports,142.84811637095024
2024-09-29,Sports_core2,Sports,153.1000674582541
2024-10-13,Sports_core2,Sports,128.9149143072346
2024-10-27,Sports_core2,Sports,96.19556496547169
2024-11-10,Sports_core2,Sports,87.8606955876808
2024-11-24,Sports_core2,Sports,113.58247143418748
2024-12-08,Sports_core2,Sports,148.99249508824744
2024-12-22,Sports_core2,Sports,159.2142759286886
2025-01-05,Sports_core2,Sports,135.0370635421141
2025-01-19,Sports_core2,Sports,102.55232252783844
2025-02-02,Sports_core2,Sports,94.30108688739689
2025-02-16,Sports_core2,Sports,119.74779749503026
2025-03-02,Sports_core2,Sports,154.8571560231816
2025-03-16,Sports_core2,Sports,165.26881489005723
2025-03-30,Sports_core2,Sports,141.04791876685545
2025-04-13,Sports_core2,Sports,108.72065575521505
2025-04-27,Sports_core2,Sports,99.40667254865566
2025-05-11,Sports_core2,Sports,126.18790417272423
2025-05-25,Sports_core2,Sports,160.7748514620005
2025-06-08,Sports_core2,Sports,170.7177017149777
2025-06-22,Sports_core2,Sports,147.08619481154912
2025-07-06,Sports_core2,Sports,113.65499198409077
2024-01-07,Sports_core3,Sports,134.93409843364876
2024-01-21,Sports_core3,Sports,122.9292768365092
2024-02-04,Sports_core3,Sports,94.65513552495146
2024-02-18,Sports_core3,Sports,71.31060855793325
2024-03-03,Sports_core3,Sports,72.22354154254737
2024-03-17,Sports_core3,Sports,97.06124019845363
2024-03-31,Sports_core3,Sports,128.0967637003663
2024-04-14,Sports_core3,Sports,142.0986253328979
2024-04-28,Sports_core3,Sports,129.6632150039256
2024-05-12,Sports_core3,Sports,101.36574754146301
2024-05-26,Sports_core3,Sports,78.49521288821975
2024-06-09,Sports_core3,Sports,79.75668312057516
2024-06-23,Sports_core3,Sports,104.00115138336577
2024-07-07,Sports_core3,Sports,134.7238444210764
2024-07-21,Sports_core3,Sports,148.88236755406035
2024-08-04,Sports_core3,Sports,136.38308858061612
2024-08-18,Sports_core3,Sports,108.30060339464839
2024-09-01,Sports_core3,Sports,85.54440620506928
2024-09-15,Sports_core3,Sports,86.46762366040808
2024-09-29,Sports_core3,Sports,111.14139117151649
2024-10-13,Sports_core3,Sports,141.3975318424406
2024-10-27,Sports_core3,Sports,155.8738064031704
2024-11-10,Sports_core3,Sports,143.7193287100978
2024-11-24,Sports_core3,Sports,114.97108413076248
2024-12-08,Sports_core3,Sports,92.41770390991552
2024-12-22,Sports_core3,Sports,93.5873048804597
2025-01-05,Sports_core3,Sports,118.77762308189219
2025-01-19,Sports_core3,Sports,148.87451640890524
2025-02-02,Sports_core3,Sports,163.07726511721683
2025-02-16,Sports_core3,Sports,150.7998092903258
2025-03-02,Sports_core3,Sports,121.6361359469395
2025-03-16,Sports_core3,Sports,99.45813546078055
2025-03-30,Sports_core3,Sports,100.48415868639765
2025-04-13,Sports_core3,Sports,125.9507399452746
2025-04-27,Sports_core3,Sports,155.76443477562134
2025-05-11,Sports_core3,Sports,170.09046420270008
2025-05-25,Sports_core3,Sports,157.8117295341441
2025-06-08,Sports_core3,Sports,128.86116390024313
2025-06-22,Sports_core3,Sports,106.80893646776984
2025-07-06,Sports_core3,Sports,107.69166953322137
2024-01-07,Sports_core4,Sports,124.98604692564207
2024-01-21,Sports_core4,Sports,100.72718376356158
2024-02-04,Sports_core4,Sports,77.67210095175166
2024-02-18,Sports_core4,Sports,67.57944468116231
2024-03-03,Sports_core4,Sports,79.42731978661092
2024-03-17,Sports_core4,Sports,105.65713668774298
2024-03-31,Sports_core4,Sports,130.45157644398995
2024-04-14,Sports_core4,Sports,141.83011068111918
2024-04-28,Sports_core4,Sports,132.77863275105548
2024-05-12,Sports_core4,Sports,108.84895730376516
2024-05-26,Sports_core4,Sports,84.78606362915099
2024-06-09,Sports_core4,Sports,76.0205688924418
2024-06-23,Sports_core4,Sports,86.93257154435298
2024-07-07,Sports_core4,Sports,113.14207772919055
2024-07-21,Sports_core4,Sports,138.47291007125904
2024-08-04,Sports_core4,Sports,150.46498032150527
2024-08-18,Sports_core4,Sports,140.51376135382833
2024-09-01,Sports_core4,Sports,116.90338154513833
2024-09-15,Sports_core4,Sports,93.49531782368173
2024-09-29,Sports_core4,Sports,83.63074070506981
2024-10-13,Sports_core4,Sports,95.31950063885203
2024-10-27,Sports_core4,Sports,121.3921428262847
2024-11-10,Sports_core4,Sports,146.26649237116072
2024-11-24,Sports_core4,Sports,158.05539015755969
2024-12-08,Sports_core4,Sports,148.82670217980373
2024-12-22,Sports_core4,Sports,125.23454686153322
2025-01-05,Sports_core4,Sports,100.88017744520741
2025-01-19,Sports_core4,Sports,91.60386301607471
2025-02-02,Sports_core4,Sports,103.40784512815586
2025-02-16,Sports_core4,Sports,129.08909540196993
2025-03-02,Sports_core4,Sports,154.82388519663283
2025-03-16,Sports_core4,Sports,166.10393446284908
2025-03-30,Sports_core4,Sports,156.54472992505566
2025-04-13,Sports_core4,Sports,133.06967610914833
2025-04-27,Sports_core4,Sports,109.33918440046044
2025-05-11,Sports_core4,Sports,99.78569457459209
2025-05-25,Sports_core4,Sports,111.8109950118142
2025-06-08,Sports_core4,Sports,137.1421498762735
2025-06-22,Sports_core4,Sports,162.3913462923683
2025-07-06,Sports_core4,Sports,174.19696608259014
2024-01-07,Sports_core5,Sports,99.70759549893181
2024-01-21,Sports_core5,Sports,78.73855904209385
2024-02-04,Sports_core5,Sports,67.87930731827494
2024-02-18,Sports_core5,Sports,72.44290617203912
2024-03-03,Sports_core5,Sports,92.3183078223749
2024-03-17,Sports_core5,Sports,117.09453929447933
2024-03-31,Sports_core5,Sports,136.55750718045368
2024-04-14,Sports_core5,Sports,142.03730925022347
2024-04-28,Sports_core5,Sports,130.423949904228
2024-05-12,Sports_core5,Sports,108.77387915069276
2024-05-26,Sports_core5,Sports,87.23557933208349
2024-06-09,Sports_core5,Sports,76.28698555908309
2024-06-23,Sports_core5,Sports,81.66598035472039
2024-07-07,Sports_core5,Sports,101.13164057604658
2024-07-21,Sports_core5,Sports,126.05371225619737
2024-08-04,Sports_core5,Sports,145.55904410716613
2024-08-18,Sports_core5,Sports,150.47217192299067
2024-09-01,Sports_core5,Sports,139.93362656217607
2024-09-15,Sports_core5,Sports,117.92060295002864
2024-09-29,Sports_core5,Sports,97.31848441094805
2024-10-13,Sports_core5,Sports,85.71942884890221
2024-10-27,Sports_core5,Sports,90.43196360061977
2024-11-10,Sports_core5,Sports,109.70802723418325
2024-11-24,Sports_core5,Sports,135.11544674097132
2024-12-08,Sports_core5,Sports,154.24385029685757
2024-12-22,Sports_core5,Sports,159.6824715036549
2025-01-05,Sports_core5,Sports,148.63953762640094
2025-01-19,Sports_core5,Sports,126.97815132620296
2025-02-02,Sports_core5,Sports,105.24839554555064
2025-02-16,Sports_core5,Sports,94.07727447716695
2025-03-02,Sports_core5,Sports,99.55515638192449
2025-03-16,Sports_core5,Sports,119.28621462189861
2025-03-30,Sports_core5,Sports,144.03493313963742
2025-04-13,Sports_core5,Sports,162.93716749884177
2025-04-27,Sports_core5,Sports,168.52022563318263
2025-05-11,Sports_core5,Sports,157.61316155294753
2025-05-25,Sports_core5,Sports,135.73484276913968
2025-06-08,Sports_core5,Sports,114.54855119275484
2025-06-22,Sports_core5,Sports,103.54919126010654
2025-07-06,Sports_core5,Sports,108.3462197781954
2024-01-07,Sports_core6,Sports,75.35859886657532
2024-01-21,Sports_core6,Sports,66.59914343708066
2024-02-04,Sports_core6,Sports,71.13968702635971
2024-02-18,Sports_core6,Sports,87.42647312472633
2024-03-03,Sports_core6,Sports,109.06190546602095
2024-03-17,Sports_core6,Sports,129.46738982955463
2024-03-31,Sports_core6,Sports,140.7236025009924
2024-04-14,Sports_core6,Sports,138.33936413186652
2024-04-28,Sports_core6,Sports,124.04418179677593
2024-05-12,Sports_core6,Sports,104.68061317078832
2024-05-26,Sports_core6,Sports,85.42252981167877
2024-06-09,Sports_core6,Sports,76.77157777122437
2024-06-23,Sports_core6,Sports,81.1009721824551
2024-07-07,Sports_core6,Sports,97.30574988450762
2024-07-21,Sports_core6,Sports,119.38062550301598
2024-08-04,Sports_core6,Sports,139.97642810767715
2024-08-18,Sports_core6,Sports,150.33724435646855
2024-09-01,Sports_core6,Sports,148.11418276457087
2024-09-15,Sports_core6,Sports,133.74405842653542
2024-09-29,Sports_core6,Sports,113.54935596540781
2024-10-13,Sports_core6,Sports,95.94566022847289
2024-10-27,Sports_core6,Sports,85.87072852139265
2024-11-10,Sports_core6,Sports,91.02064971051944
2024-11-24,Sports_core6,Sports,106.62651774775897
2024-12-08,Sports_core6,Sports,129.33362671667123
2024-12-22,Sports_core6,Sports,150.07542252061938
2025-01-05,Sports_core6,Sports,160.58837592655846
2025-01-19,Sports_core6,Sports,157.8619049132141
2025-02-02,Sports_core6,Sports,143.67507637810616
2025-02-16,Sports_core6,Sports,123.72867304827231
2025-03-02,Sports_core6,Sports,105.03215266895569
2025-03-16,Sports_core6,Sports,96.49584565604478
2025-03-30,Sports_core6,Sports,100.82844320537826
2025-04-13,Sports_core6,Sports,116.91485240483412
2025-04-27,Sports_core6,Sports,140.11838950320566
2025-05-11,Sports_core6,Sports,159.93891304822458
2025-05-25,Sports_core6,Sports,169.96154914483253
2025-06-08,Sports_core6,Sports,168.24116464102372
2025-06-22,Sports_core6,Sports,153.69113155145362
2025-07-06,Sports_core6,Sports,133.7805237240308
2024-01-07,Sports_core7,Sports,64.7622437784702
2024-01-21,Sports_core7,Sports,71.52170541846857
2024-02-04,Sports_core7,Sports,87.61197072862811
2024-02-18,Sports_core7,Sports,108.240745897816
2024-03-03,Sports_core7,Sports,126.56003676596825
2024-03-17,Sports_core7,Sports,138.48190370575512
2024-03-31,Sports_core7,Sports,139.43977048315912
2024-04-14,Sports_core7,Sports,129.7241269183129
2024-04-28,Sports_core7,Sports,113.51065561164936
2024-05-12,Sports_core7,Sports,94.5819690582223
2024-05-26,Sports_core7,Sports,80.17786116460816
2024-06-09,Sports_core7,Sports,76.27535858411643
2024-06-23,Sports_core7,Sports,83.19277321001243
2024-07-07,Sports_core7,Sports,98.77021412309935
2024-07-21,Sports_core7,Sports,118.5252083497788
2024-08-04,Sports_core7,Sports,137.77485546622506
2024-08-18,Sports_core7,Sports,149.9623274212634
2024-09-01,Sports_core7,Sports,150.36995323682177
2024-09-15,Sports_core7,Sports,141.05327151652887
2024-09-29,Sports_core7,Sports,124.21340955559383
2024-10-13,Sports_core7,Sports,105.1823954034606
2024-10-27,Sports_core7,Sports,91.53826874409009
2024-11-10,Sports_core7,Sports,86.02761979797928
2024-11-24,Sports_core7,Sports,93.24881005850838
2024-12-08,Sports_core7,Sports,109.38470409951593
2024-12-22,Sports_core7,Sports,129.60668438497555
2025-01-05,Sports_core7,Sports,149.40984907926446
2025-01-19,Sports_core7,Sports,160.1532116631192
2025-02-02,Sports_core7,Sports,161.4502407304983
2025-02-16,Sports_core7,Sports,151.95934786127086
2025-03-02,Sports_core7,Sports,135.413401326285
2025-03-16,Sports_core7,Sports,116.02971589958021
2025-03-30,Sports_core7,Sports,102.90507547655513
2025-04-13,Sports_core7,Sports,98.00306991830588
2025-04-27,Sports_core7,Sports,104.26167375559429
2025-05-11,Sports_core7,Sports,120.59910558721286
2025-05-25,Sports_core7,Sports,141.040737248237
2025-06-08,Sports_core7,Sports,159.7400606249374
2025-06-22,Sports_core7,Sports,171.60319470200443
2025-07-06,Sports_core7,Sports,172.46665999744894
2024-01-07,Sports_core8,Sports,75.28531786204621
2024-01-21,Sports_core8,Sports,92.13997262376809
2024-02-04,Sports_core8,Sports,111.53447162343181
2024-02-18,Sports_core8,Sports,127.37739269188111
2024-03-03,Sports_core8,Sports,138.44731393251428
2024-03-17,Sports_core8,Sports,138.22177758026064
2024-03-31,Sports_core8,Sports,130.70320181301852
2024-04-14,Sports_core8,Sports,116.2351617405336
2024-04-28,Sports_core8,Sports,99.0256309817323
2024-05-12,Sports_core8,Sports,84.06445280252464
2024-05-26,Sports_core8,Sports,76.13015940477543
2024-06-09,Sports_core8,Sports,77.04469579948496
2024-06-23,Sports_core8,Sports,87.07445323138754
2024-07-07,Sports_core8,Sports,104.19621405051808
2024-07-21,Sports_core8,Sports,123.16577122437772
2024-08-04,Sports_core8,Sports,139.54086446295094
2024-08-18,Sports_core8,Sports,150.07728388274737
2024-09-01,Sports_core8,Sports,150.89959377638039
2024-09-15,Sports_core8,Sports,142.99259597718088
2024-09-29,Sports_core8,Sports,128.24755523116536
2024-10-13,Sports_core8,Sports,110.69263491813511
2024-10-27,Sports_core8,Sports,96.08320834641175
2024-11-10,Sports_core8,Sports,88.41678416141959
2024-11-24,Sports_core8,Sports,89.37570715951264
2024-12-08,Sports_core8,Sports,99.24499218028154
2024-12-22,Sports_core8,Sports,115.97653163640446
2025-01-05,Sports_core8,Sports,135.4419660473248
2025-01-19,Sports_core8,Sports,151.57126592487842
2025-02-02,Sports_core8,Sports,161.97153313446842
2025-02-16,Sports_core8,Sports,162.74674612438722
2025-03-02,Sports_core8,Sports,154.68343298056104
2025-03-16,Sports_core8,Sports,140.38829963418448
2025-03-30,Sports_core8,Sports,123.18895832610828
2025-04-13,Sports_core8,Sports,108.49531554927103
2025-04-27,Sports_core8,Sports,100.58423972202891
2025-05-11,Sports_core8,Sports,101.19889723237243
2025-05-25,Sports_core8,Sports,111.45584854985928
2025-06-08,Sports_core8,Sports,127.84825339443364
2025-06-22,Sports_core8,Sports,147.15591648433465
2025-07-06,Sports_core8,Sports,163.70969442521877
2024-01-07,Sports_noise1,Sports,1.454939474890773
2024-01-21,Sports_noise1,Sports,8.927355381553705
2024-02-04,Sports_noise1,Sports,0.0
2024-02-18,Sports_noise1,Sports,31.385809135281903
2024-03-03,Sports_noise1,Sports,0.0
2024-03-17,Sports_noise1,Sports,0.0
2024-03-31,Sports_noise1,Sports,17.371663102501017
2024-04-14,Sports_noise1,Sports,11.874940409444038
2024-04-28,Sports_noise1,Sports,9.361797255782328
2024-05-12,Sports_noise1,Sports,9.425182638964198
2024-05-26,Sports_noise1,Sports,0.0
2024-06-09,Sports_noise1,Sports,0.0
2024-06-23,Sports_noise1,Sports,1.137068372905895
2024-07-07,Sports_noise1,Sports,0.0
2024-07-21,Sports_noise1,Sports,14.626796001266268
2024-08-04,Sports_noise1,Sports,0.0
2024-08-18,Sports_noise1,Sports,0.0
2024-09-01,Sports_noise1,Sports,0.0
2024-09-15,Sports_noise1,Sports,6.193971814134365
2024-09-29,Sports_noise1,Sports,0.0
2024-10-13,Sports_noise1,Sports,0.0
2024-10-27,Sports_noise1,Sports,3.6553081723786844
2024-11-10,Sports_noise1,Sports,3.6744985666308416
2024-11-24,Sports_noise1,Sports,0.0
2024-12-08,Sports_noise1,Sports,0.0
2024-12-22,Sports_noise1,Sports,3.4807490603645443
2025-01-05,Sports_noise1,Sports,0.0
2025-01-19,Sports_noise1,Sports,0.0
2025-02-02,Sports_noise1,Sports,0.0
2025-02-16,Sports_noise1,Sports,0.0
2025-03-02,Sports_noise1,Sports,4.663613483970069
2025-03-16,Sports_noise1,Sports,22.13034325424328
2025-03-30,Sports_noise1,Sports,12.86489434803029
2025-04-13,Sports_noise1,Sports,0.0
2025-04-27,Sports_noise1,Sports,0.0
2025-05-11,Sports_noise1,Sports,0.0
2025-05-25,Sports_noise1,Sports,0.0
2025-06-08,Sports_noise1,Sports,0.0
2025-06-22,Sports_noise1,Sports,4.840778405071342
2025-07-06,Sports_noise1,Sports,0.0
2024-01-07,Sports_noise2,Sports,7.790197713617585
2024-01-21,Sports_noise2,Sports,22.991083695038665
2024-02-04,Sports_noise2,Sports,0.0
2024-02-18,Sports_noise2,Sports,6.025675831484122
2024-03-03,Sports_noise2,Sports,10.352159875666688
2024-03-17,Sports_noise2,Sports,0.0
2024-03-31,Sports_noise2,Sports,3.3613872271562517
2024-04-14,Sports_noise2,Sports,0.1888860117269229
2024-04-28,Sports_noise2,Sports,1.4651414782324759
2024-05-12,Sports_noise2,Sports,0.0
2024-05-26,Sports_noise2,Sports,0.3676526138841407
2024-06-09,Sports_noise2,Sports,7.469974368681746
2024-06-23,Sports_noise2,Sports,21.767154116925624
2024-07-07,Sports_noise2,Sports,14.389062391278102
2024-07-21,Sports_noise2,Sports,32.29773686267335
2024-08-04,Sports_noise2,Sports,0.0
2024-08-18,Sports_noise2,Sports,13.084809550810172
2024-09-01,Sports_noise2,Sports,2.750130086075276
2024-09-15,Sports_noise2,Sports,32.847043998265086
2024-09-29,Sports_noise2,Sports,0.0
2024-10-13,Sports_noise2,Sports,0.0
2024-10-27,Sports_noise2,Sports,0.0
2024-11-10,Sports_noise2,Sports,0.0
2024-11-24,Sports_noise2,Sports,0.0
2024-12-08,Sports_noise2,Sports,0.0
2024-12-22,Sports_noise2,Sports,2.2559067971431146
2025-01-05,Sports_noise2,Sports,5.1263396366573915
2025-01-19,Sports_noise2,Sports,28.14256258823829
2025-02-02,Sports_noise2,Sports,14.256357572790753
2025-02-16,Sports_noise2,Sports,0.0
2025-03-02,Sports_noise2,Sports,0.0
2025-03-16,Sports_noise2,Sports,7.378787572597585
2025-03-30,Sports_noise2,Sports,0.0
2025-04-13,Sports_noise2,Sports,27.471881487815306
2025-04-27,Sports_noise2,Sports,17.691601810819304
2025-05-11,Sports_noise2,Sports,0.0
2025-05-25,Sports_noise2,Sports,0.0
2025-06-08,Sports_noise2,Sports,20.308085612481193
2025-06-22,Sports_noise2,Sports,0.0
2025-07-06,Sports_noise2,Sports,18.567244679601927
2024-01-07,Sports_noise3,Sports,0.0
2024-01-21,Sports_noise3,Sports,0.0
2024-02-04,Sports_noise3,Sports,0.07865549577274748
2024-02-18,Sports_noise3,Sports,0.7047089064711308
2024-03-03,Sports_noise3,Sports,0.0
2024-03-17,Sports_noise3,Sports,9.34274898521248
2024-03-31,Sports_noise3,Sports,0.0
2024-04-14,Sports_noise3,Sports,0.0
2024-04-28,Sports_noise3,Sports,1.804434475678483
2024-05-12,Sports_noise3,Sports,7.716582510881235
2024-05-26,Sports_noise3,Sports,10.674223171333347
2024-06-09,Sports_noise3,Sports,0.0
2024-06-23,Sports_noise3,Sports,0.0
2024-07-07,Sports_noise3,Sports,19.165152328477635
2024-07-21,Sports_noise3,Sports,4.984710179693875
2024-08-04,Sports_noise3,Sports,0.0
2024-08-18,Sports_noise3,Sports,23.267279632837845
2024-09-01,Sports_noise3,Sports,1.73511951439288
2024-09-15,Sports_noise3,Sports,17.689457760957396
2024-09-29,Sports_noise3,Sports,1.0127772211516344
2024-10-13,Sports_noise3,Sports,30.911218873229807
2024-10-27,Sports_noise3,Sports,26.330112636648067
2024-11-10,Sports_noise3,Sports,0.0
2024-11-24,Sports_noise3,Sports,14.573564264315332
2024-12-08,Sports_noise3,Sports,9.680639243777213
2024-12-22,Sports_noise3,Sports,20.52947336298523
2025-01-05,Sports_noise3,Sports,0.0
2025-01-19,Sports_noise3,Sports,10.29077189997659
2025-02-02,Sports_noise3,Sports,15.876367302743816
2025-02-16,Sports_noise3,Sports,0.0
2025-03-02,Sports_noise3,Sports,0.0
2025-03-16,Sports_noise3,Sports,0.0
2025-03-30,Sports_noise3,Sports,0.0
2025-04-13,Sports_noise3,Sports,10.763133836939435
2025-04-27,Sports_noise3,Sports,22.535355781440423
2025-05-11,Sports_noise3,Sports,1.1114217062966278
2025-05-25,Sports_noise3,Sports,24.429233183569377
2025-06-08,Sports_noise3,Sports,0.0
2025-06-22,Sports_noise3,Sports,0.0
2025-07-06,Sports_noise3,Sports,0.0
2024-01-07,Sports_noise4,Sports,5.760981734089609
2024-01-21,Sports_noise4,Sports,0.0
2024-02-04,Sports_noise4,Sports,0.0
2024-02-18,Sports_noise4,Sports,0.0
2024-03-03,Sports_noise4,Sports,0.0
2024-03-17,Sports_noise4,Sports,10.045088232450578
2024-03-31,Sports_noise4,Sports,5.498973691452724
2024-04-14,Sports_noise4,Sports,0.0
2024-04-28,Sports_noise4,Sports,0.0
2024-05-12,Sports_noise4,Sports,0.0
2024-05-26,Sports_noise4,Sports,0.0
2024-06-09,Sports_noise4,Sports,14.327134807518574
2024-06-23,Sports_noise4,Sports,0.0
2024-07-07,Sports_noise4,Sports,7.560697732767666
2024-07-21,Sports_noise4,Sports,0.0
2024-08-04,Sports_noise4,Sports,0.0
2024-08-18,Sports_noise4,Sports,0.0
2024-09-01,Sports_noise4,Sports,0.0
2024-09-15,Sports_noise4,Sports,0.0
2024-09-29,Sports_noise4,Sports,0.0
2024-10-13,Sports_noise4,Sports,29.47087699374584
2024-10-27,Sports_noise4,Sports,0.5289532795759292
2024-11-10,Sports_noise4,Sports,0.0
2024-11-24,Sports_noise4,Sports,3.2096986610133302
2024-12-08,Sports_noise4,Sports,0.0
2024-12-22,Sports_noise4,Sports,0.0
2025-01-05,Sports_noise4,Sports,9.212500500651378
2025-01-19,Sports_noise4,Sports,11.362615650709577
2025-02-02,Sports_noise4,Sports,0.0
2025-02-16,Sports_noise4,Sports,0.0
2025-03-02,Sports_noise4,Sports,0.0
2025-03-16,Sports_noise4,Sports,0.0
2025-03-30,Sports_noise4,Sports,0.0
2025-04-13,Sports_noise4,Sports,20.50311401166787
2025-04-27,Sports_noise4,Sports,24.674515702519255
2025-05-11,Sports_noise4,Sports,0.0
2025-05-25,Sports_noise4,Sports,8.648354445836496
2025-06-08,Sports_noise4,Sports,4.668752318153041
2025-06-22,Sports_noise4,Sports,46.183212126828565
2025-07-06,Sports_noise4,Sports,16.793623671518652
2024-01-07,Sports_noise5,Sports,0.0
2024-01-21,Sports_noise5,Sports,0.0
2024-02-04,Sports_noise5,Sports,0.0
2024-02-18,Sports_noise5,Sports,3.0519545380083466
2024-03-03,Sports_noise5,Sports,0.0
2024-03-17,Sports_noise5,Sports,0.0
2024-03-31,Sports_noise5,Sports,0.0
2024-04-14,Sports_noise5,Sports,0.0
2024-04-28,Sports_noise5,Sports,25.307124526088472
2024-05-12,Sports_noise5,Sports,13.224596354241758
2024-05-26,Sports_noise5,Sports,0.0
2024-06-09,Sports_noise5,Sports,22.199162083350387
2024-06-23,Sports_noise5,Sports,1.1605246147142745
2024-07-07,Sports_noise5,Sports,0.0
2024-07-21,Sports_noise5,Sports,22.84686115904486
2024-08-04,Sports_noise5,Sports,8.08365065526988
2024-08-18,Sports_noise5,Sports,0.0
2024-09-01,Sports_noise5,Sports,0.0
2024-09-15,Sports_noise5,Sports,0.0
2024-09-29,Sports_noise5,Sports,0.0
2024-10-13,Sports_noise5,Sports,13.892663212974622
2024-10-27,Sports_noise5,Sports,28.641249607051957
2024-11-10,Sports_noise5,Sports,0.0
2024-11-24,Sports_noise5,Sports,8.444538550358564
2024-12-08,Sports_noise5,Sports,0.0
2024-12-22,Sports_noise5,Sports,0.0
2025-01-05,Sports_noise5,Sports,0.0
2025-01-19,Sports_noise5,Sports,0.0
2025-02-02,Sports_noise5,Sports,0.7278244191724049
2025-02-16,Sports_noise5,Sports,0.0
2025-03-02,Sports_noise5,Sports,4.0568523866975825
2025-03-16,Sports_noise5,Sports,0.0
2025-03-30,Sports_noise5,Sports,0.0
2025-04-13,Sports_noise5,Sports,0.0
2025-04-27,Sports_noise5,Sports,0.0
2025-05-11,Sports_noise5,Sports,11.33086838738634
2025-05-25,Sports_noise5,Sports,7.513757814365711
2025-06-08,Sports_noise5,Sports,0.0
2025-06-22,Sports_noise5,Sports,1.489984581438388
2025-07-06,Sports_noise5,Sports,11.270806850576836
2024-01-07,Sports_noise6,Sports,0.0
2024-01-21,Sports_noise6,Sports,8.150402885699025
2024-02-04,Sports_noise6,Sports,0.0
2024-02-18,Sports_noise6,Sports,8.55898002889739
2024-03-03,Sports_noise6,Sports,0.0
2024-03-17,Sports_noise6,Sports,0.0
2024-03-31,Sports_noise6,Sports,0.0
2024-04-14,Sports_noise6,Sports,0.7212741999207299
2024-04-28,Sports_noise6,Sports,3.895837525822228
2024-05-12,Sports_noise6,Sports,0.0
2024-05-26,Sports_noise6,Sports,9.578886881660608
2024-06-09,Sports_noise6,Sports,0.0
2024-06-23,Sports_noise6,Sports,0.0
2024-07-07,Sports_noise6,Sports,0.0
2024-07-21,Sports_noise6,Sports,0.0
2024-08-04,Sports_noise6,Sports,0.7109800697462102
2024-08-18,Sports_noise6,Sports,0.0
2024-09-01,Sports_noise6,Sports,0.0
2024-09-15,Sports_noise6,Sports,15.094392138216609
2024-09-29,Sports_noise6,Sports,0.0
2024-10-13,Sports_noise6,Sports,12.535381680977128
2024-10-27,Sports_noise6,Sports,0.0
2024-11-10,Sports_noise6,Sports,7.947062668729242
2024-11-24,Sports_noise6,Sports,21.623529309868506
2024-12-08,Sports_noise6,Sports,0.0
2024-12-22,Sports_noise6,Sports,0.0
2025-01-05,Sports_noise6,Sports,8.656081907708101
2025-01-19,Sports_noise6,Sports,0.0
2025-02-02,Sports_noise6,Sports,5.567188100569632
2025-02-16,Sports_noise6,Sports,0.0
2025-03-02,Sports_noise6,Sports,1.2988468120934988
2025-03-16,Sports_noise6,Sports,0.0
2025-03-30,Sports_noise6,Sports,17.51673092489711
2025-04-13,Sports_noise6,Sports,3.816312649518197
2025-04-27,Sports_noise6,Sports,5.064039931128033
2025-05-11,Sports_noise6,Sports,0.0
2025-05-25,Sports_noise6,Sports,0.0
2025-06-08,Sports_noise6,Sports,0.0
2025-06-22,Sports_noise6,Sports,5.9167821356744525
2025-07-06,Sports_noise6,Sports,0.0
2024-01-07,Sports_noise7,Sports,4.346622853446194
2024-01-21,Sports_noise7,Sports,31.13101197968158
2024-02-04,Sports_noise7,Sports,13.066870551475386
2024-02-18,Sports_noise7,Sports,0.0
2024-03-03,Sports_noise7,Sports,18.018208832459173
2024-03-17,Sports_noise7,Sports,0.0
2024-03-31,Sports_noise7,Sports,0.0
2024-04-14,Sports_noise7,Sports,0.0
2024-04-28,Sports_noise7,Sports,0.0
2024-05-12,Sports_noise7,Sports,0.0
2024-05-26,Sports_noise7,Sports,0.2762756878432755
2024-06-09,Sports_noise7,Sports,25.14655968412924
2024-06-23,Sports_noise7,Sports,4.90391060646244
2024-07-07,Sports_noise7,Sports,0.0
2024-07-21,Sports_noise7,Sports,12.441083717752338
2024-08-04,Sports_noise7,Sports,0.0
2024-08-18,Sports_noise7,Sports,3.534218371628489
2024-09-01,Sports_noise7,Sports,11.562977908304502
2024-09-15,Sports_noise7,Sports,0.0
2024-09-29,Sports_noise7,Sports,17.156310648103936
2024-10-13,Sports_noise7,Sports,5.077446112416212
2024-10-27,Sports_noise7,Sports,0.0
2024-11-10,Sports_noise7,Sports,9.491727991594272
2024-11-24,Sports_noise7,Sports,34.060392867065936
2024-12-08,Sports_noise7,Sports,2.7279938258774274
2024-12-22,Sports_noise7,Sports,3.723308794505041
2025-01-05,Sports_noise7,Sports,0.0
2025-01-19,Sports_noise7,Sports,0.0
2025-02-02,Sports_noise7,Sports,12.455037248163684
2025-02-16,Sports_noise7,Sports,0.0
2025-03-02,Sports_noise7,Sports,1.073493558290887
2025-03-16,Sports_noise7,Sports,0.0
2025-03-30,Sports_noise7,Sports,7.184697386195878
2025-04-13,Sports_noise7,Sports,5.004931579304224
2025-04-27,Sports_noise7,Sports,15.563099163868488
2025-05-11,Sports_noise7,Sports,0.0
2025-05-25,Sports_noise7,Sports,0.0
2025-06-08,Sports_noise7,Sports,0.0
2025-06-22,Sports_noise7,Sports,0.0
2025-07-06,Sports_noise7,Sports,5.659507395672783
2024-01-07,Sports_noise8,Sports,11.354829249680279
2024-01-21,Sports_noise8,Sports,0.0
2024-02-04,Sports_noise8,Sports,13.044088801584902
2024-02-18,Sports_noise8,Sports,20.334567882074264
2024-03-03,Sports_noise8,Sports,6.201523548355513
2024-03-17,Sports_noise8,Sports,28.15193718837099
2024-03-31,Sports_noise8,Sports,0.0
2024-04-14,Sports_noise8,Sports,0.0
2024-04-28,Sports_noise8,Sports,0.0
2024-05-12,Sports_noise8,Sports,22.440664672337746
2024-05-26,Sports_noise8,Sports,9.815484845310866
2024-06-09,Sports_noise8,Sports,0.0
2024-06-23,Sports_noise8,Sports,4.199529394797304
2024-07-07,Sports_noise8,Sports,0.0
2024-07-21,Sports_noise8,Sports,36.68627969425239
2024-08-04,Sports_noise8,Sports,1.9383177296284124
2024-08-18,Sports_noise8,Sports,1.6409219190733932
2024-09-01,Sports_noise8,Sports,10.886499358480378
2024-09-15,Sports_noise8,Sports,7.215138476050698
2024-09-29,Sports_noise8,Sports,3.3582603641869704
2024-10-13,Sports_noise8,Sports,0.0
2024-10-27,Sports_noise8,Sports,7.072025357039935
2024-11-10,Sports_noise8,Sports,28.230367447125506
2024-11-24,Sports_noise8,Sports,20.181300692324665
2024-12-08,Sports_noise8,Sports,23.897799399590955
2024-12-22,Sports_noise8,Sports,0.0
2025-01-05,Sports_noise8,Sports,0.0
2025-01-19,Sports_noise8,Sports,0.0
2025-02-02,Sports_noise8,Sports,0.8358736843304191
2025-02-16,Sports_noise8,Sports,16.412872777064226
2025-03-02,Sports_noise8,Sports,0.0
2025-03-16,Sports_noise8,Sports,22.943254791909204
2025-03-30,Sports_noise8,Sports,0.0
2025-04-13,Sports_noise8,Sports,0.0
2025-04-27,Sports_noise8,Sports,0.0
2025-05-11,Sports_noise8,Sports,0.0
2025-05-25,Sports_noise8,Sports,12.347558759428718
2025-06-08,Sports_noise8,Sports,1.0997695078260583
2025-06-22,Sports_noise8,Sports,0.0
2025-07-06,Sports_noise8,Sports,0.0
2024-01-07,Sports_noise9,Sports,0.0
2024-01-21,Sports_noise9,Sports,25.035322879340896
2024-02-04,Sports_noise9,Sports,0.0
2024-02-18,Sports_noise9,Sports,0.0
2024-03-03,Sports_noise9,Sports,0.0
2024-03-17,Sports_noise9,Sports,0.0
2024-03-31,Sports_noise9,Sports,0.0
2024-04-14,Sports_noise9,Sports,0.0
2024-04-28,Sports_noise9,Sports,0.0
2024-05-12,Sports_noise9,Sports,10.443095472201275
2024-05-26,Sports_noise9,Sports,27.73434142418018
2024-06-09,Sports_noise9,Sports,16.898475443216363
2024-06-23,Sports_noise9,Sports,0.0
2024-07-07,Sports_noise9,Sports,0.0
2024-07-21,Sports_noise9,Sports,38.60039704874791
2024-08-04,Sports_noise9,Sports,0.8882765102173239
2024-08-18,Sports_noise9,Sports,0.20893937869419305
2024-09-01,Sports_noise9,Sports,0.0
2024-09-15,Sports_noise9,Sports,2.971271411517824
2024-09-29,Sports_noise9,Sports,0.0
2024-10-13,Sports_noise9,Sports,0.0
2024-10-27,Sports_noise9,Sports,0.0
2024-11-10,Sports_noise9,Sports,0.0
2024-11-24,Sports_noise9,Sports,0.0
2024-12-08,Sports_noise9,Sports,0.0
2024-12-22,Sports_noise9,Sports,1.5964534153784524
2025-01-05,Sports_noise9,Sports,0.0
2025-01-19,Sports_noise9,Sports,22.55989482874033
2025-02-02,Sports_noise9,Sports,0.0
2025-02-16,Sports_noise9,Sports,16.372602778836928
2025-03-02,Sports_noise9,Sports,18.691277887464437
2025-03-16,Sports_noise9,Sports,0.0
2025-03-30,Sports_noise9,Sports,0.0
2025-04-13,Sports_noise9,Sports,0.0
2025-04-27,Sports_noise9,Sports,0.0
2025-05-11,Sports_noise9,Sports,0.0
2025-05-25,Sports_noise9,Sports,0.0
2025-06-08,Sports_noise9,Sports,26.28405665135434
2025-06-22,Sports_noise9,Sports,14.035175897211918
2025-07-06,Sports_noise9,Sports,19.07332642491238
2024-01-07,Sports_noise10,Sports,10.825080960648528
2024-01-21,Sports_noise10,Sports,0.0
2024-02-04,Sports_noise10,Sports,0.0
2024-02-18,Sports_noise10,Sports,7.340618418418771
2024-03-03,Sports_noise10,Sports,0.0
2024-03-17,Sports_noise10,Sports,10.694976452585822
2024-03-31,Sports_noise10,Sports,0.0
2024-04-14,Sports_noise10,Sports,0.0
2024-04-28,Sports_noise10,Sports,10.664399523052372
2024-05-12,Sports_noise10,Sports,6.663949672290596
2024-05-26,Sports_noise10,Sports,0.0
2024-06-09,Sports_noise10,Sports,17.38994705046372
2024-06-23,Sports_noise10,Sports,0.0
2024-07-07,Sports_noise10,Sports,9.239034104163956
2024-07-21,Sports_noise10,Sports,8.896518869525757
2024-08-04,Sports_noise10,Sports,0.0
2024-08-18,Sports_noise10,Sports,4.89199533363177
2024-09-01,Sports_noise10,Sports,0.0
2024-09-15,Sports_noise10,Sports,13.860405288103514
2024-09-29,Sports_noise10,Sports,0.0
2024-10-13,Sports_noise10,Sports,0.0
2024-10-27,Sports_noise10,Sports,15.73513838755334
2024-11-10,Sports_noise10,Sports,0.0
2024-11-24,Sports_noise10,Sports,0.0
2024-12-08,Sports_noise10,Sports,0.0
2024-12-22,Sports_noise10,Sports,9.090149270184595
2025-01-05,Sports_noise10,Sports,0.0
2025-01-19,Sports_noise10,Sports,26.32191272976547
2025-02-02,Sports_noise10,Sports,0.0
2025-02-16,Sports_noise10,Sports,25.44684552435057
2025-03-02,Sports_noise10,Sports,3.165262008039276
2025-03-16,Sports_noise10,Sports,0.0
2025-03-30,Sports_noise10,Sports,0.0
2025-04-13,Sports_noise10,Sports,5.987041715281062
2025-04-27,Sports_noise10,Sports,0.0
2025-05-11,Sports_noise10,Sports,16.549528230247823
2025-05-25,Sports_noise10,Sports,1.7134147299305946
2025-06-08,Sports_noise10,Sports,2.2545264219281638
2025-06-22,Sports_noise10,Sports,0.0
2025-07-06,Sports_noise10,Sports,0.0
2024-01-07,Sports_noise11,Sports,4.617026533380888
2024-01-21,Sports_noise11,Sports,0.0
2024-02-04,Sports_noise11,Sports,0.0
2024-02-18,Sports_noise11,Sports,11.148961410340725
2024-03-03,Sports_noise11,Sports,2.562981571919128
2024-03-17,Sports_noise11,Sports,0.0
2024-03-31,Sports_noise11,Sports,0.2765089959808974
2024-04-14,Sports_noise11,Sports,5.2137255804250655
2024-04-28,Sports_noise11,Sports,0.0
2024-05-12,Sports_noise11,Sports,0.0
2024-05-26,Sports_noise11,Sports,2.9376788264652234
2024-06-09,Sports_noise11,Sports,0.0
2024-06-23,Sports_noise11,Sports,6.123791335717078
2024-07-07,Sports_noise11,Sports,0.0
2024-07-21,Sports_noise11,Sports,15.437334559884654
2024-08-04,Sports_noise11,Sports,7.088962236195645
2024-08-18,Sports_noise11,Sports,3.8404460147081347
2024-09-01,Sports_noise11,Sports,14.74036475918271
2024-09-15,Sports_noise11,Sports,24.98211666693865
2024-09-29,Sports_noise11,Sports,15.215550975271956
2024-10-13,Sports_noise11,Sports,0.0
2024-10-27,Sports_noise11,Sports,0.0
2024-11-10,Sports_noise11,Sports,0.0
2024-11-24,Sports_noise11,Sports,0.39136575316250677
2024-12-08,Sports_noise11,Sports,7.764885307036845
2024-12-22,Sports_noise11,Sports,0.0
2025-01-05,Sports_noise11,Sports,2.8015014671561747
2025-01-19,Sports_noise11,Sports,0.0
2025-02-02,Sports_noise11,Sports,0.0
2025-02-16,Sports_noise11,Sports,0.0
2025-03-02,Sports_noise11,Sports,0.0
2025-03-16,Sports_noise11,Sports,0.0
2025-03-30,Sports_noise11,Sports,0.0
2025-04-13,Sports_noise11,Sports,15.804626949117592
2025-04-27,Sports_noise11,Sports,0.0
2025-05-11,Sports_noise11,Sports,39.48573097256086
2025-05-25,Sports_noise11,Sports,7.399768513213338
2025-06-08,Sports_noise11,Sports,2.7725418554231087
2025-06-22,Sports_noise11,Sports,0.0
2025-07-06,Sports_noise11,Sports,10.504648191134871
2024-01-07,Sports_noise12,Sports,0.0
2024-01-21,Sports_noise12,Sports,1.8301472196804216
2024-02-04,Sports_noise12,Sports,38.40126807403192
2024-02-18,Sports_noise12,Sports,0.0
2024-03-03,Sports_noise12,Sports,17.239099894285136
2024-03-17,Sports_noise12,Sports,0.0
2024-03-31,Sports_noise12,Sports,0.0
2024-04-14,Sports_noise12,Sports,26.56200953453265
2024-04-28,Sports_noise12,Sports,0.0
2024-05-12,Sports_noise12,Sports,27.18672836995393
2024-05-26,Sports_noise12,Sports,10.616279031832132
2024-06-09,Sports_noise12,Sports,0.0
2024-06-23,Sports_noise12,Sports,9.486116085832814
2024-07-07,Sports_noise12,Sports,14.588316744400949
2024-07-21,Sports_noise12,Sports,9.327149433257947
2024-08-04,Sports_noise12,Sports,0.0
2024-08-18,Sports_noise12,Sports,0.0
2024-09-01,Sports_noise12,Sports,0.0
2024-09-15,Sports_noise12,Sports,0.0
2024-09-29,Sports_noise12,Sports,9.31008146326017
2024-10-13,Sports_noise12,Sports,2.6655150139988075
2024-10-27,Sports_noise12,Sports,0.0
2024-11-10,Sports_noise12,Sports,5.702967765089448
2024-11-24,Sports_noise12,Sports,9.158786179257348
2024-12-08,Sports_noise12,Sports,8.396856718965598
2024-12-22,Sports_noise12,Sports,16.211710883319327
2025-01-05,Sports_noise12,Sports,12.50883231823356
2025-01-19,Sports_noise12,Sports,6.88770118842655
2025-02-02,Sports_noise12,Sports,0.0
2025-02-16,Sports_noise12,Sports,0.0
2025-03-02,Sports_noise12,Sports,6.444273286988788
2025-03-16,Sports_noise12,Sports,3.115315307446667
2025-03-30,Sports_noise12,Sports,4.073682557930602
2025-04-13,Sports_noise12,Sports,0.0
2025-04-27,Sports_noise12,Sports,0.0
2025-05-11,Sports_noise12,Sports,15.797292799993553
2025-05-25,Sports_noise12,Sports,0.0
2025-06-08,Sports_noise12,Sports,10.222510460589366
2025-06-22,Sports_noise12,Sports,0.4247756419569176
2025-07-06,Sports_noise12,Sports,0.44634209243617784
2024-01-07,Sports_noise13,Sports,14.074257089639966
2024-01-21,Sports_noise13,Sports,0.0
2024-02-04,Sports_noise13,Sports,1.4418116541147505
2024-02-18,Sports_noise13,Sports,0.0
2024-03-03,Sports_noise13,Sports,0.0
2024-03-17,Sports_noise13,Sports,0.0
2024-03-31,Sports_noise13,Sports,3.3320065745056926
2024-04-14,Sports_noise13,Sports,0.0
2024-04-28,Sports_noise13,Sports,18.836341883602813
2024-05-12,Sports_noise13,Sports,0.0
2024-05-26,Sports_noise13,Sports,0.0
2024-06-09,Sports_noise13,Sports,0.0
2024-06-23,Sports_noise13,Sports,21.704668265305994
2024-07-07,Sports_noise13,Sports,2.9483216476736196
2024-07-21,Sports_noise13,Sports,15.477668092029523
2024-08-04,Sports_noise13,Sports,0.0
2024-08-18,Sports_noise13,Sports,4.005753988038883
2024-09-01,Sports_noise13,Sports,13.344461934351555
2024-09-15,Sports_noise13,Sports,1.2342598391313628
2024-09-29,Sports_noise13,Sports,15.982205625980267
2024-10-13,Sports_noise13,Sports,0.0
2024-10-27,Sports_noise13,Sports,21.140211602783697
2024-11-10,Sports_noise13,Sports,34.48347185428875
2024-11-24,Sports_noise13,Sports,0.0
2024-12-08,Sports_noise13,Sports,0.0
2024-12-22,Sports_noise13,Sports,21.800767156765513
2025-01-05,Sports_noise13,Sports,23.693582185960686
2025-01-19,Sports_noise13,Sports,0.0
2025-02-02,Sports_noise13,Sports,0.0
2025-02-16,Sports_noise13,Sports,0.0
2025-03-02,Sports_noise13,Sports,0.0
2025-03-16,Sports_noise13,Sports,0.0
2025-03-30,Sports_noise13,Sports,0.0
2025-04-13,Sports_noise13,Sports,0.0
2025-04-27,Sports_noise13,Sports,0.0
2025-05-11,Sports_noise13,Sports,3.513220988047811
2025-05-25,Sports_noise13,Sports,23.257507392211153
2025-06-08,Sports_noise13,Sports,0.0
2025-06-22,Sports_noise13,Sports,14.764835977148756
2025-07-06,Sports_noise13,Sports,0.0
2024-01-07,Sports_noise14,Sports,0.0
2024-01-21,Sports_noise14,Sports,10.122292382499056
2024-02-04,Sports_noise14,Sports,0.0
2024-02-18,Sports_noise14,Sports,5.736146192760759
2024-03-03,Sports_noise14,Sports,2.4967831231958413
2024-03-17,Sports_noise14,Sports,7.386768960122236
2024-03-31,Sports_noise14,Sports,4.337529658617272
2024-04-14,Sports_noise14,Sports,36.82950209866341
2024-04-28,Sports_noise14,Sports,0.0
2024-05-12,Sports_noise14,Sports,0.0
2024-05-26,Sports_noise14,Sports,0.0
2024-06-09,Sports_noise14,Sports,0.0
2024-06-23,Sports_noise14,Sports,0.0
2024-07-07,Sports_noise14,Sports,17.835247966613277
2024-07-21,Sports_noise14,Sports,21.307563719847824
2024-08-04,Sports_noise14,Sports,0.0
2024-08-18,Sports_noise14,Sports,0.0
2024-09-01,Sports_noise14,Sports,7.071233345796061
2024-09-15,Sports_noise14,Sports,0.0
2024-09-29,Sports_noise14,Sports,9.493977266332662
2024-10-13,Sports_noise14,Sports,3.0438453127694958
2024-10-27,Sports_noise14,Sports,0.0
2024-11-10,Sports_noise14,Sports,23.212578019950925
2024-11-24,Sports_noise14,Sports,26.938165096432826
2024-12-08,Sports_noise14,Sports,0.0
2024-12-22,Sports_noise14,Sports,0.0
2025-01-05,Sports_noise14,Sports,4.287980860873574
2025-01-19,Sports_noise14,Sports,5.016851849805375
2025-02-02,Sports_noise14,Sports,9.878164090092456
2025-02-16,Sports_noise14,Sports,30.153068081495245
2025-03-02,Sports_noise14,Sports,0.0
2025-03-16,Sports_noise14,Sports,0.0
2025-03-30,Sports_noise14,Sports,0.0
2025-04-13,Sports_noise14,Sports,0.0
2025-04-27,Sports_noise14,Sports,0.0
2025-05-11,Sports_noise14,Sports,26.918367952766815
2025-05-25,Sports_noise14,Sports,0.0
2025-06-08,Sports_noise14,Sports,3.3568192745834775
2025-06-22,Sports_noise14,Sports,0.0
2025-07-06,Sports_noise14,Sports,17.82589910172126
2024-01-07,Sports_noise15,Sports,37.90398638810432
2024-01-21,Sports_noise15,Sports,0.0
2024-02-04,Sports_noise15,Sports,0.0
2024-02-18,Sports_noise15,Sports,15.66241315603608
2024-03-03,Sports_noise15,Sports,10.228372344394671
2024-03-17,Sports_noise15,Sports,27.700609886040503
2024-03-31,Sports_noise15,Sports,8.758922779889458
2024-04-14,Sports_noise15,Sports,0.0
2024-04-28,Sports_noise15,Sports,8.85982246038464
2024-05-12,Sports_noise15,Sports,16.630553708743616
2024-05-26,Sports_noise15,Sports,12.30723271796046
2024-06-09,Sports_noise15,Sports,7.609110466609466
2024-06-23,Sports_noise15,Sports,16.00012034383731
2024-07-07,Sports_noise15,Sports,17.539433856685093
2024-07-21,Sports_noise15,Sports,20.732384865562906
2024-08-04,Sports_noise15,Sports,9.73064831384464
2024-08-18,Sports_noise15,Sports,0.0
2024-09-01,Sports_noise15,Sports,2.2007052964998426
2024-09-15,Sports_noise15,Sports,18.097634497625354
2024-09-29,Sports_noise15,Sports,0.0
2024-10-13,Sports_noise15,Sports,5.530099633093518
2024-10-27,Sports_noise15,Sports,0.0
2024-11-10,Sports_noise15,Sports,0.4311723440222623
2024-11-24,Sports_noise15,Sports,19.17677793910948
2024-12-08,Sports_noise15,Sports,2.86648602029855
2024-12-22,Sports_noise15,Sports,0.6965482223422321
2025-01-05,Sports_noise15,Sports,0.0
2025-01-19,Sports_noise15,Sports,11.19380349040831
2025-02-02,Sports_noise15,Sports,9.682262717116132
2025-02-16,Sports_noise15,Sports,32.44882084958191
2025-03-02,Sports_noise15,Sports,0.0
2025-03-16,Sports_noise15,Sports,3.2872549149590844
2025-03-30,Sports_noise15,Sports,3.7407552556613286
2025-04-13,Sports_noise15,Sports,23.661799196452115
2025-04-27,Sports_noise15,Sports,0.0
2025-05-11,Sports_noise15,Sports,4.185322886555088
2025-05-25,Sports_noise15,Sports,9.118447645748088
2025-06-08,Sports_noise15,Sports,2.7991368473453715
2025-06-22,Sports_noise15,Sports,0.0
2025-07-06,Sports_noise15,Sports,2.911349893474614
2024-01-07,Sports_noise16,Sports,16.10447624789658
2024-01-21,Sports_noise16,Sports,0.0
2024-02-04,Sports_noise16,Sports,1.99454511220314
2024-02-18,Sports_noise16,Sports,0.0
2024-03-03,Sports_noise16,Sports,17.925699433872637
2024-03-17,Sports_noise16,Sports,0.0
2024-03-31,Sports_noise16,Sports,0.0
2024-04-14,Sports_noise16,Sports,5.6581781259678126
2024-04-28,Sports_noise16,Sports,23.482860438515107
2024-05-12,Sports_noise16,Sports,0.0
2024-05-26,Sports_noise16,Sports,0.0
2024-06-09,Sports_noise16,Sports,28.217356041608852
2024-06-23,Sports_noise16,Sports,0.0
2024-07-07,Sports_noise16,Sports,0.0
2024-07-21,Sports_noise16,Sports,6.600216750799986
2024-08-04,Sports_noise16,Sports,0.0
2024-08-18,Sports_noise16,Sports,0.0
2024-09-01,Sports_noise16,Sports,10.6253467094903
2024-09-15,Sports_noise16,Sports,3.6570107065679824
2024-09-29,Sports_noise16,Sports,0.0
2024-10-13,Sports_noise16,Sports,0.0
2024-10-27,Sports_noise16,Sports,13.08685992420217
2024-11-10,Sports_noise16,Sports,9.753017669379915
2024-11-24,Sports_noise16,Sports,0.0
2024-12-08,Sports_noise16,Sports,27.69955494071499
2024-12-22,Sports_noise16,Sports,0.0
2025-01-05,Sports_noise16,Sports,0.0
2025-01-19,Sports_noise16,Sports,0.0
2025-02-02,Sports_noise16,Sports,0.0
2025-02-16,Sports_noise16,Sports,3.6500917398403776
2025-03-02,Sports_noise16,Sports,0.0
2025-03-16,Sports_noise16,Sports,5.280830947714452
2025-03-30,Sports_noise16,Sports,0.0
2025-04-13,Sports_noise16,Sports,21.656469061098893
2025-04-27,Sports_noise16,Sports,0.0
2025-05-11,Sports_noise16,Sports,16.759437473821915
2025-05-25,Sports_noise16,Sports,5.140880195665562
2025-06-08,Sports_noise16,Sports,6.851298287306759
2025-06-22,Sports_noise16,Sports,8.546509203483058
2025-07-06,Sports_noise16,Sports,6.715628400259725
2024-01-07,Sports_noise17,Sports,9.640841398013158
2024-01-21,Sports_noise17,Sports,19.93728795198647
2024-02-04,Sports_noise17,Sports,2.947817545522052
2024-02-18,Sports_noise17,Sports,10.635056363827685
2024-03-03,Sports_noise17,Sports,0.0
2024-03-17,Sports_noise17,Sports,21.601758231742092
2024-03-31,Sports_noise17,Sports,0.0
2024-04-14,Sports_noise17,Sports,27.014106493662233
2024-04-28,Sports_noise17,Sports,0.0
2024-05-12,Sports_noise17,Sports,0.0
2024-05-26,Sports_noise17,Sports,1.9215662236618392
2024-06-09,Sports_noise17,Sports,0.0
2024-06-23,Sports_noise17,Sports,12.60965323483086
2024-07-07,Sports_noise17,Sports,0.0
2024-07-21,Sports_noise17,Sports,0.0
2024-08-04,Sports_noise17,Sports,0.0
2024-08-18,Sports_noise17,Sports,0.0
2024-09-01,Sports_noise17,Sports,0.0
2024-09-15,Sports_noise17,Sports,0.0
2024-09-29,Sports_noise17,Sports,11.406219842164461
2024-10-13,Sports_noise17,Sports,11.787002379762482
2024-10-27,Sports_noise17,Sports,6.381863426774471
2024-11-10,Sports_noise17,Sports,0.0
2024-11-24,Sports_noise17,Sports,0.0
2024-12-08,Sports_noise17,Sports,0.0
2024-12-22,Sports_noise17,Sports,0.0
2025-01-05,Sports_noise17,Sports,22.55097452650726
2025-01-19,Sports_noise17,Sports,13.16043435863507
2025-02-02,Sports_noise17,Sports,0.0
2025-02-16,Sports_noise17,Sports,0.4032875849179617
2025-03-02,Sports_noise17,Sports,3.125742119213287
2025-03-16,Sports_noise17,Sports,0.0
2025-03-30,Sports_noise17,Sports,0.0
2025-04-13,Sports_noise17,Sports,0.0
2025-04-27,Sports_noise17,Sports,0.0
2025-05-11,Sports_noise17,Sports,0.0
2025-05-25,Sports_noise17,Sports,26.96529790274284
2025-06-08,Sports_noise17,Sports,9.612642919005147
2025-06-22,Sports_noise17,Sports,0.0
2025-07-06,Sports_noise17,Sports,8.588741720342378
2024-01-07,Sports_noise18,Sports,20.99033154879003
2024-01-21,Sports_noise18,Sports,13.869505243691533
2024-02-04,Sports_noise18,Sports,0.8944555488026119
2024-02-18,Sports_noise18,Sports,0.0
2024-03-03,Sports_noise18,Sports,10.473349704203848
2024-03-17,Sports_noise18,Sports,5.902280781326244
2024-03-31,Sports_noise18,Sports,13.427898300415984
2024-04-14,Sports_noise18,Sports,9.527577025229542
2024-04-28,Sports_noise18,Sports,15.743290729790028
2024-05-12,Sports_noise18,Sports,0.0
2024-05-26,Sports_noise18,Sports,19.760910984514886
2024-06-09,Sports_noise18,Sports,2.963994070385995
2024-06-23,Sports_noise18,Sports,31.128913089378983
2024-07-07,Sports_noise18,Sports,0.0
2024-07-21,Sports_noise18,Sports,26.03945704747874
2024-08-04,Sports_noise18,Sports,2.9686617519397167
2024-08-18,Sports_noise18,Sports,0.0
2024-09-01,Sports_noise18,Sports,0.0
2024-09-15,Sports_noise18,Sports,0.0
2024-09-29,Sports_noise18,Sports,6.362489196028746
2024-10-13,Sports_noise18,Sports,7.842532320532494
2024-10-27,Sports_noise18,Sports,0.0
2024-11-10,Sports_noise18,Sports,0.0
2024-11-24,Sports_noise18,Sports,32.13405537917795
2024-12-08,Sports_noise18,Sports,25.91314755151067
2024-12-22,Sports_noise18,Sports,6.544855045110481
2025-01-05,Sports_noise18,Sports,0.5700521725230043
2025-01-19,Sports_noise18,Sports,1.8004699007739196
2025-02-02,Sports_noise18,Sports,9.20276959095625
2025-02-16,Sports_noise18,Sports,0.0
2025-03-02,Sports_noise18,Sports,0.0
2025-03-16,Sports_noise18,Sports,0.0
2025-03-30,Sports_noise18,Sports,5.988346839079189
2025-04-13,Sports_noise18,Sports,9.707939095541116
2025-04-27,Sports_noise18,Sports,0.0
2025-05-11,Sports_noise18,Sports,23.609801449350492
2025-05-25,Sports_noise18,Sports,0.0
2025-06-08,Sports_noise18,Sports,0.0
2025-06-22,Sports_noise18,Sports,3.3667772783995806
2025-07-06,Sports_noise18,Sports,15.706474539182318
2024-01-07,Sports_noise19,Sports,25.25891537186803
2024-01-21,Sports_noise19,Sports,0.0
2024-02-04,Sports_noise19,Sports,16.180212501469434
2024-02-18,Sports_noise19,Sports,0.0
2024-03-03,Sports_noise19,Sports,0.0
2024-03-17,Sports_noise19,Sports,13.254899062300085
2024-03-31,Sports_noise19,Sports,9.784843176201294
2024-04-14,Sports_noise19,Sports,0.0
2024-04-28,Sports_noise19,Sports,22.148105245888438
2024-05-12,Sports_noise19,Sports,20.701370312211772
2024-05-26,Sports_noise19,Sports,0.0
2024-06-09,Sports_noise19,Sports,5.937053001561136
2024-06-23,Sports_noise19,Sports,7.410452794241082
2024-07-07,Sports_noise19,Sports,3.9101064873586067
2024-07-21,Sports_noise19,Sports,0.0
2024-08-04,Sports_noise19,Sports,0.0
2024-08-18,Sports_noise19,Sports,0.0
2024-09-01,Sports_noise19,Sports,17.59093528889047
2024-09-15,Sports_noise19,Sports,8.154002318916485
2024-09-29,Sports_noise19,Sports,0.0
2024-10-13,Sports_noise19,Sports,11.575480659725171
2024-10-27,Sports_noise19,Sports,0.0
2024-11-10,Sports_noise19,Sports,17.231485505581553
2024-11-24,Sports_noise19,Sports,0.0
2024-12-08,Sports_noise19,Sports,0.0
2024-12-22,Sports_noise19,Sports,0.0
2025-01-05,Sports_noise19,Sports,0.0
2025-01-19,Sports_noise19,Sports,17.412401810677792
2025-02-02,Sports_noise19,Sports,0.0
2025-02-16,Sports_noise19,Sports,5.197558225960737
2025-03-02,Sports_noise19,Sports,0.0
2025-03-16,Sports_noise19,Sports,7.155612408346822
2025-03-30,Sports_noise19,Sports,1.1523283659038304
2025-04-13,Sports_noise19,Sports,0.0
2025-04-27,Sports_noise19,Sports,14.9440022917071
2025-05-11,Sports_noise19,Sports,0.0
2025-05-25,Sports_noise19,Sports,0.0
2025-06-08,Sports_noise19,Sports,0.0
2025-06-22,Sports_noise19,Sports,22.51139685951466
2025-07-06,Sports_noise19,Sports,12.753326131702392
2024-01-07,Sports_noise20,Sports,0.0
2024-01-21,Sports_noise20,Sports,0.0
2024-02-04,Sports_noise20,Sports,0.0
2024-02-18,Sports_noise20,Sports,31.15121975341261
2024-03-03,Sports_noise20,Sports,5.7290317834733
2024-03-17,Sports_noise20,Sports,6.450624707866044
2024-03-31,Sports_noise20,Sports,15.454251810477633
2024-04-14,Sports_noise20,Sports,3.581837385397703
2024-04-28,Sports_noise20,Sports,0.0
2024-05-12,Sports_noise20,Sports,0.0
2024-05-26,Sports_noise20,Sports,0.0
2024-06-09,Sports_noise20,Sports,0.0
2024-06-23,Sports_noise20,Sports,10.914443154554698
2024-07-07,Sports_noise20,Sports,0.7791882871094915
2024-07-21,Sports_noise20,Sports,10.989601158233688
2024-08-04,Sports_noise20,Sports,0.0
2024-08-18,Sports_noise20,Sports,1.1795278547413588
2024-09-01,Sports_noise20,Sports,0.0
2024-09-15,Sports_noise20,Sports,13.744915120537222
2024-09-29,Sports_noise20,Sports,5.19732713846989
2024-10-13,Sports_noise20,Sports,14.970151647894783
2024-10-27,Sports_noise20,Sports,0.0
2024-11-10,Sports_noise20,Sports,31.325620571710914
2024-11-24,Sports_noise20,Sports,0.0
2024-12-08,Sports_noise20,Sports,16.622742251062746
2024-12-22,Sports_noise20,Sports,0.0
2025-01-05,Sports_noise20,Sports,9.191608575938545
2025-01-19,Sports_noise20,Sports,0.0
2025-02-02,Sports_noise20,Sports,0.0
2025-02-16,Sports_noise20,Sports,28.710470308001792
2025-03-02,Sports_noise20,Sports,0.0
2025-03-16,Sports_noise20,Sports,3.261493097695843
2025-03-30,Sports_noise20,Sports,13.051015960331313
2025-04-13,Sports_noise20,Sports,7.435228319589069
2025-04-27,Sports_noise20,Sports,2.2562835771536465
2025-05-11,Sports_noise20,Sports,5.474415036993381
2025-05-25,Sports_noise20,Sports,36.05123377857412
2025-06-08,Sports_noise20,Sports,0.0
2025-06-22,Sports_noise20,Sports,3.0164857007245125
2025-07-06,Sports_noise20,Sports,15.75981594011418
2024-01-07,Sports_noise21,Sports,16.582888994369757
2024-01-21,Sports_noise21,Sports,17.8054545834057
2024-02-04,Sports_noise21,Sports,9.580953330437769
2024-02-18,Sports_noise21,Sports,0.0
2024-03-03,Sports_noise21,Sports,24.50147298451644
2024-03-17,Sports_noise21,Sports,0.0
2024-03-31,Sports_noise21,Sports,4.539531978585498
2024-04-14,Sports_noise21,Sports,0.0
2024-04-28,Sports_noise21,Sports,0.0
2024-05-12,Sports_noise21,Sports,4.931436154552206
2024-05-26,Sports_noise21,Sports,4.820358231754096
2024-06-09,Sports_noise21,Sports,6.328811313529271
2024-06-23,Sports_noise21,Sports,24.205669035879705
2024-07-07,Sports_noise21,Sports,6.803014522709698
2024-07-21,Sports_noise21,Sports,0.0
2024-08-04,Sports_noise21,Sports,14.46130752432536
2024-08-18,Sports_noise21,Sports,17.842057333869608
2024-09-01,Sports_noise21,Sports,0.0
2024-09-15,Sports_noise21,Sports,8.961001047747871
2024-09-29,Sports_noise21,Sports,10.517591134663475
2024-10-13,Sports_noise21,Sports,0.0
2024-10-27,Sports_noise21,Sports,20.63560219967429
2024-11-10,Sports_noise21,Sports,0.0
2024-11-24,Sports_noise21,Sports,1.8836468020731338
2024-12-08,Sports_noise21,Sports,0.0
2024-12-22,Sports_noise21,Sports,0.23368571372201302
2025-01-05,Sports_noise21,Sports,0.0
2025-01-19,Sports_noise21,Sports,0.0
2025-02-02,Sports_noise21,Sports,23.917575948374584
2025-02-16,Sports_noise21,Sports,0.0
2025-03-02,Sports_noise21,Sports,0.0
2025-03-16,Sports_noise21,Sports,0.0
2025-03-30,Sports_noise21,Sports,0.0
2025-04-13,Sports_noise21,Sports,0.0
2025-04-27,Sports_noise21,Sports,24.630227402045534
2025-05-11,Sports_noise21,Sports,15.147256340139512
2025-05-25,Sports_noise21,Sports,0.0
2025-06-08,Sports_noise21,Sports,33.786537080164635
2025-06-22,Sports_noise21,Sports,14.726482304873914
2025-07-06,Sports_noise21,Sports,0.0
2024-01-07,Sports_noise22,Sports,0.0
2024-01-21,Sports_noise22,Sports,34.364138588861124
2024-02-04,Sports_noise22,Sports,0.0
2024-02-18,Sports_noise22,Sports,0.0
2024-03-03,Sports_noise22,Sports,15.338556480144604
2024-03-17,Sports_noise22,Sports,36.59628609508909
2024-03-31,Sports_noise22,Sports,20.764092277657774
2024-04-14,Sports_noise22,Sports,8.458636800785394
2024-04-28,Sports_noise22,Sports,8.921315124979289
2024-05-12,Sports_noise22,Sports,12.801233381704616
2024-05-26,Sports_noise22,Sports,11.383928846801478
2024-06-09,Sports_noise22,Sports,4.217871359540637
2024-06-23,Sports_noise22,Sports,1.563016559278141
2024-07-07,Sports_noise22,Sports,0.0
2024-07-21,Sports_noise22,Sports,0.0
2024-08-04,Sports_noise22,Sports,0.0
2024-08-18,Sports_noise22,Sports,0.0
2024-09-01,Sports_noise22,Sports,0.0
2024-09-15,Sports_noise22,Sports,0.0
2024-09-29,Sports_noise22,Sports,0.0
2024-10-13,Sports_noise22,Sports,2.6984122673021766
2024-10-27,Sports_noise22,Sports,20.88003429516899
2024-11-10,Sports_noise22,Sports,13.774749090034696
2024-11-24,Sports_noise22,Sports,0.0
2024-12-08,Sports_noise22,Sports,0.0
2024-12-22,Sports_noise22,Sports,14.11156781982324
2025-01-05,Sports_noise22,Sports,0.0
2025-01-19,Sports_noise22,Sports,0.0
2025-02-02,Sports_noise22,Sports,8.250781485368279
2025-02-16,Sports_noise22,Sports,0.0
2025-03-02,Sports_noise22,Sports,1.5806325921893987
2025-03-16,Sports_noise22,Sports,0.0
2025-03-30,Sports_noise22,Sports,0.0
2025-04-13,Sports_noise22,Sports,4.796729012138055
2025-04-27,Sports_noise22,Sports,0.0
2025-05-11,Sports_noise22,Sports,6.607121069405985
2025-05-25,Sports_noise22,Sports,0.0
2025-06-08,Sports_noise22,Sports,8.287349316257217
2025-06-22,Sports_noise22,Sports,3.3587120109699216
2025-07-06,Sports_noise22,Sports,20.462106449607663
2024-01-07,Sports_noise23,Sports,1.878367539718609
2024-01-21,Sports_noise23,Sports,0.0
2024-02-04,Sports_noise23,Sports,1.8344625454842567
2024-02-18,Sports_noise23,Sports,8.149470435545819
2024-03-03,Sports_noise23,Sports,0.732901054885565
2024-03-17,Sports_noise23,Sports,0.6088753680582357
2024-03-31,Sports_noise23,Sports,0.0
2024-04-14,Sports_noise23,Sports,0.0
2024-04-28,Sports_noise23,Sports,0.0
2024-05-12,Sports_noise23,Sports,26.24365114780409
2024-05-26,Sports_noise23,Sports,0.0
2024-06-09,Sports_noise23,Sports,0.0
2024-06-23,Sports_noise23,Sports,0.0
2024-07-07,Sports_noise23,Sports,13.423865654166619
2024-07-21,Sports_noise23,Sports,0.0
2024-08-04,Sports_noise23,Sports,18.716131090106007
2024-08-18,Sports_noise23,Sports,0.0
2024-09-01,Sports_noise23,Sports,4.184912433357029
2024-09-15,Sports_noise23,Sports,0.0
2024-09-29,Sports_noise23,Sports,32.177236916600826
2024-10-13,Sports_noise23,Sports,0.0
2024-10-27,Sports_noise23,Sports,4.6473106534054125
2024-11-10,Sports_noise23,Sports,9.506653213981478
2024-11-24,Sports_noise23,Sports,6.206986461772473
2024-12-08,Sports_noise23,Sports,0.0
2024-12-22,Sports_noise23,Sports,0.0
2025-01-05,Sports_noise23,Sports,0.6571720796866439
2025-01-19,Sports_noise23,Sports,0.0
2025-02-02,Sports_noise23,Sports,14.458186751923645
2025-02-16,Sports_noise23,Sports,33.157845023870266
2025-03-02,Sports_noise23,Sports,0.0
2025-03-16,Sports_noise23,Sports,0.0
2025-03-30,Sports_noise23,Sports,0.0
2025-04-13,Sports_noise23,Sports,38.695640064814775
2025-04-27,Sports_noise23,Sports,0.0
2025-05-11,Sports_noise23,Sports,24.58675208166101
2025-05-25,Sports_noise23,Sports,25.16551221114661
2025-06-08,Sports_noise23,Sports,0.0
2025-06-22,Sports_noise23,Sports,8.534746187779131
2025-07-06,Sports_noise23,Sports,24.42594934692807
2024-01-07,Sports_noise24,Sports,0.0
2024-01-21,Sports_noise24,Sports,0.0
2024-02-04,Sports_noise24,Sports,0.0
2024-02-18,Sports_noise24,Sports,0.0
2024-03-03,Sports_noise24,Sports,0.0
2024-03-17,Sports_noise24,Sports,0.0
2024-03-31,Sports_noise24,Sports,0.5112520238883911
2024-04-14,Sports_noise24,Sports,0.0
2024-04-28,Sports_noise24,Sports,3.5067886768612153
2024-05-12,Sports_noise24,Sports,0.0
2024-05-26,Sports_noise24,Sports,4.963203483216856
2024-06-09,Sports_noise24,Sports,12.50293442413387
2024-06-23,Sports_noise24,Sports,0.0
2024-07-07,Sports_noise24,Sports,5.610848547713582
2024-07-21,Sports_noise24,Sports,18.415034887099385
2024-08-04,Sports_noise24,Sports,0.0
2024-08-18,Sports_noise24,Sports,25.08858580256555
2024-09-01,Sports_noise24,Sports,6.285285140490678
2024-09-15,Sports_noise24,Sports,0.0
2024-09-29,Sports_noise24,Sports,0.0
2024-10-13,Sports_noise24,Sports,8.374903687825835
2024-10-27,Sports_noise24,Sports,1.1400808711861725
2024-11-10,Sports_noise24,Sports,8.081339886695538
2024-11-24,Sports_noise24,Sports,0.0
2024-12-08,Sports_noise24,Sports,2.54041236054117
2024-12-22,Sports_noise24,Sports,0.0
2025-01-05,Sports_noise24,Sports,0.0
2025-01-19,Sports_noise24,Sports,0.0
2025-02-02,Sports_noise24,Sports,0.0
2025-02-16,Sports_noise24,Sports,18.54139762815656
2025-03-02,Sports_noise24,Sports,16.369651808914035
2025-03-16,Sports_noise24,Sports,9.137071813607655
2025-03-30,Sports_noise24,Sports,0.0
2025-04-13,Sports_noise24,Sports,0.0
2025-04-27,Sports_noise24,Sports,18.19646549968775
2025-05-11,Sports_noise24,Sports,2.125753704598571
2025-05-25,Sports_noise24,Sports,34.78994309972541
2025-06-08,Sports_noise24,Sports,5.8997675909155785
2025-06-22,Sports_noise24,Sports,2.8807367473504737
2025-07-06,Sports_noise24,Sports,0.0
2024-01-07,Sports_noise25,Sports,2.0031135717342345
2024-01-21,Sports_noise25,Sports,0.0
2024-02-04,Sports_noise25,Sports,10.621630150328857
2024-02-18,Sports_noise25,Sports,14.350534751918762
2024-03-03,Sports_noise25,Sports,0.0
2024-03-17,Sports_noise25,Sports,0.0
2024-03-31,Sports_noise25,Sports,0.0
2024-04-14,Sports_noise25,Sports,7.619869903688155
2024-04-28,Sports_noise25,Sports,0.0
2024-05-12,Sports_noise25,Sports,0.0
2024-05-26,Sports_noise25,Sports,5.828679067964462
2024-06-09,Sports_noise25,Sports,37.39499276149186
2024-06-23,Sports_noise25,Sports,0.0
2024-07-07,Sports_noise25,Sports,12.577361616774628
2024-07-21,Sports_noise25,Sports,1.2274403782134753
2024-08-04,Sports_noise25,Sports,0.0
2024-08-18,Sports_noise25,Sports,13.786147244816528
2024-09-01,Sports_noise25,Sports,0.0
2024-09-15,Sports_noise25,Sports,4.010884711078544
2024-09-29,Sports_noise25,Sports,4.825467092940205
2024-10-13,Sports_noise25,Sports,0.0
2024-10-27,Sports_noise25,Sports,14.880635243047843
2024-11-10,Sports_noise25,Sports,0.0
2024-11-24,Sports_noise25,Sports,0.0
2024-12-08,Sports_noise25,Sports,8.047647653556053
2024-12-22,Sports_noise25,Sports,0.0
2025-01-05,Sports_noise25,Sports,0.4227173605369237
2025-01-19,Sports_noise25,Sports,0.0
2025-02-02,Sports_noise25,Sports,16.28843348747367
2025-02-16,Sports_noise25,Sports,7.120473493199292
2025-03-02,Sports_noise25,Sports,0.0
2025-03-16,Sports_noise25,Sports,12.266494488004307
2025-03-30,Sports_noise25,Sports,20.853113235259702
2025-04-13,Sports_noise25,Sports,8.367154595277933
2025-04-27,Sports_noise25,Sports,0.15528929765070912
2025-05-11,Sports_noise25,Sports,0.0
2025-05-25,Sports_noise25,Sports,0.0
2025-06-08,Sports_noise25,Sports,0.0
2025-06-22,Sports_noise25,Sports,0.0
2025-07-06,Sports_noise25,Sports,0.0
2024-01-07,Sports_noise26,Sports,0.8497488734566074
2024-01-21,Sports_noise26,Sports,7.945391315350962
2024-02-04,Sports_noise26,Sports,0.0
2024-02-18,Sports_noise26,Sports,7.297524657393029
2024-03-03,Sports_noise26,Sports,0.9671162221518036
2024-03-17,Sports_noise26,Sports,0.0
2024-03-31,Sports_noise26,Sports,0.0
2024-04-14,Sports_noise26,Sports,0.0
2024-04-28,Sports_noise26,Sports,0.0
2024-05-12,Sports_noise26,Sports,8.998930949943068
2024-05-26,Sports_noise26,Sports,22.96126248515546
2024-06-09,Sports_noise26,Sports,18.28142777545975
2024-06-23,Sports_noise26,Sports,0.0
2024-07-07,Sports_noise26,Sports,22.360892052749282
2024-07-21,Sports_noise26,Sports,2.2300118580316735
2024-08-04,Sports_noise26,Sports,0.0
2024-08-18,Sports_noise26,Sports,0.0
2024-09-01,Sports_noise26,Sports,0.0
2024-09-15,Sports_noise26,Sports,0.0
2024-09-29,Sports_noise26,Sports,2.5562433356323155
2024-10-13,Sports_noise26,Sports,2.4086097157479687
2024-10-27,Sports_noise26,Sports,0.04569030230121704
2024-11-10,Sports_noise26,Sports,6.554072546195248
2024-11-24,Sports_noise26,Sports,17.85969412179512
2024-12-08,Sports_noise26,Sports,14.243312031619856
2024-12-22,Sports_noise26,Sports,0.0
2025-01-05,Sports_noise26,Sports,0.0
2025-01-19,Sports_noise26,Sports,14.014798668589105
2025-02-02,Sports_noise26,Sports,0.0
2025-02-16,Sports_noise26,Sports,0.0
2025-03-02,Sports_noise26,Sports,0.0
2025-03-16,Sports_noise26,Sports,0.0
2025-03-30,Sports_noise26,Sports,8.12194092307182
2025-04-13,Sports_noise26,Sports,11.387327404539702
2025-04-27,Sports_noise26,Sports,0.0
2025-05-11,Sports_noise26,Sports,0.0
2025-05-25,Sports_noise26,Sports,0.0
2025-06-08,Sports_noise26,Sports,5.877060081038198
2025-06-22,Sports_noise26,Sports,0.0
2025-07-06,Sports_noise26,Sports,2.7503987966873344
2024-01-07,Sports_noise27,Sports,0.0
2024-01-21,Sports_noise27,Sports,8.689372494016325
2024-02-04,Sports_noise27,Sports,1.793705526212299
2024-02-18,Sports_noise27,Sports,0.0
2024-03-03,Sports_noise27,Sports,17.94857252496737
2024-03-17,Sports_noise27,Sports,0.0
2024-03-31,Sports_noise27,Sports,0.0
2024-04-14,Sports_noise27,Sports,0.0
2024-04-28,Sports_noise27,Sports,0.0
2024-05-12,Sports_noise27,Sports,0.0
2024-05-26,Sports_noise27,Sports,0.0
2024-06-09,Sports_noise27,Sports,25.675627202135153
2024-06-23,Sports_noise27,Sports,0.0
2024-07-07,Sports_noise27,Sports,0.0
2024-07-21,Sports_noise27,Sports,22.067554912404127
2024-08-04,Sports_noise27,Sports,0.0
2024-08-18,Sports_noise27,Sports,0.0
2024-09-01,Sports_noise27,Sports,15.598570310941147
2024-09-15,Sports_noise27,Sports,0.0
2024-09-29,Sports_noise27,Sports,27.39014570320404
2024-10-13,Sports_noise27,Sports,10.168888070089036
2024-10-27,Sports_noise27,Sports,0.0
2024-11-10,Sports_noise27,Sports,32.359623198982554
2024-11-24,Sports_noise27,Sports,0.0
2024-12-08,Sports_noise27,Sports,11.131430580139604
2024-12-22,Sports_noise27,Sports,4.489388706097379
2025-01-05,Sports_noise27,Sports,19.52611934098197
2025-01-19,Sports_noise27,Sports,23.42266795090279
2025-02-02,Sports_noise27,Sports,0.48006223598649933
2025-02-16,Sports_noise27,Sports,0.0
2025-03-02,Sports_noise27,Sports,6.899582144086747
2025-03-16,Sports_noise27,Sports,0.0
2025-03-30,Sports_noise27,Sports,30.200808712899345
2025-04-13,Sports_noise27,Sports,2.0480299662410615
2025-04-27,Sports_noise27,Sports,0.0
2025-05-11,Sports_noise27,Sports,2.7702045879736263
2025-05-25,Sports_noise27,Sports,0.0
2025-06-08,Sports_noise27,Sports,0.0
2025-06-22,Sports_noise27,Sports,18.00620861916638
2025-07-06,Sports_noise27,Sports,0.0
2024-01-07,Sports_noise28,Sports,0.0
2024-01-21,Sports_noise28,Sports,8.049791287909292
2024-02-04,Sports_noise28,Sports,17.785562319944955
2024-02-18,Sports_noise28,Sports,10.784299659976002
2024-03-03,Sports_noise28,Sports,14.940715287087245
2024-03-17,Sports_noise28,Sports,0.0
2024-03-31,Sports_noise28,Sports,0.0
2024-04-14,Sports_noise28,Sports,22.5200047793323
2024-04-28,Sports_noise28,Sports,0.0
2024-05-12,Sports_noise28,Sports,0.0
2024-05-26,Sports_noise28,Sports,19.92291212773587
2024-06-09,Sports_noise28,Sports,8.3434501410099
2024-06-23,Sports_noise28,Sports,6.838316581224115
2024-07-07,Sports_noise28,Sports,32.47503517351626
2024-07-21,Sports_noise28,Sports,0.0
2024-08-04,Sports_noise28,Sports,13.917601921218557
2024-08-18,Sports_noise28,Sports,0.8551968734562675
2024-09-01,Sports_noise28,Sports,4.028884182948854
2024-09-15,Sports_noise28,Sports,22.927026396187976
2024-09-29,Sports_noise28,Sports,7.617536344344356
2024-10-13,Sports_noise28,Sports,8.074441185744494
2024-10-27,Sports_noise28,Sports,16.087610059647034
2024-11-10,Sports_noise28,Sports,0.0
2024-11-24,Sports_noise28,Sports,0.0
2024-12-08,Sports_noise28,Sports,0.0
2024-12-22,Sports_noise28,Sports,0.0
2025-01-05,Sports_noise28,Sports,30.843106949104833
2025-01-19,Sports_noise28,Sports,0.0
2025-02-02,Sports_noise28,Sports,0.0
2025-02-16,Sports_noise28,Sports,0.0
2025-03-02,Sports_noise28,Sports,4.611100467136511
2025-03-16,Sports_noise28,Sports,12.236058188089451
2025-03-30,Sports_noise28,Sports,12.907102325396181
2025-04-13,Sports_noise28,Sports,0.0
2025-04-27,Sports_noise28,Sports,0.0
2025-05-11,Sports_noise28,Sports,4.238699257324495
2025-05-25,Sports_noise28,Sports,0.0
2025-06-08,Sports_noise28,Sports,24.11018364029989
2025-06-22,Sports_noise28,Sports,7.36462427457377
2025-07-06,Sports_noise28,Sports,11.023166790747261
2024-01-07,Sports_noise29,Sports,9.943219030011191
2024-01-21,Sports_noise29,Sports,17.602107862279873
2024-02-04,Sports_noise29,Sports,2.7153233805556045
2024-02-18,Sports_noise29,Sports,0.0
2024-03-03,Sports_noise29,Sports,5.995319276289624
2024-03-17,Sports_noise29,Sports,0.0
2024-03-31,Sports_noise29,Sports,0.0
2024-04-14,Sports_noise29,Sports,8.795460281326399
2024-04-28,Sports_noise29,Sports,18.574246071504536
2024-05-12,Sports_noise29,Sports,0.3190736510409247
2024-05-26,Sports_noise29,Sports,4.632495188984457
2024-06-09,Sports_noise29,Sports,25.53322416952857
2024-06-23,Sports_noise29,Sports,3.6112976923285243
2024-07-07,Sports_noise29,Sports,39.02524671270592
2024-07-21,Sports_noise29,Sports,8.482644684473163
2024-08-04,Sports_noise29,Sports,0.0
2024-08-18,Sports_noise29,Sports,11.300124316567988
2024-09-01,Sports_noise29,Sports,5.717375773241667
2024-09-15,Sports_noise29,Sports,19.346291311241185
2024-09-29,Sports_noise29,Sports,10.097720269049375
2024-10-13,Sports_noise29,Sports,0.0
2024-10-27,Sports_noise29,Sports,0.0
2024-11-10,Sports_noise29,Sports,0.0
2024-11-24,Sports_noise29,Sports,0.0
2024-12-08,Sports_noise29,Sports,0.0
2024-12-22,Sports_noise29,Sports,8.828676066309145
2025-01-05,Sports_noise29,Sports,25.048567565271092
2025-01-19,Sports_noise29,Sports,5.920072947344717
2025-02-02,Sports_noise29,Sports,0.0
2025-02-16,Sports_noise29,Sports,6.669040023302111
2025-03-02,Sports_noise29,Sports,17.949472299684768
2025-03-16,Sports_noise29,Sports,0.0
2025-03-30,Sports_noise29,Sports,0.0
2025-04-13,Sports_noise29,Sports,0.2203229209379564
2025-04-27,Sports_noise29,Sports,0.0
2025-05-11,Sports_noise29,Sports,9.724206507657886
2025-05-25,Sports_noise29,Sports,0.0
2025-06-08,Sports_noise29,Sports,6.292986658605416
2025-06-22,Sports_noise29,Sports,0.0
2025-07-06,Sports_noise29,Sports,0.0
2024-01-07,Sports_noise30,Sports,10.83572036741657
2024-01-21,Sports_noise30,Sports,0.0
2024-02-04,Sports_noise30,Sports,25.904457768501075
2024-02-18,Sports_noise30,Sports,0.0
2024-03-03,Sports_noise30,Sports,3.3702708862782886
2024-03-17,Sports_noise30,Sports,13.988862478096348
2024-03-31,Sports_noise30,Sports,0.0
2024-04-14,Sports_noise30,Sports,0.0
2024-04-28,Sports_noise30,Sports,0.0
2024-05-12,Sports_noise30,Sports,18.93876155140773
2024-05-26,Sports_noise30,Sports,0.0
2024-06-09,Sports_noise30,Sports,38.372989285023785
2024-06-23,Sports_noise30,Sports,0.0
2024-07-07,Sports_noise30,Sports,2.7682695479555544
2024-07-21,Sports_noise30,Sports,23.131649288518133
2024-08-04,Sports_noise30,Sports,30.091393322386843
2024-08-18,Sports_noise30,Sports,30.922553649545968
2024-09-01,Sports_noise30,Sports,18.125493458897136
2024-09-15,Sports_noise30,Sports,15.360937887171936
2024-09-29,Sports_noise30,Sports,8.887904238017747
2024-10-13,Sports_noise30,Sports,11.675416142499566
2024-10-27,Sports_noise30,Sports,0.0
2024-11-10,Sports_noise30,Sports,0.0
2024-11-24,Sports_noise30,Sports,0.0
2024-12-08,Sports_noise30,Sports,0.0
2024-12-22,Sports_noise30,Sports,0.0
2025-01-05,Sports_noise30,Sports,10.44581171185073
2025-01-19,Sports_noise30,Sports,14.32957812855766
2025-02-02,Sports_noise30,Sports,1.3261032943777102
2025-02-16,Sports_noise30,Sports,22.162951215828926
2025-03-02,Sports_noise30,Sports,0.0
2025-03-16,Sports_noise30,Sports,0.0
2025-03-30,Sports_noise30,Sports,0.0
2025-04-13,Sports_noise30,Sports,0.0
2025-04-27,Sports_noise30,Sports,0.0
2025-05-11,Sports_noise30,Sports,0.0
2025-05-25,Sports_noise30,Sports,22.701746148631965
2025-06-08,Sports_noise30,Sports,9.462175268321664
2025-06-22,Sports_noise30,Sports,0.0
2025-07-06,Sports_noise30,Sports,27.811388495012825
2024-01-07,Sports_noise31,Sports,18.315505432880293
2024-01-21,Sports_noise31,Sports,8.731465552029237
2024-02-04,Sports_noise31,Sports,0.0
2024-02-18,Sports_noise31,Sports,0.0
2024-03-03,Sports_noise31,Sports,0.0
2024-03-17,Sports_noise31,Sports,16.33122929556279
2024-03-31,Sports_noise31,Sports,28.268794589019137
2024-04-14,Sports_noise31,Sports,23.148652924082835
2024-04-28,Sports_noise31,Sports,0.0
2024-05-12,Sports_noise31,Sports,0.0
2024-05-26,Sports_noise31,Sports,2.113293703668059
2024-06-09,Sports_noise31,Sports,0.0
2024-06-23,Sports_noise31,Sports,4.847515712771722
2024-07-07,Sports_noise31,Sports,0.0
2024-07-21,Sports_noise31,Sports,0.0
2024-08-04,Sports_noise31,Sports,0.0
2024-08-18,Sports_noise31,Sports,7.704001598545748
2024-09-01,Sports_noise31,Sports,0.0
2024-09-15,Sports_noise31,Sports,0.0
2024-09-29,Sports_noise31,Sports,0.0
2024-10-13,Sports_noise31,Sports,0.0
2024-10-27,Sports_noise31,Sports,26.58377395004616
2024-11-10,Sports_noise31,Sports,24.91888821821805
2024-11-24,Sports_noise31,Sports,0.0
2024-12-08,Sports_noise31,Sports,0.0
2024-12-22,Sports_noise31,Sports,7.031613841125356
2025-01-05,Sports_noise31,Sports,0.0
2025-01-19,Sports_noise31,Sports,4.52687849729199
2025-02-02,Sports_noise31,Sports,11.491204175770354
2025-02-16,Sports_noise31,Sports,18.403998358264612
2025-03-02,Sports_noise31,Sports,0.0
2025-03-16,Sports_noise31,Sports,0.0
2025-03-30,Sports_noise31,Sports,0.0
2025-04-13,Sports_noise31,Sports,0.0
2025-04-27,Sports_noise31,Sports,0.0
2025-05-11,Sports_noise31,Sports,5.510482602242671
2025-05-25,Sports_noise31,Sports,13.703769393498742
2025-06-08,Sports_noise31,Sports,0.0
2025-06-22,Sports_noise31,Sports,22.390328534392825
2025-07-06,Sports_noise31,Sports,0.0
2024-01-07,Sports_noise32,Sports,0.0
2024-01-21,Sports_noise32,Sports,0.0
2024-02-04,Sports_noise32,Sports,0.0
2024-02-18,Sports_noise32,Sports,13.260680945415746
2024-03-03,Sports_noise32,Sports,11.052658456386501
2024-03-17,Sports_noise32,Sports,0.0
2024-03-31,Sports_noise32,Sports,1.0048607583730789
2024-04-14,Sports_noise32,Sports,7.739088265561492
2024-04-28,Sports_noise32,Sports,0.0
2024-05-12,Sports_noise32,Sports,0.0
2024-05-26,Sports_noise32,Sports,11.913970194327407
2024-06-09,Sports_noise32,Sports,0.0
2024-06-23,Sports_noise32,Sports,4.4033689824994395
2024-07-07,Sports_noise32,Sports,0.0
2024-07-21,Sports_noise32,Sports,6.996449736502895
2024-08-04,Sports_noise32,Sports,0.0
2024-08-18,Sports_noise32,Sports,0.0
2024-09-01,Sports_noise32,Sports,17.47109031685757
2024-09-15,Sports_noise32,Sports,0.0
2024-09-29,Sports_noise32,Sports,0.0
2024-10-13,Sports_noise32,Sports,3.0085379584641427
2024-10-27,Sports_noise32,Sports,17.22956024143073
2024-11-10,Sports_noise32,Sports,0.0
2024-11-24,Sports_noise32,Sports,0.9251977477195747
2024-12-08,Sports_noise32,Sports,6.432247504958594
2024-12-22,Sports_noise32,Sports,10.396584108947161
2025-01-05,Sports_noise32,Sports,2.646623329158378
2025-01-19,Sports_noise32,Sports,0.0
2025-02-02,Sports_noise32,Sports,0.0
2025-02-16,Sports_noise32,Sports,1.2921582456956213
2025-03-02,Sports_noise32,Sports,0.0
2025-03-16,Sports_noise32,Sports,0.0
2025-03-30,Sports_noise32,Sports,6.548397062365018
2025-04-13,Sports_noise32,Sports,13.559022616292928
2025-04-27,Sports_noise32,Sports,0.0
2025-05-11,Sports_noise32,Sports,0.0
2025-05-25,Sports_noise32,Sports,9.287313915077966
2025-06-08,Sports_noise32,Sports,30.86243204567548
2025-06-22,Sports_noise32,Sports,0.3119056151311184
2025-07-06,Sports_noise32,Sports,0.0
2024-01-07,Music_core1,Music,99.94513106766854
2024-01-21,Music_core1,Music,134.69944099607483
2024-02-04,Music_core1,Music,122.3786945764992
2024-02-18,Music_core1,Music,82.18775856776836
2024-03-03,Music_core1,Music,70.568198873015
2024-03-17,Music_core1,Music,104.71400141752237
2024-03-31,Music_core1,Music,139.32377916512883
2024-04-14,Music_core1,Music,128.05988736777743
2024-04-28,Music_core1,Music,87.52443995169826
2024-05-12,Music_core1,Music,75.63731587903173
2024-05-26,Music_core1,Music,109.91245661932533
2024-06-09,Music_core1,Music,143.81802082772134
2024-06-23,Music_core1,Music,132.8374167633807
2024-07-07,Music_core1,Music,92.40416501065963
2024-07-21,Music_core1,Music,80.65887795559243
2024-08-04,Music_core1,Music,115.95793227035342
2024-08-18,Music_core1,Music,149.37660394284006
2024-09-01,Music_core1,Music,137.34694651520803
2024-09-15,Music_core1,Music,97.29960889090181
2024-09-29,Music_core1,Music,86.05755564242865
2024-10-13,Music_core1,Music,120.0339811231613
2024-10-27,Music_core1,Music,153.85549467683515
2024-11-10,Music_core1,Music,142.84825251060926
2024-11-24,Music_core1,Music,102.22707294410176
2024-12-08,Music_core1,Music,91.27501126253487
2024-12-22,Music_core1,Music,125.32401441971435
2025-01-05,Music_core1,Music,159.15278150163272
2025-01-19,Music_core1,Music,147.95678873875713
2025-02-02,Music_core1,Music,107.4478728229217
2025-02-16,Music_core1,Music,95.96885403220628
2025-03-02,Music_core1,Music,130.1454198451883
2025-03-16,Music_core1,Music,164.0330710738331
2025-03-30,Music_core1,Music,152.37941888054135
2025-04-13,Music_core1,Music,112.73650441503784
2025-04-27,Music_core1,Music,100.61258933003765
2025-05-11,Music_core1,Music,134.87890546102736
2025-05-25,Music_core1,Music,169.00044129652554
2025-06-08,Music_core1,Music,157.69956354991467
2025-06-22,Music_core1,Music,118.04627364553643
2025-07-06,Music_core1,Music,105.3927620553933
2024-01-07,Music_core2,Music,124.75600317853099
2024-01-21,Music_core2,Music,135.23107008674202
2024-02-04,Music_core2,Music,111.03477416121451
2024-02-18,Music_core2,Music,78.38697419734575
2024-03-03,Music_core2,Music,69.87387802143854
2024-03-17,Music_core2,Music,96.06982555057407
2024-03-31,Music_core2,Music,130.6925940620278
2024-04-14,Music_core2,Music,141.10312291882136
2024-04-28,Music_core2,Music,117.41488239405771
2024-05-12,Music_core2,Music,85.0281317510764
2024-05-26,Music_core2,Music,76.36648603184668
2024-06-09,Music_core2,Music,102.03907231638637
2024-06-23,Music_core2,Music,136.80705263200235
2024-07-07,Music_core2,Music,146.7014540322742
2024-07-21,Music_core2,Music,123.1602117316268
2024-08-04,Music_core2,Music,90.16264223542922
2024-08-18,Music_core2,Music,82.24313437276349
2024-09-01,Music_core2,Music,108.33661268209421
2024-09-15,Music_core2,Music,142.44677457194527
2024-09-29,Music_core2,Music,153.1493674884561
2024-10-13,Music_core2,Music,129.45380109879014
2024-10-27,Music_core2,Music,96.21584210037351
2024-11-10,Music_core2,Music,87.55603961018002
2024-11-24,Music_core2,Music,113.75898682528336
2024-12-08,Music_core2,Music,149.1378357054975
2024-12-22,Music_core2,Music,158.8005435014277
2025-01-05,Music_core2,Music,134.75887590889974
2025-01-19,Music_core2,Music,102.09983018210237
2025-02-02,Music_core2,Music,94.44478208783397
2025-02-16,Music_core2,Music,120.10535349187221
2025-03-02,Music_core2,Music,154.67705771177816
2025-03-16,Music_core2,Music,164.69735659657306
2025-03-30,Music_core2,Music,140.94113913387528
2025-04-13,Music_core2,Music,107.9745396031213
2025-04-27,Music_core2,Music,100.67720878672343
2025-05-11,Music_core2,Music,125.84463728064827
2025-05-25,Music_core2,Music,161.1138848977767
2025-06-08,Music_core2,Music,171.2637987356942
2025-06-22,Music_core2,Music,147.35815984803284
2025-07-06,Music_core2,Music,114.12177656465562
2024-01-07,Music_core3,Music,135.12111902710097
2024-01-21,Music_core3,Music,122.8148843831384
2024-02-04,Music_core3,Music,93.94065675330997
2024-02-18,Music_core3,Music,71.56339740793182
2024-03-03,Music_core3,Music,72.11237768606739
2024-03-17,Music_core3,Music,97.56807112806746
2024-03-31,Music_core3,Music,127.68275787586616
2024-04-14,Music_core3,Music,142.06034789676184
2024-04-28,Music_core3,Music,129.90712942651953
2024-05-12,Music_core3,Music,101.13409581941778
2024-05-26,Music_core3,Music,78.64209776385792
2024-06-09,Music_core3,Music,79.32361852642855
2024-06-23,Music_core3,Music,104.47315650076615
2024-07-07,Music_core3,Music,134.41834916098168
2024-07-21,Music_core3,Music,149.0379138738639
2024-08-04,Music_core3,Music,137.40382176477323
2024-08-18,Music_core3,Music,107.91166791414734
2024-09-01,Music_core3,Music,85.26276613225785
2024-09-15,Music_core3,Music,86.62026197831301
2024-09-29,Music_core3,Music,111.26564184611091
2024-10-13,Music_core3,Music,141.9273320948378
2024-10-27,Music_core3,Music,156.1467561390443
2024-11-10,Music_core3,Music,144.01255950562438
2024-11-24,Music_core3,Music,115.54467726411582
2024-12-08,Music_core3,Music,92.58903522049387
2024-12-22,Music_core3,Music,93.39371232702977
2025-01-05,Music_core3,Music,118.41353942188985
2025-01-19,Music_core3,Music,149.39210764552425
2025-02-02,Music_core3,Music,162.96020987608523
2025-02-16,Music_core3,Music,150.52978427365446
2025-03-02,Music_core3,Music,122.54389151231531
2025-03-16,Music_core3,Music,99.42997527422924
2025-03-30,Music_core3,Music,99.81428875961113
2025-04-13,Music_core3,Music,125.46599381467414
2025-04-27,Music_core3,Music,155.6615446092695
2025-05-11,Music_core3,Music,169.97284001530875
2025-05-25,Music_core3,Music,157.92173716422636
2025-06-08,Music_core3,Music,129.2689172154627
2025-06-22,Music_core3,Music,106.67892516855704
2025-07-06,Music_core3,Music,107.33544371224438
2024-01-07,Music_core4,Music,124.902669080982
2024-01-21,Music_core4,Music,100.92213599672482
2024-02-04,Music_core4,Music,77.47290580273709
2024-02-18,Music_core4,Music,68.18461024520391
2024-03-03,Music_core4,Music,78.97063104785745
2024-03-17,Music_core4,Music,105.3257946348525
2024-03-31,Music_core4,Music,130.58794830799496
2024-04-14,Music_core4,Music,142.24241733948435
2024-04-28,Music_core4,Music,132.8589235355496
2024-05-12,Music_core4,Music,109.55145510303855
2024-05-26,Music_core4,Music,85.18422286375926
2024-06-09,Music_core4,Music,75.89520496116454
2024-06-23,Music_core4,Music,87.2454367767045
2024-07-07,Music_core4,Music,112.90904606514971
2024-07-21,Music_core4,Music,138.98871991211178
2024-08-04,Music_core4,Music,149.51510681746902
2024-08-18,Music_core4,Music,140.43263261578528
2024-09-01,Music_core4,Music,116.67965912352626
2024-09-15,Music_core4,Music,93.5363549360629
2024-09-29,Music_core4,Music,84.51318401177458
2024-10-13,Music_core4,Music,95.21992789290955
2024-10-27,Music_core4,Music,120.94935348304297
2024-11-10,Music_core4,Music,146.76975299046305
2024-11-24,Music_core4,Music,158.34856349078245
2024-12-08,Music_core4,Music,148.470531401272
2024-12-22,Music_core4,Music,125.07151069482046
2025-01-05,Music_core4,Music,101.54382194740556
2025-01-19,Music_core4,Music,92.15032825098196
2025-02-02,Music_core4,Music,103.30813714345041
2025-02-16,Music_core4,Music,129.3003138277701
2025-03-02,Music_core4,Music,153.9377676536293
2025-03-16,Music_core4,Music,166.20336259585926
2025-03-30,Music_core4,Music,156.55251463659098
2025-04-13,Music_core4,Music,132.4508101309431
2025-04-27,Music_core4,Music,109.40462343832833
2025-05-11,Music_core4,Music,100.41209756354888
2025-05-25,Music_core4,Music,111.21002810408247
2025-06-08,Music_core4,Music,137.28586236416083
2025-06-22,Music_core4,Music,163.23242081892568
2025-07-06,Music_core4,Music,174.3944743360752
2024-01-07,Music_core5,Music,100.49198935881142
2024-01-21,Music_core5,Music,78.72507190829269
2024-02-04,Music_core5,Music,67.5543587362432
2024-02-18,Music_core5,Music,72.20852112397547
2024-03-03,Music_core5,Music,91.95547623716261
2024-03-17,Music_core5,Music,116.71773103780353
2024-03-31,Music_core5,Music,136.9621719477047
2024-04-14,Music_core5,Music,141.41550561169757
2024-04-28,Music_core5,Music,130.5345277810642
2024-05-12,Music_core5,Music,109.16544561281215
2024-05-26,Music_core5,Music,87.51551439488289
2024-06-09,Music_core5,Music,77.04024395670194
2024-06-23,Music_core5,Music,81.5023160590243
2024-07-07,Music_core5,Music,101.08767722017276
2024-07-21,Music_core5,Music,125.74796384068895
2024-08-04,Music_core5,Music,144.9148823790891
2024-08-18,Music_core5,Music,150.28474062815573
2024-09-01,Music_core5,Music,139.48645529991435
2024-09-15,Music_core5,Music,117.87120933264485
2024-09-29,Music_core5,Music,96.29470736700901
2024-10-13,Music_core5,Music,85.10983340547116
2024-10-27,Music_core5,Music,90.66417919575605
2024-11-10,Music_core5,Music,109.57787887139229
2024-11-24,Music_core5,Music,135.19872180550524
2024-12-08,Music_core5,Music,154.33562105833568
2024-12-22,Music_core5,Music,159.0310059055878
2025-01-05,Music_core5,Music,148.40480361591392
2025-01-19,Music_core5,Music,126.77435307832285
2025-02-02,Music_core5,Music,105.59818601409692
2025-02-16,Music_core5,Music,94.93386377837965
2025-03-02,Music_core5,Music,99.12655912665087
2025-03-16,Music_core5,Music,119.0638028073458
2025-03-30,Music_core5,Music,143.9226651777284
2025-04-13,Music_core5,Music,163.5122911553905
2025-04-27,Music_core5,Music,168.5322303438986
2025-05-11,Music_core5,Music,157.27197553950722
2025-05-25,Music_core5,Music,135.90428381930005
2025-06-08,Music_core5,Music,114.26362590393013
2025-06-22,Music_core5,Music,103.85453078615232
2025-07-06,Music_core5,Music,108.69550436214617
2024-01-07,Music_core6,Music,75.82161986419673
2024-01-21,Music_core6,Music,66.4127098350258
2024-02-04,Music_core6,Music,70.60224962333398
2024-02-18,Music_core6,Music,86.65621819133202
2024-03-03,Music_core6,Music,108.93426437353129
2024-03-17,Music_core6,Music,129.27349655862753
2024-03-31,Music_core6,Music,140.64922991613324
2024-04-14,Music_core6,Music,138.33784585356184
2024-04-28,Music_core6,Music,123.41531028027448
2024-05-12,Music_core6,Music,103.79330521781473
2024-05-26,Music_core6,Music,85.10634434296578
2024-06-09,Music_core6,Music,76.47494598276586
2024-06-23,Music_core6,Music,81.29843784188377
2024-07-07,Music_core6,Music,97.37938430387554
2024-07-21,Music_core6,Music,119.39464708203634
2024-08-04,Music_core6,Music,139.48137967390457
2024-08-18,Music_core6,Music,149.923547300431
2024-09-01,Music_core6,Music,147.96948235082016
2024-09-15,Music_core6,Music,133.82632841923584
2024-09-29,Music_core6,Music,113.22863986544655
2024-10-13,Music_core6,Music,95.21188556834315
2024-10-27,Music_core6,Music,86.45396364405781
2024-11-10,Music_core6,Music,90.74731485886466
2024-11-24,Music_core6,Music,106.91533173486883
2024-12-08,Music_core6,Music,129.5258026779981
2024-12-22,Music_core6,Music,149.88131953639999
2025-01-05,Music_core6,Music,160.24197219759697
2025-01-19,Music_core6,Music,158.60850806051675
2025-02-02,Music_core6,Music,143.86009105119885
2025-02-16,Music_core6,Music,123.53044861047536
2025-03-02,Music_core6,Music,105.4637269854478
2025-03-16,Music_core6,Music,96.50087291854923
2025-03-30,Music_core6,Music,101.10071264358109
2025-04-13,Music_core6,Music,117.19646975867641
2025-04-27,Music_core6,Music,139.29147506401594
2025-05-11,Music_core6,Music,159.857188399091
2025-05-25,Music_core6,Music,170.2259740586336
2025-06-08,Music_core6,Music,168.21779625832585
2025-06-22,Music_core6,Music,153.8796984936908
2025-07-06,Music_core6,Music,133.46235866641015
2024-01-07,Music_core7,Music,64.96143874656832
2024-01-21,Music_core7,Music,70.99157163725936
2024-02-04,Music_core7,Music,87.29585707261168
2024-02-18,Music_core7,Music,108.0088728099073
2024-03-03,Music_core7,Music,126.9680826056842
2024-03-17,Music_core7,Music,138.2739515342296
2024-03-31,Music_core7,Music,139.96196642876683
2024-04-14,Music_core7,Music,129.66027323362064
2024-04-28,Music_core7,Music,113.27185649972304
2024-05-12,Music_core7,Music,94.58863285349553
2024-05-26,Music_core7,Music,80.36225815795552
2024-06-09,Music_core7,Music,76.53259326778286
2024-06-23,Music_core7,Music,82.1980353013817
2024-07-07,Music_core7,Music,98.736220797017
2024-07-21,Music_core7,Music,119.28119403497789
2024-08-04,Music_core7,Music,137.71893962536194
2024-08-18,Music_core7,Music,149.9999936665267
2024-09-01,Music_core7,Music,150.5072401221277
2024-09-15,Music_core7,Music,141.00673377686894
2024-09-29,Music_core7,Music,124.05911589119638
2024-10-13,Music_core7,Music,105.42018192249287
2024-10-27,Music_core7,Music,91.79936883285656
2024-11-10,Music_core7,Music,87.23804661616566
2024-11-24,Music_core7,Music,93.03156675893722
2024-12-08,Music_core7,Music,109.85177661779731
2024-12-22,Music_core7,Music,129.48227174315429
2025-01-05,Music_core7,Music,149.22988954938745
2025-01-19,Music_core7,Music,160.92026561755569
2025-02-02,Music_core7,Music,161.25496414744285
2025-02-16,Music_core7,Music,151.79688140169864
2025-03-02,Music_core7,Music,134.6493079390194
2025-03-16,Music_core7,Music,116.39599823584743
2025-03-30,Music_core7,Music,102.46371606565292
2025-04-13,Music_core7,Music,98.2338981596808
2025-04-27,Music_core7,Music,104.94921897474455
2025-05-11,Music_core7,Music,120.87917968817086
2025-05-25,Music_core7,Music,140.81236893159146
2025-06-08,Music_core7,Music,159.8573591259617
2025-06-22,Music_core7,Music,171.07722261884112
2025-07-06,Music_core7,Music,172.3404930565586
2024-01-07,Music_core8,Music,75.54071814840007
2024-01-21,Music_core8,Music,92.42600826847624
2024-02-04,Music_core8,Music,110.68836191702422
2024-02-18,Music_core8,Music,127.57099806378329
2024-03-03,Music_core8,Music,137.79948219302972
2024-03-17,Music_core8,Music,138.89145226776327
2024-03-31,Music_core8,Music,130.5058562855527
2024-04-14,Music_core8,Music,116.18588489192746
2024-04-28,Music_core8,Music,98.79918161729053
2024-05-12,Music_core8,Music,84.24692697720734
2024-05-26,Music_core8,Music,76.35648135428372
2024-06-09,Music_core8,Music,77.19452276082589
2024-06-23,Music_core8,Music,87.12034689131283
2024-07-07,Music_core8,Music,103.90845048023402
2024-07-21,Music_core8,Music,123.03215769082661
2024-08-04,Music_core8,Music,139.6377340325645
2024-08-18,Music_core8,Music,149.72976510131727
2024-09-01,Music_core8,Music,151.2869980712688
2024-09-15,Music_core8,Music,142.91701317591156
2024-09-29,Music_core8,Music,127.97002248317953
2024-10-13,Music_core8,Music,111.15041974276497
2024-10-27,Music_core8,Music,96.15111681154403
2024-11-10,Music_core8,Music,88.5445334711586
2024-11-24,Music_core8,Music,89.30348873754204
2024-12-08,Music_core8,Music,99.21907201526952
2024-12-22,Music_core8,Music,116.07564849915491
2025-01-05,Music_core8,Music,134.58740373296772
2025-01-19,Music_core8,Music,151.41070710085623
2025-02-02,Music_core8,Music,161.44922641819767
2025-02-16,Music_core8,Music,162.85028684854652
2025-03-02,Music_core8,Music,155.26849184137473
2025-03-16,Music_core8,Music,140.7280566224461
2025-03-30,Music_core8,Music,123.13274875184409
2025-04-13,Music_core8,Music,108.40151600095417
2025-04-27,Music_core8,Music,99.6522787596368
2025-05-11,Music_core8,Music,101.0297939399624
2025-05-25,Music_core8,Music,111.01492753289833
2025-06-08,Music_core8,Music,127.75507914193635
2025-06-22,Music_core8,Music,147.0082234330127
2025-07-06,Music_core8,Music,163.60711016821995
2024-01-07,Music_noise1,Music,0.0
2024-01-21,Music_noise1,Music,11.218653841763008
2024-02-04,Music_noise1,Music,0.0
2024-02-18,Music_noise1,Music,3.5887029616672432
2024-03-03,Music_noise1,Music,31.111240046249602
2024-03-17,Music_noise1,Music,0.0
2024-03-31,Music_noise1,Music,0.0
2024-04-14,Music_noise1,Music,0.0
2024-04-28,Music_noise1,Music,16.514394524978567
2024-05-12,Music_noise1,Music,29.37521181330891
2024-05-26,Music_noise1,Music,0.0
2024-06-09,Music_noise1,Music,7.450488348547825
2024-06-23,Music_noise1,Music,0.0
2024-07-07,Music_noise1,Music,0.0
2024-07-21,Music_noise1,Music,39.66515020525552
2024-08-04,Music_noise1,Music,0.0
2024-08-18,Music_noise1,Music,3.806094922418602
2024-09-01,Music_noise1,Music,7.015397576481497
2024-09-15,Music_noise1,Music,16.286794874090205
2024-09-29,Music_noise1,Music,1.4697473020634315
2024-10-13,Music_noise1,Music,4.620758092561535
2024-10-27,Music_noise1,Music,0.0
2024-11-10,Music_noise1,Music,4.03690411867661
2024-11-24,Music_noise1,Music,0.0
2024-12-08,Music_noise1,Music,9.323578347840762
2024-12-22,Music_noise1,Music,0.0
2025-01-05,Music_noise1,Music,5.656505908532797
2025-01-19,Music_noise1,Music,0.0
2025-02-02,Music_noise1,Music,16.890753761582523
2025-02-16,Music_noise1,Music,0.0
2025-03-02,Music_noise1,Music,0.0
2025-03-16,Music_noise1,Music,18.928822510709875
2025-03-30,Music_noise1,Music,0.0
2025-04-13,Music_noise1,Music,0.0
2025-04-27,Music_noise1,Music,0.0
2025-05-11,Music_noise1,Music,20.61657139756226
2025-05-25,Music_noise1,Music,0.0
2025-06-08,Music_noise1,Music,47.066228004899905
2025-06-22,Music_noise1,Music,15.840852135990778
2025-07-06,Music_noise1,Music,3.348583711937395
2024-01-07,Music_noise2,Music,0.0
2024-01-21,Music_noise2,Music,4.283311122864854
2024-02-04,Music_noise2,Music,7.816836425690075
2024-02-18,Music_noise2,Music,9.678233789250855
2024-03-03,Music_noise2,Music,8.334066990051728
2024-03-17,Music_noise2,Music,1.3437102188287322
2024-03-31,Music_noise2,Music,0.0
2024-04-14,Music_noise2,Music,0.0
2024-04-28,Music_noise2,Music,0.0
2024-05-12,Music_noise2,Music,17.00655145300597
2024-05-26,Music_noise2,Music,8.903350834212928
2024-06-09,Music_noise2,Music,0.0
2024-06-23,Music_noise2,Music,9.838511647946415
2024-07-07,Music_noise2,Music,2.921042920781623
2024-07-21,Music_noise2,Music,0.0
2024-08-04,Music_noise2,Music,0.0
2024-08-18,Music_noise2,Music,16.861690799790203
2024-09-01,Music_noise2,Music,14.212896931842868
2024-09-15,Music_noise2,Music,0.0
2024-09-29,Music_noise2,Music,6.105784306868027
2024-10-13,Music_noise2,Music,0.0
2024-10-27,Music_noise2,Music,0.0
2024-11-10,Music_noise2,Music,0.0
2024-11-24,Music_noise2,Music,12.93590208574138
2024-12-08,Music_noise2,Music,14.2968756806413
2024-12-22,Music_noise2,Music,7.696281301459394
2025-01-05,Music_noise2,Music,10.876436802719956
2025-01-19,Music_noise2,Music,7.742674306724376
2025-02-02,Music_noise2,Music,0.0
2025-02-16,Music_noise2,Music,6.47883817010911
2025-03-02,Music_noise2,Music,12.006142878415234
2025-03-16,Music_noise2,Music,11.314369947203614
2025-03-30,Music_noise2,Music,17.833700572119643
2025-04-13,Music_noise2,Music,10.624557708015956
2025-04-27,Music_noise2,Music,5.271723113123744
2025-05-11,Music_noise2,Music,16.052253574746413
2025-05-25,Music_noise2,Music,0.0
2025-06-08,Music_noise2,Music,0.0
2025-06-22,Music_noise2,Music,0.0
2025-07-06,Music_noise2,Music,0.0
2024-01-07,Music_noise3,Music,0.0
2024-01-21,Music_noise3,Music,0.0
2024-02-04,Music_noise3,Music,0.0
2024-02-18,Music_noise3,Music,0.0
2024-03-03,Music_noise3,Music,0.0
2024-03-17,Music_noise3,Music,3.1994056105940785
2024-03-31,Music_noise3,Music,0.01808213043336355
2024-04-14,Music_noise3,Music,0.0
2024-04-28,Music_noise3,Music,9.888685026486076
2024-05-12,Music_noise3,Music,14.063552064398376
2024-05-26,Music_noise3,Music,0.0
2024-06-09,Music_noise3,Music,0.0
2024-06-23,Music_noise3,Music,0.0
2024-07-07,Music_noise3,Music,0.0
2024-07-21,Music_noise3,Music,12.442122628976227
2024-08-04,Music_noise3,Music,0.0
2024-08-18,Music_noise3,Music,0.0
2024-09-01,Music_noise3,Music,0.0
2024-09-15,Music_noise3,Music,9.531270453138395
2024-09-29,Music_noise3,Music,0.0
2024-10-13,Music_noise3,Music,0.8989894539949238
2024-10-27,Music_noise3,Music,4.1606540693728755
2024-11-10,Music_noise3,Music,20.409878937579766
2024-11-24,Music_noise3,Music,0.0
2024-12-08,Music_noise3,Music,0.0
2024-12-22,Music_noise3,Music,2.757743171305423
2025-01-05,Music_noise3,Music,27.007667722662806
2025-01-19,Music_noise3,Music,18.58419529409156
2025-02-02,Music_noise3,Music,3.144891229119387
2025-02-16,Music_noise3,Music,0.0
2025-03-02,Music_noise3,Music,12.106838949559656
2025-03-16,Music_noise3,Music,0.0
2025-03-30,Music_noise3,Music,7.145366540343289
2025-04-13,Music_noise3,Music,7.582052387499402
2025-04-27,Music_noise3,Music,15.903148612483196
2025-05-11,Music_noise3,Music,41.394900583666164
2025-05-25,Music_noise3,Music,5.8862395076815055
2025-06-08,Music_noise3,Music,0.0
2025-06-22,Music_noise3,Music,0.0
2025-07-06,Music_noise3,Music,0.0
2024-01-07,Music_noise4,Music,0.0
2024-01-21,Music_noise4,Music,0.0
2024-02-04,Music_noise4,Music,0.0
2024-02-18,Music_noise4,Music,2.28532308050583
2024-03-03,Music_noise4,Music,0.0
2024-03-17,Music_noise4,Music,16.81546000986707
2024-03-31,Music_noise4,Music,0.003105973772956408
2024-04-14,Music_noise4,Music,0.0
2024-04-28,Music_noise4,Music,0.0
2024-05-12,Music_noise4,Music,2.327860257884687
2024-05-26,Music_noise4,Music,12.376473970014521
2024-06-09,Music_noise4,Music,0.0
2024-06-23,Music_noise4,Music,0.0
2024-07-07,Music_noise4,Music,0.0
2024-07-21,Music_noise4,Music,0.0
2024-08-04,Music_noise4,Music,0.0
2024-08-18,Music_noise4,Music,0.0
2024-09-01,Music_noise4,Music,13.115837710690913
2024-09-15,Music_noise4,Music,3.9384199350288744
2024-09-29,Music_noise4,Music,2.9038486705131654
2024-10-13,Music_noise4,Music,12.763469432519583
2024-10-27,Music_noise4,Music,0.0
2024-11-10,Music_noise4,Music,5.856972748933344
2024-11-24,Music_noise4,Music,0.0
2024-12-08,Music_noise4,Music,3.9804352409944266
2024-12-22,Music_noise4,Music,0.0
2025-01-05,Music_noise4,Music,0.0
2025-01-19,Music_noise4,Music,0.0
2025-02-02,Music_noise4,Music,21.3412220414991
2025-02-16,Music_noise4,Music,13.893231033623886
2025-03-02,Music_noise4,Music,14.480962268867561
2025-03-16,Music_noise4,Music,18.541960827093266
2025-03-30,Music_noise4,Music,1.3298638644215615
2025-04-13,Music_noise4,Music,2.959735611083934
2025-04-27,Music_noise4,Music,0.0
2025-05-11,Music_noise4,Music,0.0
2025-05-25,Music_noise4,Music,9.236567246567123
2025-06-08,Music_noise4,Music,18.058266557532242
2025-06-22,Music_noise4,Music,0.0
2025-07-06,Music_noise4,Music,0.0
2024-01-07,Music_noise5,Music,0.007919382848959391
2024-01-21,Music_noise5,Music,9.018101233936722
2024-02-04,Music_noise5,Music,0.0
2024-02-18,Music_noise5,Music,0.0
2024-03-03,Music_noise5,Music,0.0
2024-03-17,Music_noise5,Music,0.0
2024-03-31,Music_noise5,Music,0.0
2024-04-14,Music_noise5,Music,0.0
2024-04-28,Music_noise5,Music,0.0
2024-05-12,Music_noise5,Music,21.78701301706118
2024-05-26,Music_noise5,Music,4.901171469034801
2024-06-09,Music_noise5,Music,4.507115394162425
2024-06-23,Music_noise5,Music,9.333107160651029
2024-07-07,Music_noise5,Music,0.0
2024-07-21,Music_noise5,Music,15.58667681130403
2024-08-04,Music_noise5,Music,0.0
2024-08-18,Music_noise5,Music,10.057209258618188
2024-09-01,Music_noise5,Music,0.0
2024-09-15,Music_noise5,Music,0.0
2024-09-29,Music_noise5,Music,12.26834487037543
2024-10-13,Music_noise5,Music,5.646142891462749
2024-10-27,Music_noise5,Music,0.0
2024-11-10,Music_noise5,Music,0.0
2024-11-24,Music_noise5,Music,16.881521766221542
2024-12-08,Music_noise5,Music,0.0
2024-12-22,Music_noise5,Music,24.64009429883945
2025-01-05,Music_noise5,Music,0.0
2025-01-19,Music_noise5,Music,9.575878884125745
2025-02-02,Music_noise5,Music,0.0
2025-02-16,Music_noise5,Music,9.047811466235146
2025-03-02,Music_noise5,Music,0.0
2025-03-16,Music_noise5,Music,0.0
2025-03-30,Music_noise5,Music,0.613787630935817
2025-04-13,Music_noise5,Music,0.0
2025-04-27,Music_noise5,Music,11.112365181301888
2025-05-11,Music_noise5,Music,0.0
2025-05-25,Music_noise5,Music,0.0
2025-06-08,Music_noise5,Music,0.0
2025-06-22,Music_noise5,Music,0.0
2025-07-06,Music_noise5,Music,0.0
2024-01-07,Music_noise6,Music,36.18923132419374
2024-01-21,Music_noise6,Music,11.769064318470358
2024-02-04,Music_noise6,Music,0.0
2024-02-18,Music_noise6,Music,0.0
2024-03-03,Music_noise6,Music,0.3369883921806957
2024-03-17,Music_noise6,Music,8.206786727628149
2024-03-31,Music_noise6,Music,0.0
2024-04-14,Music_noise6,Music,16.71482542003308
2024-04-28,Music_noise6,Music,10.730719731618661
2024-05-12,Music_noise6,Music,10.772785885619017
2024-05-26,Music_noise6,Music,6.577136082145909
2024-06-09,Music_noise6,Music,0.29424986540984854
2024-06-23,Music_noise6,Music,10.092918539502298
2024-07-07,Music_noise6,Music,8.87721200612067
2024-07-21,Music_noise6,Music,0.0
2024-08-04,Music_noise6,Music,0.0
2024-08-18,Music_noise6,Music,1.5278444289298005
2024-09-01,Music_noise6,Music,23.23530227242781
2024-09-15,Music_noise6,Music,0.0
2024-09-29,Music_noise6,Music,0.0
2024-10-13,Music_noise6,Music,2.471412618547751
2024-10-27,Music_noise6,Music,0.7633155278402709
2024-11-10,Music_noise6,Music,2.600124965556123
2024-11-24,Music_noise6,Music,3.659297968627504
2024-12-08,Music_noise6,Music,0.0
2024-12-22,Music_noise6,Music,22.347951579031232
2025-01-05,Music_noise6,Music,0.0
2025-01-19,Music_noise6,Music,0.0
2025-02-02,Music_noise6,Music,0.0
2025-02-16,Music_noise6,Music,0.0
2025-03-02,Music_noise6,Music,0.0
2025-03-16,Music_noise6,Music,24.922052485920272
2025-03-30,Music_noise6,Music,0.3132973244394268
2025-04-13,Music_noise6,Music,3.4605135857802525
2025-04-27,Music_noise6,Music,0.0
2025-05-11,Music_noise6,Music,0.0
2025-05-25,Music_noise6,Music,0.0
2025-06-08,Music_noise6,Music,0.0
2025-06-22,Music_noise6,Music,19.22465692505653
2025-07-06,Music_noise6,Music,8.365365910876868
2024-01-07,Music_noise7,Music,0.0
2024-01-21,Music_noise7,Music,3.6975716764800732
2024-02-04,Music_noise7,Music,7.473326227451777
2024-02-18,Music_noise7,Music,17.102235577819
2024-03-03,Music_noise7,Music,23.708110298525604
2024-03-17,Music_noise7,Music,0.0
2024-03-31,Music_noise7,Music,0.0
2024-04-14,Music_noise7,Music,0.0
2024-04-28,Music_noise7,Music,0.0
2024-05-12,Music_noise7,Music,6.995375616695017
2024-05-26,Music_noise7,Music,14.810017748836529
2024-06-09,Music_noise7,Music,0.0
2024-06-23,Music_noise7,Music,0.0
2024-07-07,Music_noise7,Music,2.2763698837311055
2024-07-21,Music_noise7,Music,0.0
2024-08-04,Music_noise7,Music,31.343080825421602
2024-08-18,Music_noise7,Music,0.0
2024-09-01,Music_noise7,Music,2.771108683435867
2024-09-15,Music_noise7,Music,30.35409328844459
2024-09-29,Music_noise7,Music,0.10199766839996653
2024-10-13,Music_noise7,Music,0.0
2024-10-27,Music_noise7,Music,0.0
2024-11-10,Music_noise7,Music,0.0
2024-11-24,Music_noise7,Music,20.592727120147952
2024-12-08,Music_noise7,Music,0.0
2024-12-22,Music_noise7,Music,23.001505519444883
2025-01-05,Music_noise7,Music,0.0
2025-01-19,Music_noise7,Music,0.0
2025-02-02,Music_noise7,Music,0.0
2025-02-16,Music_noise7,Music,8.828299046560796
2025-03-02,Music_noise7,Music,0.0
2025-03-16,Music_noise7,Music,6.932589991229142
2025-03-30,Music_noise7,Music,30.364644349302786
2025-04-13,Music_noise7,Music,0.0
2025-04-27,Music_noise7,Music,2.845592514155935
2025-05-11,Music_noise7,Music,0.0
2025-05-25,Music_noise7,Music,6.388308092895537
2025-06-08,Music_noise7,Music,0.28721666123628087
2025-06-22,Music_noise7,Music,0.0
2025-07-06,Music_noise7,Music,7.31808427306611
2024-01-07,Music_noise8,Music,27.065221646801145
2024-01-21,Music_noise8,Music,0.0
2024-02-04,Music_noise8,Music,10.796369132222729
2024-02-18,Music_noise8,Music,0.0
2024-03-03,Music_noise8,Music,0.0
2024-03-17,Music_noise8,Music,7.08609416820566
2024-03-31,Music_noise8,Music,22.261740428039474
2024-04-14,Music_noise8,Music,5.3342002317849
2024-04-28,Music_noise8,Music,0.0
2024-05-12,Music_noise8,Music,0.0
2024-05-26,Music_noise8,Music,0.0
2024-06-09,Music_noise8,Music,9.067729895330501
2024-06-23,Music_noise8,Music,13.234995934851137
2024-07-07,Music_noise8,Music,0.0
2024-07-21,Music_noise8,Music,0.0
2024-08-04,Music_noise8,Music,3.9881734447807276
2024-08-18,Music_noise8,Music,0.0
2024-09-01,Music_noise8,Music,0.0
2024-09-15,Music_noise8,Music,31.49582683749773
2024-09-29,Music_noise8,Music,0.0
2024-10-13,Music_noise8,Music,0.0
2024-10-27,Music_noise8,Music,0.0
2024-11-10,Music_noise8,Music,11.162879572499051
2024-11-24,Music_noise8,Music,0.0
2024-12-08,Music_noise8,Music,0.0
2024-12-22,Music_noise8,Music,19.81956048409518
2025-01-05,Music_noise8,Music,21.29404506770456
2025-01-19,Music_noise8,Music,0.0
2025-02-02,Music_noise8,Music,0.0
2025-02-16,Music_noise8,Music,15.112705347553831
2025-03-02,Music_noise8,Music,0.0
2025-03-16,Music_noise8,Music,11.859383987441529
2025-03-30,Music_noise8,Music,0.0
2025-04-13,Music_noise8,Music,13.388960074489638
2025-04-27,Music_noise8,Music,0.0
2025-05-11,Music_noise8,Music,10.961461785997868
2025-05-25,Music_noise8,Music,0.21409601754651159
2025-06-08,Music_noise8,Music,0.0
2025-06-22,Music_noise8,Music,0.0
2025-07-06,Music_noise8,Music,10.294776854350513
2024-01-07,Music_noise9,Music,1.5884167967285137
2024-01-21,Music_noise9,Music,8.766194707087264
2024-02-04,Music_noise9,Music,29.646608767732282
2024-02-18,Music_noise9,Music,0.0
2024-03-03,Music_noise9,Music,24.25818862452936
2024-03-17,Music_noise9,Music,1.565339062848194
2024-03-31,Music_noise9,Music,0.0
2024-04-14,Music_noise9,Music,0.0
2024-04-28,Music_noise9,Music,0.0
2024-05-12,Music_noise9,Music,13.82475167886689
2024-05-26,Music_noise9,Music,0.0
2024-06-09,Music_noise9,Music,22.667323953710213
2024-06-23,Music_noise9,Music,0.0
2024-07-07,Music_noise9,Music,0.0
2024-07-21,Music_noise9,Music,0.0
2024-08-04,Music_noise9,Music,5.454478239374518
2024-08-18,Music_noise9,Music,13.303310851459505
2024-09-01,Music_noise9,Music,0.0
2024-09-15,Music_noise9,Music,0.0
2024-09-29,Music_noise9,Music,2.984222201947418
2024-10-13,Music_noise9,Music,6.5510782760026425
2024-10-27,Music_noise9,Music,6.0644213244254646
2024-11-10,Music_noise9,Music,18.536732877332312
2024-11-24,Music_noise9,Music,0.0
2024-12-08,Music_noise9,Music,10.20324158175674
2024-12-22,Music_noise9,Music,17.887612687169625
2025-01-05,Music_noise9,Music,0.0
2025-01-19,Music_noise9,Music,4.7947773887846585
2025-02-02,Music_noise9,Music,0.0
2025-02-16,Music_noise9,Music,0.0
2025-03-02,Music_noise9,Music,5.215147253075045
2025-03-16,Music_noise9,Music,0.0
2025-03-30,Music_noise9,Music,0.0
2025-04-13,Music_noise9,Music,0.512286262320369
2025-04-27,Music_noise9,Music,0.0
2025-05-11,Music_noise9,Music,0.0
2025-05-25,Music_noise9,Music,10.19059924434755
2025-06-08,Music_noise9,Music,0.0
2025-06-22,Music_noise9,Music,9.994687513638178
2025-07-06,Music_noise9,Music,6.938869392809267
2024-01-07,Music_noise10,Music,0.0
2024-01-21,Music_noise10,Music,0.0
2024-02-04,Music_noise10,Music,17.91164104571059
2024-02-18,Music_noise10,Music,0.0
2024-03-03,Music_noise10,Music,0.0
2024-03-17,Music_noise10,Music,6.930913398778447
2024-03-31,Music_noise10,Music,11.750857639238932
2024-04-14,Music_noise10,Music,0.0
2024-04-28,Music_noise10,Music,0.0
2024-05-12,Music_noise10,Music,21.335547925477616
2024-05-26,Music_noise10,Music,26.083494956963683
2024-06-09,Music_noise10,Music,14.682870761726932
2024-06-23,Music_noise10,Music,1.2797721384753609
2024-07-07,Music_noise10,Music,0.0
2024-07-21,Music_noise10,Music,0.0
2024-08-04,Music_noise10,Music,7.8377115789863625
2024-08-18,Music_noise10,Music,6.2759733133302555
2024-09-01,Music_noise10,Music,21.023978894196443
2024-09-15,Music_noise10,Music,9.756751388042087
2024-09-29,Music_noise10,Music,0.0
2024-10-13,Music_noise10,Music,15.779214265843779
2024-10-27,Music_noise10,Music,0.0
2024-11-10,Music_noise10,Music,0.0
2024-11-24,Music_noise10,Music,3.7530030937754173
2024-12-08,Music_noise10,Music,29.935012346759464
2024-12-22,Music_noise10,Music,46.64877834008041
2025-01-05,Music_noise10,Music,9.100845887042741
2025-01-19,Music_noise10,Music,0.0
2025-02-02,Music_noise10,Music,8.017584727208254
2025-02-16,Music_noise10,Music,13.31483138810754
2025-03-02,Music_noise10,Music,0.0
2025-03-16,Music_noise10,Music,26.928170338684833
2025-03-30,Music_noise10,Music,3.451061387871031
2025-04-13,Music_noise10,Music,7.4661463363709135
2025-04-27,Music_noise10,Music,9.98886378081692
2025-05-11,Music_noise10,Music,6.323799159216835
2025-05-25,Music_noise10,Music,12.584107507044184
2025-06-08,Music_noise10,Music,0.0
2025-06-22,Music_noise10,Music,0.0
2025-07-06,Music_noise10,Music,0.0
2024-01-07,Music_noise11,Music,6.592518459303395
2024-01-21,Music_noise11,Music,11.684047552681712
2024-02-04,Music_noise11,Music,6.866592992278287
2024-02-18,Music_noise11,Music,25.11738650021306
2024-03-03,Music_noise11,Music,0.0
2024-03-17,Music_noise11,Music,10.03112483388769
2024-03-31,Music_noise11,Music,0.0
2024-04-14,Music_noise11,Music,0.0
2024-04-28,Music_noise11,Music,10.433066363486663
2024-05-12,Music_noise11,Music,12.73653166114716
2024-05-26,Music_noise11,Music,0.0
2024-06-09,Music_noise11,Music,0.0
2024-06-23,Music_noise11,Music,0.0
2024-07-07,Music_noise11,Music,0.0
2024-07-21,Music_noise11,Music,13.355747452796793
2024-08-04,Music_noise11,Music,8.628075241598495
2024-08-18,Music_noise11,Music,7.509985820718145
2024-09-01,Music_noise11,Music,0.7466053077144011
2024-09-15,Music_noise11,Music,0.10594737942264677
2024-09-29,Music_noise11,Music,0.0
2024-10-13,Music_noise11,Music,10.482426303038022
2024-10-27,Music_noise11,Music,6.314594165840847
2024-11-10,Music_noise11,Music,7.380282719891989
2024-11-24,Music_noise11,Music,0.0
2024-12-08,Music_noise11,Music,0.0
2024-12-22,Music_noise11,Music,16.457290676305433
2025-01-05,Music_noise11,Music,0.0
2025-01-19,Music_noise11,Music,0.0
2025-02-02,Music_noise11,Music,10.402183678709905
2025-02-16,Music_noise11,Music,0.0
2025-03-02,Music_noise11,Music,15.899045760699327
2025-03-16,Music_noise11,Music,9.255089243650463
2025-03-30,Music_noise11,Music,10.253539848007163
2025-04-13,Music_noise11,Music,0.0
2025-04-27,Music_noise11,Music,18.179159780796006
2025-05-11,Music_noise11,Music,3.918757968507841
2025-05-25,Music_noise11,Music,0.0
2025-06-08,Music_noise11,Music,2.1508270101337663
2025-06-22,Music_noise11,Music,0.0
2025-07-06,Music_noise11,Music,6.129792172210062
2024-01-07,Music_noise12,Music,0.0
2024-01-21,Music_noise12,Music,0.0
2024-02-04,Music_noise12,Music,0.0
2024-02-18,Music_noise12,Music,16.690325624848878
2024-03-03,Music_noise12,Music,0.0
2024-03-17,Music_noise12,Music,23.00591564874749
2024-03-31,Music_noise12,Music,0.0
2024-04-14,Music_noise12,Music,0.0
2024-04-28,Music_noise12,Music,0.0
2024-05-12,Music_noise12,Music,18.53717430010408
2024-05-26,Music_noise12,Music,0.0
2024-06-09,Music_noise12,Music,0.0
2024-06-23,Music_noise12,Music,2.4002733877918154
2024-07-07,Music_noise12,Music,7.526741042513175
2024-07-21,Music_noise12,Music,16.76098223853691
2024-08-04,Music_noise12,Music,21.727488448393892
2024-08-18,Music_noise12,Music,0.0
2024-09-01,Music_noise12,Music,0.0
2024-09-15,Music_noise12,Music,0.0
2024-09-29,Music_noise12,Music,3.9042075987432923
2024-10-13,Music_noise12,Music,0.0
2024-10-27,Music_noise12,Music,0.0
2024-11-10,Music_noise12,Music,5.1568182232482815
2024-11-24,Music_noise12,Music,0.0
2024-12-08,Music_noise12,Music,0.4919549311737976
2024-12-22,Music_noise12,Music,0.0
2025-01-05,Music_noise12,Music,0.0
2025-01-19,Music_noise12,Music,0.0
2025-02-02,Music_noise12,Music,13.352976166871802
2025-02-16,Music_noise12,Music,15.528740020856288
2025-03-02,Music_noise12,Music,0.0
2025-03-16,Music_noise12,Music,0.0
2025-03-30,Music_noise12,Music,0.0
2025-04-13,Music_noise12,Music,0.0
2025-04-27,Music_noise12,Music,0.0
2025-05-11,Music_noise12,Music,0.0
2025-05-25,Music_noise12,Music,0.0
2025-06-08,Music_noise12,Music,0.0
2025-06-22,Music_noise12,Music,3.1090099409841594
2025-07-06,Music_noise12,Music,1.0401650555437563
2024-01-07,Music_noise13,Music,0.0
2024-01-21,Music_noise13,Music,2.65231308209097
2024-02-04,Music_noise13,Music,0.0
2024-02-18,Music_noise13,Music,0.0
2024-03-03,Music_noise13,Music,25.101781354478057
2024-03-17,Music_noise13,Music,20.106915776855217
2024-03-31,Music_noise13,Music,0.0
2024-04-14,Music_noise13,Music,12.445986268187617
2024-04-28,Music_noise13,Music,12.170948317373881
2024-05-12,Music_noise13,Music,0.0
2024-05-26,Music_noise13,Music,12.28166465632291
2024-06-09,Music_noise13,Music,23.068978776188292
2024-06-23,Music_noise13,Music,0.0
2024-07-07,Music_noise13,Music,0.0
2024-07-21,Music_noise13,Music,15.264922002652536
2024-08-04,Music_noise13,Music,4.07242966238472
2024-08-18,Music_noise13,Music,8.27214412859285
2024-09-01,Music_noise13,Music,5.108838246007451
2024-09-15,Music_noise13,Music,5.860438813922162
2024-09-29,Music_noise13,Music,0.0
2024-10-13,Music_noise13,Music,15.709765599321724
2024-10-27,Music_noise13,Music,17.543849886416602
2024-11-10,Music_noise13,Music,0.0
2024-11-24,Music_noise13,Music,0.0
2024-12-08,Music_noise13,Music,0.0
2024-12-22,Music_noise13,Music,7.713821340267523
2025-01-05,Music_noise13,Music,8.580861625712162
2025-01-19,Music_noise13,Music,0.0
2025-02-02,Music_noise13,Music,16.86530039805754
2025-02-16,Music_noise13,Music,0.0
2025-03-02,Music_noise13,Music,8.469088888404004
2025-03-16,Music_noise13,Music,0.0
2025-03-30,Music_noise13,Music,0.0
2025-04-13,Music_noise13,Music,0.0
2025-04-27,Music_noise13,Music,3.3796188306141235
2025-05-11,Music_noise13,Music,0.0
2025-05-25,Music_noise13,Music,0.0
2025-06-08,Music_noise13,Music,12.390707571622595
2025-06-22,Music_noise13,Music,0.0
2025-07-06,Music_noise13,Music,0.0
2024-01-07,Music_noise14,Music,26.24375856308131
2024-01-21,Music_noise14,Music,20.7218111803573
2024-02-04,Music_noise14,Music,0.0
2024-02-18,Music_noise14,Music,10.345617078677915
2024-03-03,Music_noise14,Music,0.0
2024-03-17,Music_noise14,Music,3.9523082299658934
2024-03-31,Music_noise14,Music,4.413361935202405
2024-04-14,Music_noise14,Music,0.0
2024-04-28,Music_noise14,Music,0.0
2024-05-12,Music_noise14,Music,0.0
2024-05-26,Music_noise14,Music,0.0
2024-06-09,Music_noise14,Music,0.0
2024-06-23,Music_noise14,Music,0.0
2024-07-07,Music_noise14,Music,0.0
2024-07-21,Music_noise14,Music,10.230780985689298
2024-08-04,Music_noise14,Music,22.30869233003891
2024-08-18,Music_noise14,Music,0.0
2024-09-01,Music_noise14,Music,3.591067508030656
2024-09-15,Music_noise14,Music,7.495276654544007
2024-09-29,Music_noise14,Music,7.080034063789116
2024-10-13,Music_noise14,Music,1.1393290187413112
2024-10-27,Music_noise14,Music,11.140236275395836
2024-11-10,Music_noise14,Music,7.233734290209858
2024-11-24,Music_noise14,Music,0.0
2024-12-08,Music_noise14,Music,13.037340965839098
2024-12-22,Music_noise14,Music,13.309362559001132
2025-01-05,Music_noise14,Music,0.0
2025-01-19,Music_noise14,Music,0.5690675317140305
2025-02-02,Music_noise14,Music,10.24993489216604
2025-02-16,Music_noise14,Music,0.0
2025-03-02,Music_noise14,Music,16.094670716490178
2025-03-16,Music_noise14,Music,35.458087419290415
2025-03-30,Music_noise14,Music,0.0
2025-04-13,Music_noise14,Music,0.0
2025-04-27,Music_noise14,Music,4.557278934073136
2025-05-11,Music_noise14,Music,10.823437576892152
2025-05-25,Music_noise14,Music,0.0
2025-06-08,Music_noise14,Music,21.798909949815513
2025-06-22,Music_noise14,Music,0.0
2025-07-06,Music_noise14,Music,10.393779345474167
2024-01-07,Music_noise15,Music,0.0
2024-01-21,Music_noise15,Music,25.79066859310945
2024-02-04,Music_noise15,Music,29.887730297521774
2024-02-18,Music_noise15,Music,0.0
2024-03-03,Music_noise15,Music,0.0
2024-03-17,Music_noise15,Music,12.893818304697028
2024-03-31,Music_noise15,Music,0.0
2024-04-14,Music_noise15,Music,0.0
2024-04-28,Music_noise15,Music,0.3808263081361527
2024-05-12,Music_noise15,Music,0.0
2024-05-26,Music_noise15,Music,0.0
2024-06-09,Music_noise15,Music,0.0
2024-06-23,Music_noise15,Music,0.0
2024-07-07,Music_noise15,Music,21.654480052032213
2024-07-21,Music_noise15,Music,0.0
2024-08-04,Music_noise15,Music,12.19807780121966
2024-08-18,Music_noise15,Music,0.0
2024-09-01,Music_noise15,Music,0.0
2024-09-15,Music_noise15,Music,11.85557844077567
2024-09-29,Music_noise15,Music,5.100769418533357
2024-10-13,Music_noise15,Music,8.559194958292965
2024-10-27,Music_noise15,Music,14.522769907992917
2024-11-10,Music_noise15,Music,0.0
2024-11-24,Music_noise15,Music,0.0
2024-12-08,Music_noise15,Music,0.0
2024-12-22,Music_noise15,Music,0.0
2025-01-05,Music_noise15,Music,44.23641637963088
2025-01-19,Music_noise15,Music,18.6701937110518
2025-02-02,Music_noise15,Music,0.0
2025-02-16,Music_noise15,Music,0.0
2025-03-02,Music_noise15,Music,7.227990925777372
2025-03-16,Music_noise15,Music,8.208971960669505
2025-03-30,Music_noise15,Music,8.233257529760467
2025-04-13,Music_noise15,Music,0.0
2025-04-27,Music_noise15,Music,0.0
2025-05-11,Music_noise15,Music,4.918192862390361
2025-05-25,Music_noise15,Music,1.2883950943999563
2025-06-08,Music_noise15,Music,0.0
2025-06-22,Music_noise15,Music,0.0
2025-07-06,Music_noise15,Music,0.0
2024-01-07,Music_noise16,Music,2.628171283627681
2024-01-21,Music_noise16,Music,44.77888503905115
2024-02-04,Music_noise16,Music,5.5122249821145655
2024-02-18,Music_noise16,Music,0.0
2024-03-03,Music_noise16,Music,13.827022529658782
2024-03-17,Music_noise16,Music,7.24031830813819
2024-03-31,Music_noise16,Music,6.301417356777619
2024-04-14,Music_noise16,Music,9.102758898235065
2024-04-28,Music_noise16,Music,30.84815347244312
2024-05-12,Music_noise16,Music,0.0
2024-05-26,Music_noise16,Music,7.104481152171817
2024-06-09,Music_noise16,Music,0.0
2024-06-23,Music_noise16,Music,8.332689695133725
2024-07-07,Music_noise16,Music,0.0
2024-07-21,Music_noise16,Music,0.0
2024-08-04,Music_noise16,Music,0.0
2024-08-18,Music_noise16,Music,14.637250790170636
2024-09-01,Music_noise16,Music,13.776816659136207
2024-09-15,Music_noise16,Music,0.0
2024-09-29,Music_noise16,Music,0.8240116649977309
2024-10-13,Music_noise16,Music,0.0
2024-10-27,Music_noise16,Music,0.0
2024-11-10,Music_noise16,Music,0.0
2024-11-24,Music_noise16,Music,0.0
2024-12-08,Music_noise16,Music,36.40074729518284
2024-12-22,Music_noise16,Music,6.494397380410442
2025-01-05,Music_noise16,Music,0.0
2025-01-19,Music_noise16,Music,0.0
2025-02-02,Music_noise16,Music,15.320749431440976
2025-02-16,Music_noise16,Music,31.326641593048876
2025-03-02,Music_noise16,Music,0.0
2025-03-16,Music_noise16,Music,0.0
2025-03-30,Music_noise16,Music,28.064477630576732
2025-04-13,Music_noise16,Music,5.844212660563558
2025-04-27,Music_noise16,Music,0.0
2025-05-11,Music_noise16,Music,8.019436291836529
2025-05-25,Music_noise16,Music,0.0
2025-06-08,Music_noise16,Music,0.05063259895741498
2025-06-22,Music_noise16,Music,4.917317592646279
2025-07-06,Music_noise16,Music,13.864052093067446
2024-01-07,Music_noise17,Music,0.0
2024-01-21,Music_noise17,Music,1.2853074210503856
2024-02-04,Music_noise17,Music,0.0
2024-02-18,Music_noise17,Music,3.8307563351147564
2024-03-03,Music_noise17,Music,0.0
2024-03-17,Music_noise17,Music,0.0
2024-03-31,Music_noise17,Music,0.0
2024-04-14,Music_noise17,Music,9.767043627354855
2024-04-28,Music_noise17,Music,12.87676674984998
2024-05-12,Music_noise17,Music,0.0
2024-05-26,Music_noise17,Music,0.5735699244004251
2024-06-09,Music_noise17,Music,0.0
2024-06-23,Music_noise17,Music,0.0
2024-07-07,Music_noise17,Music,0.0
2024-07-21,Music_noise17,Music,39.31189636544963
2024-08-04,Music_noise17,Music,0.0
2024-08-18,Music_noise17,Music,21.96265858128656
2024-09-01,Music_noise17,Music,14.95288160198712
2024-09-15,Music_noise17,Music,4.209546067352045
2024-09-29,Music_noise17,Music,26.379307262927
2024-10-13,Music_noise17,Music,5.581582089102943
2024-10-27,Music_noise17,Music,5.837387935018931
2024-11-10,Music_noise17,Music,0.0
2024-11-24,Music_noise17,Music,18.35353323627941
2024-12-08,Music_noise17,Music,16.447038507163256
2024-12-22,Music_noise17,Music,0.0
2025-01-05,Music_noise17,Music,0.0
2025-01-19,Music_noise17,Music,0.0
2025-02-02,Music_noise17,Music,0.0
2025-02-16,Music_noise17,Music,0.0
2025-03-02,Music_noise17,Music,18.561572020262087
2025-03-16,Music_noise17,Music,0.0
2025-03-30,Music_noise17,Music,0.0
2025-04-13,Music_noise17,Music,0.8703410221259283
2025-04-27,Music_noise17,Music,12.726463233079269
2025-05-11,Music_noise17,Music,0.0
2025-05-25,Music_noise17,Music,0.0
2025-06-08,Music_noise17,Music,3.1692553841920907
2025-06-22,Music_noise17,Music,18.00118434640292
2025-07-06,Music_noise17,Music,0.0
2024-01-07,Music_noise18,Music,0.0
2024-01-21,Music_noise18,Music,9.295671689492044
2024-02-04,Music_noise18,Music,0.0
2024-02-18,Music_noise18,Music,0.0
2024-03-03,Music_noise18,Music,0.0
2024-03-17,Music_noise18,Music,0.0
2024-03-31,Music_noise18,Music,0.0
2024-04-14,Music_noise18,Music,0.0
2024-04-28,Music_noise18,Music,13.455992953306982
2024-05-12,Music_noise18,Music,19.123125619180833
2024-05-26,Music_noise18,Music,9.772829870092586
2024-06-09,Music_noise18,Music,0.0
2024-06-23,Music_noise18,Music,0.0
2024-07-07,Music_noise18,Music,0.0
2024-07-21,Music_noise18,Music,8.981915843428654
2024-08-04,Music_noise18,Music,10.025107330771213
2024-08-18,Music_noise18,Music,0.0
2024-09-01,Music_noise18,Music,1.2299333462034063
2024-09-15,Music_noise18,Music,6.859206069228617
2024-09-29,Music_noise18,Music,21.8373348322015
2024-10-13,Music_noise18,Music,10.567598097370846
2024-10-27,Music_noise18,Music,11.835850310632784
2024-11-10,Music_noise18,Music,1.257399418940414
2024-11-24,Music_noise18,Music,21.156887178052557
2024-12-08,Music_noise18,Music,6.146441939392461
2024-12-22,Music_noise18,Music,0.0
2025-01-05,Music_noise18,Music,21.05054955187786
2025-01-19,Music_noise18,Music,10.468549088085414
2025-02-02,Music_noise18,Music,0.0
2025-02-16,Music_noise18,Music,0.0
2025-03-02,Music_noise18,Music,4.448633177111427
2025-03-16,Music_noise18,Music,6.94777192901377
2025-03-30,Music_noise18,Music,2.9593839844680967
2025-04-13,Music_noise18,Music,4.669630101643273
2025-04-27,Music_noise18,Music,25.499360618645706
2025-05-11,Music_noise18,Music,16.073147283523287
2025-05-25,Music_noise18,Music,2.859533868975365
2025-06-08,Music_noise18,Music,14.11965871151225
2025-06-22,Music_noise18,Music,0.0
2025-07-06,Music_noise18,Music,5.9689057492021345
2024-01-07,Music_noise19,Music,27.139595245996652
2024-01-21,Music_noise19,Music,0.0
2024-02-04,Music_noise19,Music,0.0
2024-02-18,Music_noise19,Music,0.0
2024-03-03,Music_noise19,Music,0.0
2024-03-17,Music_noise19,Music,0.0
2024-03-31,Music_noise19,Music,0.0
2024-04-14,Music_noise19,Music,0.0
2024-04-28,Music_noise19,Music,0.2342750092440457
2024-05-12,Music_noise19,Music,13.534157606799708
2024-05-26,Music_noise19,Music,0.0
2024-06-09,Music_noise19,Music,22.78925885462653
2024-06-23,Music_noise19,Music,7.661881327913921
2024-07-07,Music_noise19,Music,15.458708784360859
2024-07-21,Music_noise19,Music,0.0
2024-08-04,Music_noise19,Music,12.817878405999236
2024-08-18,Music_noise19,Music,0.0
2024-09-01,Music_noise19,Music,13.35371251254763
2024-09-15,Music_noise19,Music,2.577590096902968
2024-09-29,Music_noise19,Music,8.298768299771755
2024-10-13,Music_noise19,Music,0.0
2024-10-27,Music_noise19,Music,0.0
2024-11-10,Music_noise19,Music,8.958423273800772
2024-11-24,Music_noise19,Music,0.0
2024-12-08,Music_noise19,Music,6.948094381486846
2024-12-22,Music_noise19,Music,0.0
2025-01-05,Music_noise19,Music,12.722613190000022
2025-01-19,Music_noise19,Music,0.0
2025-02-02,Music_noise19,Music,8.284499065192849
2025-02-16,Music_noise19,Music,9.384464004690013
2025-03-02,Music_noise19,Music,0.0
2025-03-16,Music_noise19,Music,8.730398506270904
2025-03-30,Music_noise19,Music,3.9066339500033394
2025-04-13,Music_noise19,Music,0.0
2025-04-27,Music_noise19,Music,0.0
2025-05-11,Music_noise19,Music,0.0
2025-05-25,Music_noise19,Music,5.244750709495405
2025-06-08,Music_noise19,Music,0.0
2025-06-22,Music_noise19,Music,1.430162991619623
2025-07-06,Music_noise19,Music,0.0
2024-01-07,Music_noise20,Music,10.187141631572931
2024-01-21,Music_noise20,Music,0.0
2024-02-04,Music_noise20,Music,0.0
2024-02-18,Music_noise20,Music,10.978060564324434
2024-03-03,Music_noise20,Music,5.025870436261763
2024-03-17,Music_noise20,Music,4.742339357741674
2024-03-31,Music_noise20,Music,7.039013847127894
2024-04-14,Music_noise20,Music,0.0
2024-04-28,Music_noise20,Music,11.351830199804729
2024-05-12,Music_noise20,Music,9.187031910204034
2024-05-26,Music_noise20,Music,0.0
2024-06-09,Music_noise20,Music,0.0
2024-06-23,Music_noise20,Music,0.0
2024-07-07,Music_noise20,Music,0.0
2024-07-21,Music_noise20,Music,5.00789949852802
2024-08-04,Music_noise20,Music,21.470501727467752
2024-08-18,Music_noise20,Music,16.22650091509243
2024-09-01,Music_noise20,Music,0.0
2024-09-15,Music_noise20,Music,9.33104985459073
2024-09-29,Music_noise20,Music,19.933999793031145
2024-10-13,Music_noise20,Music,5.80212781033804
2024-10-27,Music_noise20,Music,16.364706377789503
2024-11-10,Music_noise20,Music,30.18405668551148
2024-11-24,Music_noise20,Music,15.35564319160472
2024-12-08,Music_noise20,Music,3.739628934625933
2024-12-22,Music_noise20,Music,15.676327111271302
2025-01-05,Music_noise20,Music,2.1733174964533677
2025-01-19,Music_noise20,Music,0.3585456492743321
2025-02-02,Music_noise20,Music,0.0
2025-02-16,Music_noise20,Music,23.451200382481623
2025-03-02,Music_noise20,Music,0.0
2025-03-16,Music_noise20,Music,22.98551587017174
2025-03-30,Music_noise20,Music,7.4979618561055705
2025-04-13,Music_noise20,Music,0.0
2025-04-27,Music_noise20,Music,5.514739394871324
2025-05-11,Music_noise20,Music,0.0
2025-05-25,Music_noise20,Music,9.382620252465536
2025-06-08,Music_noise20,Music,13.278472244834866
2025-06-22,Music_noise20,Music,0.0
2025-07-06,Music_noise20,Music,1.853215439333735
2024-01-07,Music_noise21,Music,29.312361506254295
2024-01-21,Music_noise21,Music,0.0
2024-02-04,Music_noise21,Music,0.0
2024-02-18,Music_noise21,Music,22.224951036938982
2024-03-03,Music_noise21,Music,29.438807857961923
2024-03-17,Music_noise21,Music,0.055435077717709884
2024-03-31,Music_noise21,Music,15.171945531125344
2024-04-14,Music_noise21,Music,20.122138732963215
2024-04-28,Music_noise21,Music,0.0
2024-05-12,Music_noise21,Music,0.0
2024-05-26,Music_noise21,Music,18.463117697321024
2024-06-09,Music_noise21,Music,25.275214180627643
2024-06-23,Music_noise21,Music,8.443212902615322
2024-07-07,Music_noise21,Music,0.0
2024-07-21,Music_noise21,Music,29.80591667549162
2024-08-04,Music_noise21,Music,0.0
2024-08-18,Music_noise21,Music,0.0
2024-09-01,Music_noise21,Music,5.135067517344322
2024-09-15,Music_noise21,Music,23.312406310721613
2024-09-29,Music_noise21,Music,12.809639648283355
2024-10-13,Music_noise21,Music,6.222982505428656
2024-10-27,Music_noise21,Music,6.949327951771593
2024-11-10,Music_noise21,Music,0.6527200296519912
2024-11-24,Music_noise21,Music,8.372092717777594
2024-12-08,Music_noise21,Music,0.0
2024-12-22,Music_noise21,Music,0.0
2025-01-05,Music_noise21,Music,3.619829023751715
2025-01-19,Music_noise21,Music,0.0
2025-02-02,Music_noise21,Music,5.7948497671734
2025-02-16,Music_noise21,Music,0.0
2025-03-02,Music_noise21,Music,26.33213547473235
2025-03-16,Music_noise21,Music,23.595295878222846
2025-03-30,Music_noise21,Music,0.0
2025-04-13,Music_noise21,Music,0.0
2025-04-27,Music_noise21,Music,0.0
2025-05-11,Music_noise21,Music,0.0
2025-05-25,Music_noise21,Music,2.925374760421901
2025-06-08,Music_noise21,Music,0.0
2025-06-22,Music_noise21,Music,0.0
2025-07-06,Music_noise21,Music,9.340668358504029
2024-01-07,Music_noise22,Music,9.442943763327163
2024-01-21,Music_noise22,Music,0.0
2024-02-04,Music_noise22,Music,13.430331461438994
2024-02-18,Music_noise22,Music,0.0
2024-03-03,Music_noise22,Music,3.7974785705697176
2024-03-17,Music_noise22,Music,12.305160189186841
2024-03-31,Music_noise22,Music,0.0
2024-04-14,Music_noise22,Music,6.821113682117016
2024-04-28,Music_noise22,Music,0.0
2024-05-12,Music_noise22,Music,0.0
2024-05-26,Music_noise22,Music,0.0
2024-06-09,Music_noise22,Music,0.0
2024-06-23,Music_noise22,Music,0.0
2024-07-07,Music_noise22,Music,0.0
2024-07-21,Music_noise22,Music,0.0
2024-08-04,Music_noise22,Music,0.0
2024-08-18,Music_noise22,Music,0.0
2024-09-01,Music_noise22,Music,0.0
2024-09-15,Music_noise22,Music,0.0
2024-09-29,Music_noise22,Music,7.191622771290958
2024-10-13,Music_noise22,Music,13.117756111987838
2024-10-27,Music_noise22,Music,0.0
2024-11-10,Music_noise22,Music,0.0
2024-11-24,Music_noise22,Music,0.0
2024-12-08,Music_noise22,Music,0.0
2024-12-22,Music_noise22,Music,0.0
2025-01-05,Music_noise22,Music,0.0
2025-01-19,Music_noise22,Music,0.0
2025-02-02,Music_noise22,Music,0.0
2025-02-16,Music_noise22,Music,2.7213993017095706
2025-03-02,Music_noise22,Music,8.925441987533471
2025-03-16,Music_noise22,Music,0.0
2025-03-30,Music_noise22,Music,0.0
2025-04-13,Music_noise22,Music,0.0
2025-04-27,Music_noise22,Music,0.0
2025-05-11,Music_noise22,Music,0.0
2025-05-25,Music_noise22,Music,8.596917198618002
2025-06-08,Music_noise22,Music,0.0
2025-06-22,Music_noise22,Music,0.0
2025-07-06,Music_noise22,Music,4.516610087876131
2024-01-07,Music_noise23,Music,2.7575177448375654
2024-01-21,Music_noise23,Music,40.39550495970745
2024-02-04,Music_noise23,Music,5.247000368518613
2024-02-18,Music_noise23,Music,0.0
2024-03-03,Music_noise23,Music,0.0
2024-03-17,Music_noise23,Music,0.0
2024-03-31,Music_noise23,Music,0.0
2024-04-14,Music_noise23,Music,0.0
2024-04-28,Music_noise23,Music,13.730854133402426
2024-05-12,Music_noise23,Music,0.0
2024-05-26,Music_noise23,Music,0.0
2024-06-09,Music_noise23,Music,0.0
2024-06-23,Music_noise23,Music,26.08277027779997
2024-07-07,Music_noise23,Music,0.0
2024-07-21,Music_noise23,Music,27.488355652188027
2024-08-04,Music_noise23,Music,12.212276431773999
2024-08-18,Music_noise23,Music,7.231000910030792
2024-09-01,Music_noise23,Music,5.530997209762796
2024-09-15,Music_noise23,Music,5.906959473243773
2024-09-29,Music_noise23,Music,0.0
2024-10-13,Music_noise23,Music,0.0
2024-10-27,Music_noise23,Music,12.677369567764824
2024-11-10,Music_noise23,Music,0.0
2024-11-24,Music_noise23,Music,0.0
2024-12-08,Music_noise23,Music,0.0
2024-12-22,Music_noise23,Music,25.561582743832368
2025-01-05,Music_noise23,Music,18.703375733020792
2025-01-19,Music_noise23,Music,0.0
2025-02-02,Music_noise23,Music,14.271739155871298
2025-02-16,Music_noise23,Music,0.0
2025-03-02,Music_noise23,Music,0.0
2025-03-16,Music_noise23,Music,0.0
2025-03-30,Music_noise23,Music,23.443331527622966
2025-04-13,Music_noise23,Music,0.0
2025-04-27,Music_noise23,Music,0.0
2025-05-11,Music_noise23,Music,0.0
2025-05-25,Music_noise23,Music,28.562048843595104
2025-06-08,Music_noise23,Music,24.38938373043095
2025-06-22,Music_noise23,Music,33.281703501722006
2025-07-06,Music_noise23,Music,0.0
2024-01-07,Music_noise24,Music,4.434367331206426
2024-01-21,Music_noise24,Music,0.0
2024-02-04,Music_noise24,Music,22.154016391774118
2024-02-18,Music_noise24,Music,0.0
2024-03-03,Music_noise24,Music,3.2516334564394365
2024-03-17,Music_noise24,Music,0.0
2024-03-31,Music_noise24,Music,0.0
2024-04-14,Music_noise24,Music,0.0
2024-04-28,Music_noise24,Music,0.0
2024-05-12,Music_noise24,Music,0.0
2024-05-26,Music_noise24,Music,0.0
2024-06-09,Music_noise24,Music,12.500008676704606
2024-06-23,Music_noise24,Music,0.0
2024-07-07,Music_noise24,Music,3.308121405208003
2024-07-21,Music_noise24,Music,18.269387284583377
2024-08-04,Music_noise24,Music,0.0
2024-08-18,Music_noise24,Music,0.0
2024-09-01,Music_noise24,Music,0.0
2024-09-15,Music_noise24,Music,17.69587812541065
2024-09-29,Music_noise24,Music,2.9116144643003654
2024-10-13,Music_noise24,Music,0.0
2024-10-27,Music_noise24,Music,7.258149767820596
2024-11-10,Music_noise24,Music,0.0
2024-11-24,Music_noise24,Music,10.220392656644218
2024-12-08,Music_noise24,Music,6.129109615526514
2024-12-22,Music_noise24,Music,0.0
2025-01-05,Music_noise24,Music,0.0
2025-01-19,Music_noise24,Music,0.0
2025-02-02,Music_noise24,Music,8.022260045188654
2025-02-16,Music_noise24,Music,18.434707537335928
2025-03-02,Music_noise24,Music,0.0
2025-03-16,Music_noise24,Music,6.8758005532722635
2025-03-30,Music_noise24,Music,0.0
2025-04-13,Music_noise24,Music,0.0
2025-04-27,Music_noise24,Music,0.0
2025-05-11,Music_noise24,Music,0.0
2025-05-25,Music_noise24,Music,0.0
2025-06-08,Music_noise24,Music,0.0
2025-06-22,Music_noise24,Music,4.382890924895597
2025-07-06,Music_noise24,Music,0.0
2024-01-07,Music_noise25,Music,0.0
2024-01-21,Music_noise25,Music,0.0
2024-02-04,Music_noise25,Music,0.0
2024-02-18,Music_noise25,Music,6.865298790803281
2024-03-03,Music_noise25,Music,0.0
2024-03-17,Music_noise25,Music,0.0
2024-03-31,Music_noise25,Music,0.0
2024-04-14,Music_noise25,Music,20.825066673126717
2024-04-28,Music_noise25,Music,0.0
2024-05-12,Music_noise25,Music,5.744834771113927
2024-05-26,Music_noise25,Music,2.1188571013119484
2024-06-09,Music_noise25,Music,0.0
2024-06-23,Music_noise25,Music,11.52310824947606
2024-07-07,Music_noise25,Music,3.230947581844319
2024-07-21,Music_noise25,Music,7.624029595118843
2024-08-04,Music_noise25,Music,58.8935655965449
2024-08-18,Music_noise25,Music,0.0
2024-09-01,Music_noise25,Music,25.87044974641663
2024-09-15,Music_noise25,Music,0.0
2024-09-29,Music_noise25,Music,4.30993356604514
2024-10-13,Music_noise25,Music,0.0
2024-10-27,Music_noise25,Music,0.0
2024-11-10,Music_noise25,Music,0.0
2024-11-24,Music_noise25,Music,4.942631033595137
2024-12-08,Music_noise25,Music,0.0
2024-12-22,Music_noise25,Music,11.258687512826484
2025-01-05,Music_noise25,Music,0.0
2025-01-19,Music_noise25,Music,0.0
2025-02-02,Music_noise25,Music,0.0
2025-02-16,Music_noise25,Music,18.857238252938593
2025-03-02,Music_noise25,Music,0.0
2025-03-16,Music_noise25,Music,5.3768042731443035
2025-03-30,Music_noise25,Music,0.0
2025-04-13,Music_noise25,Music,11.368827748854294
2025-04-27,Music_noise25,Music,10.282616081853062
2025-05-11,Music_noise25,Music,27.729132499446173
2025-05-25,Music_noise25,Music,0.0
2025-06-08,Music_noise25,Music,10.0298220713686
2025-06-22,Music_noise25,Music,1.4710130930841683
2025-07-06,Music_noise25,Music,19.438076727945216
2024-01-07,Music_noise26,Music,0.0
2024-01-21,Music_noise26,Music,11.175079693159217
2024-02-04,Music_noise26,Music,0.0
2024-02-18,Music_noise26,Music,0.0
2024-03-03,Music_noise26,Music,1.376287266725593
2024-03-17,Music_noise26,Music,3.783605946400161
2024-03-31,Music_noise26,Music,0.0
2024-04-14,Music_noise26,Music,3.220697747557895
2024-04-28,Music_noise26,Music,23.671770863432766
2024-05-12,Music_noise26,Music,14.781745284228275
2024-05-26,Music_noise26,Music,13.037318887453448
2024-06-09,Music_noise26,Music,0.0
2024-06-23,Music_noise26,Music,0.0
2024-07-07,Music_noise26,Music,14.329508373566293
2024-07-21,Music_noise26,Music,13.140701887946914
2024-08-04,Music_noise26,Music,22.09006013626473
2024-08-18,Music_noise26,Music,0.0
2024-09-01,Music_noise26,Music,0.0
2024-09-15,Music_noise26,Music,0.0
2024-09-29,Music_noise26,Music,0.0
2024-10-13,Music_noise26,Music,14.948557658691708
2024-10-27,Music_noise26,Music,0.0
2024-11-10,Music_noise26,Music,9.607196928012357
2024-11-24,Music_noise26,Music,0.0
2024-12-08,Music_noise26,Music,4.860855423323409
2024-12-22,Music_noise26,Music,0.0
2025-01-05,Music_noise26,Music,1.278141744508516
2025-01-19,Music_noise26,Music,0.0
2025-02-02,Music_noise26,Music,0.0
2025-02-16,Music_noise26,Music,0.0
2025-03-02,Music_noise26,Music,18.08991774820224
2025-03-16,Music_noise26,Music,11.661110291467669
2025-03-30,Music_noise26,Music,7.000064729491216
2025-04-13,Music_noise26,Music,22.8150934073907
2025-04-27,Music_noise26,Music,0.0
2025-05-11,Music_noise26,Music,26.210447968733373
2025-05-25,Music_noise26,Music,13.98287346390577
2025-06-08,Music_noise26,Music,0.0
2025-06-22,Music_noise26,Music,17.03430220774416
2025-07-06,Music_noise26,Music,0.0
2024-01-07,Music_noise27,Music,0.0
2024-01-21,Music_noise27,Music,0.0
2024-02-04,Music_noise27,Music,0.0
2024-02-18,Music_noise27,Music,0.0
2024-03-03,Music_noise27,Music,18.346246006429876
2024-03-17,Music_noise27,Music,0.0
2024-03-31,Music_noise27,Music,5.287574525353193
2024-04-14,Music_noise27,Music,0.0
2024-04-28,Music_noise27,Music,0.0
2024-05-12,Music_noise27,Music,4.0508603758713315
2024-05-26,Music_noise27,Music,0.0
2024-06-09,Music_noise27,Music,0.0
2024-06-23,Music_noise27,Music,0.0
2024-07-07,Music_noise27,Music,29.80913998846212
2024-07-21,Music_noise27,Music,13.670440832620825
2024-08-04,Music_noise27,Music,1.5863068690722064
2024-08-18,Music_noise27,Music,18.95560016482003
2024-09-01,Music_noise27,Music,0.0
2024-09-15,Music_noise27,Music,8.152190680051396
2024-09-29,Music_noise27,Music,2.997156505780702
2024-10-13,Music_noise27,Music,3.96030122000505
2024-10-27,Music_noise27,Music,19.085302501601518
2024-11-10,Music_noise27,Music,10.987381541697033
2024-11-24,Music_noise27,Music,4.330854942375349
2024-12-08,Music_noise27,Music,0.0
2024-12-22,Music_noise27,Music,0.0
2025-01-05,Music_noise27,Music,0.0
2025-01-19,Music_noise27,Music,1.4005856141497686
2025-02-02,Music_noise27,Music,0.0
2025-02-16,Music_noise27,Music,36.17515013367632
2025-03-02,Music_noise27,Music,22.74591082880359
2025-03-16,Music_noise27,Music,9.031774805887252
2025-03-30,Music_noise27,Music,1.0805529192561714
2025-04-13,Music_noise27,Music,0.0
2025-04-27,Music_noise27,Music,0.0
2025-05-11,Music_noise27,Music,1.162207777782938
2025-05-25,Music_noise27,Music,3.8662881021412603
2025-06-08,Music_noise27,Music,0.0
2025-06-22,Music_noise27,Music,5.0126462586734615
2025-07-06,Music_noise27,Music,0.0
2024-01-07,Music_noise28,Music,0.0
2024-01-21,Music_noise28,Music,0.0
2024-02-04,Music_noise28,Music,0.0
2024-02-18,Music_noise28,Music,28.315314860102855
2024-03-03,Music_noise28,Music,8.348296868006372
2024-03-17,Music_noise28,Music,0.0
2024-03-31,Music_noise28,Music,7.290544341264555
2024-04-14,Music_noise28,Music,0.0
2024-04-28,Music_noise28,Music,16.240365808306098
2024-05-12,Music_noise28,Music,0.0
2024-05-26,Music_noise28,Music,0.0
2024-06-09,Music_noise28,Music,19.88694971313285
2024-06-23,Music_noise28,Music,0.0
2024-07-07,Music_noise28,Music,0.0
2024-07-21,Music_noise28,Music,0.0
2024-08-04,Music_noise28,Music,15.575682765289748
2024-08-18,Music_noise28,Music,0.0
2024-09-01,Music_noise28,Music,0.0
2024-09-15,Music_noise28,Music,0.0
2024-09-29,Music_noise28,Music,8.276111998663806
2024-10-13,Music_noise28,Music,18.00392624608244
2024-10-27,Music_noise28,Music,0.0
2024-11-10,Music_noise28,Music,0.0
2024-11-24,Music_noise28,Music,17.30851101383621
2024-12-08,Music_noise28,Music,0.0
2024-12-22,Music_noise28,Music,0.0
2025-01-05,Music_noise28,Music,2.856358348875866
2025-01-19,Music_noise28,Music,6.738280819275514
2025-02-02,Music_noise28,Music,0.0
2025-02-16,Music_noise28,Music,0.5166151755876203
2025-03-02,Music_noise28,Music,0.0
2025-03-16,Music_noise28,Music,0.0
2025-03-30,Music_noise28,Music,6.802630688317011
2025-04-13,Music_noise28,Music,0.0
2025-04-27,Music_noise28,Music,0.8847633238439606
2025-05-11,Music_noise28,Music,6.7030875120404705
2025-05-25,Music_noise28,Music,0.0
2025-06-08,Music_noise28,Music,2.5569565649485635
2025-06-22,Music_noise28,Music,0.0
2025-07-06,Music_noise28,Music,0.0
2024-01-07,Music_noise29,Music,9.153242543838338
2024-01-21,Music_noise29,Music,2.354594414526513
2024-02-04,Music_noise29,Music,0.0
2024-02-18,Music_noise29,Music,3.363246064361895
2024-03-03,Music_noise29,Music,10.71914685954927
2024-03-17,Music_noise29,Music,0.0
2024-03-31,Music_noise29,Music,17.386110974338465
2024-04-14,Music_noise29,Music,0.0
2024-04-28,Music_noise29,Music,6.382348998603454
2024-05-12,Music_noise29,Music,17.95870385467842
2024-05-26,Music_noise29,Music,0.0
2024-06-09,Music_noise29,Music,0.0
2024-06-23,Music_noise29,Music,0.0
2024-07-07,Music_noise29,Music,0.0
2024-07-21,Music_noise29,Music,26.024048637552127
2024-08-04,Music_noise29,Music,0.0
2024-08-18,Music_noise29,Music,0.0
2024-09-01,Music_noise29,Music,3.065835474044652
2024-09-15,Music_noise29,Music,0.0
2024-09-29,Music_noise29,Music,0.0
2024-10-13,Music_noise29,Music,4.7617989187526275
2024-10-27,Music_noise29,Music,0.0
2024-11-10,Music_noise29,Music,0.0
2024-11-24,Music_noise29,Music,0.0
2024-12-08,Music_noise29,Music,0.0
2024-12-22,Music_noise29,Music,4.823898170088579
2025-01-05,Music_noise29,Music,26.323996074708624
2025-01-19,Music_noise29,Music,0.2760244617515719
2025-02-02,Music_noise29,Music,3.378961758713243
2025-02-16,Music_noise29,Music,10.390841326752891
2025-03-02,Music_noise29,Music,0.0
2025-03-16,Music_noise29,Music,25.537719871944084
2025-03-30,Music_noise29,Music,3.0349319463420303
2025-04-13,Music_noise29,Music,24.477853486336635
2025-04-27,Music_noise29,Music,0.0
2025-05-11,Music_noise29,Music,27.27092883836737
2025-05-25,Music_noise29,Music,11.627332410521747
2025-06-08,Music_noise29,Music,8.295601287785376
2025-06-22,Music_noise29,Music,3.5103668152972194
2025-07-06,Music_noise29,Music,0.0
2024-01-07,Music_noise30,Music,18.00797487710809
2024-01-21,Music_noise30,Music,2.1053980477207044
2024-02-04,Music_noise30,Music,0.0
2024-02-18,Music_noise30,Music,0.0
2024-03-03,Music_noise30,Music,0.0
2024-03-17,Music_noise30,Music,4.649984747483326
2024-03-31,Music_noise30,Music,0.0
2024-04-14,Music_noise30,Music,18.28456184690495
2024-04-28,Music_noise30,Music,0.0
2024-05-12,Music_noise30,Music,2.153819047577403
2024-05-26,Music_noise30,Music,0.0
2024-06-09,Music_noise30,Music,11.395684432262525
2024-06-23,Music_noise30,Music,0.0
2024-07-07,Music_noise30,Music,6.294149580361772
2024-07-21,Music_noise30,Music,0.0
2024-08-04,Music_noise30,Music,19.191973974866265
2024-08-18,Music_noise30,Music,15.62586996088277
2024-09-01,Music_noise30,Music,8.753164545178315
2024-09-15,Music_noise30,Music,0.0
2024-09-29,Music_noise30,Music,8.697859279426982
2024-10-13,Music_noise30,Music,0.0
2024-10-27,Music_noise30,Music,12.83333488531068
2024-11-10,Music_noise30,Music,24.742213414858814
2024-11-24,Music_noise30,Music,16.059158399687792
2024-12-08,Music_noise30,Music,0.0
2024-12-22,Music_noise30,Music,5.421259759096543
2025-01-05,Music_noise30,Music,0.0
2025-01-19,Music_noise30,Music,8.585854667635136
2025-02-02,Music_noise30,Music,6.759051192938083
2025-02-16,Music_noise30,Music,0.0
2025-03-02,Music_noise30,Music,0.0
2025-03-16,Music_noise30,Music,0.0
2025-03-30,Music_noise30,Music,0.0
2025-04-13,Music_noise30,Music,0.0
2025-04-27,Music_noise30,Music,5.834680940282756
2025-05-11,Music_noise30,Music,3.772104134107681
2025-05-25,Music_noise30,Music,0.0
2025-06-08,Music_noise30,Music,0.0
2025-06-22,Music_noise30,Music,15.730606896248453
2025-07-06,Music_noise30,Music,24.83110669632443
2024-01-07,Music_noise31,Music,0.0
2024-01-21,Music_noise31,Music,0.0
2024-02-04,Music_noise31,Music,7.368114981179945
2024-02-18,Music_noise31,Music,0.0
2024-03-03,Music_noise31,Music,0.0
2024-03-17,Music_noise31,Music,11.094797275870071
2024-03-31,Music_noise31,Music,0.0
2024-04-14,Music_noise31,Music,19.77453487279004
2024-04-28,Music_noise31,Music,1.0902078649401201
2024-05-12,Music_noise31,Music,0.0
2024-05-26,Music_noise31,Music,0.0
2024-06-09,Music_noise31,Music,0.0
2024-06-23,Music_noise31,Music,0.0
2024-07-07,Music_noise31,Music,22.42407341179854
2024-07-21,Music_noise31,Music,0.619884484059277
2024-08-04,Music_noise31,Music,6.6450319567106275
2024-08-18,Music_noise31,Music,14.27324655861064
2024-09-01,Music_noise31,Music,0.0
2024-09-15,Music_noise31,Music,7.102078485528427
2024-09-29,Music_noise31,Music,0.0
2024-10-13,Music_noise31,Music,12.701561628247406
2024-10-27,Music_noise31,Music,0.0
2024-11-10,Music_noise31,Music,0.0
2024-11-24,Music_noise31,Music,0.0
2024-12-08,Music_noise31,Music,6.483944259512333
2024-12-22,Music_noise31,Music,7.050662810523032
2025-01-05,Music_noise31,Music,0.0
2025-01-19,Music_noise31,Music,0.0
2025-02-02,Music_noise31,Music,0.0
2025-02-16,Music_noise31,Music,0.0
2025-03-02,Music_noise31,Music,12.629755431781904
2025-03-16,Music_noise31,Music,0.0
2025-03-30,Music_noise31,Music,0.0
2025-04-13,Music_noise31,Music,0.0
2025-04-27,Music_noise31,Music,0.0
2025-05-11,Music_noise31,Music,0.0
2025-05-25,Music_noise31,Music,0.0
2025-06-08,Music_noise31,Music,1.641127077494551
2025-06-22,Music_noise31,Music,19.929612423723466
2025-07-06,Music_noise31,Music,4.6977671079747
2024-01-07,Music_noise32,Music,0.0
2024-01-21,Music_noise32,Music,6.83856292756054
2024-02-04,Music_noise32,Music,0.0
2024-02-18,Music_noise32,Music,0.0
2024-03-03,Music_noise32,Music,0.0
2024-03-17,Music_noise32,Music,0.0
2024-03-31,Music_noise32,Music,0.0
2024-04-14,Music_noise32,Music,2.370802348801978
2024-04-28,Music_noise32,Music,0.0
2024-05-12,Music_noise32,Music,0.0
2024-05-26,Music_noise32,Music,0.0
2024-06-09,Music_noise32,Music,9.123692875274529
2024-06-23,Music_noise32,Music,0.0
2024-07-07,Music_noise32,Music,11.640418707652131
2024-07-21,Music_noise32,Music,0.0
2024-08-04,Music_noise32,Music,0.0
2024-08-18,Music_noise32,Music,0.0
2024-09-01,Music_noise32,Music,0.0
2024-09-15,Music_noise32,Music,14.629686877169682
2024-09-29,Music_noise32,Music,7.734421326659347
2024-10-13,Music_noise32,Music,14.676331680420526
2024-10-27,Music_noise32,Music,7.832138189009037
2024-11-10,Music_noise32,Music,0.0
2024-11-24,Music_noise32,Music,0.0
2024-12-08,Music_noise32,Music,0.0
2024-12-22,Music_noise32,Music,19.958623560585604
2025-01-05,Music_noise32,Music,0.0
2025-01-19,Music_noise32,Music,13.405465340836663
2025-02-02,Music_noise32,Music,13.394308051631539
2025-02-16,Music_noise32,Music,27.44430302574131
2025-03-02,Music_noise32,Music,0.0
2025-03-16,Music_noise32,Music,10.68483239370243
2025-03-30,Music_noise32,Music,34.22477754808264
2025-04-13,Music_noise32,Music,0.0
2025-04-27,Music_noise32,Music,0.0
2025-05-11,Music_noise32,Music,0.0
2025-05-25,Music_noise32,Music,10.69068043291997
2025-06-08,Music_noise32,Music,0.0
2025-06-22,Music_noise32,Music,0.0
2025-07-06,Music_noise32,Music,6.559697805584411
2024-01-07,Tech_core1,Tech,100.05555266104898
2024-01-21,Tech_core1,Tech,134.41461152958564
2024-02-04,Tech_core1,Tech,122.63917078697682
2024-02-18,Tech_core1,Tech,82.81117591375745
2024-03-03,Tech_core1,Tech,70.42732701544799
2024-03-17,Tech_core1,Tech,104.79690145846243
2024-03-31,Tech_core1,Tech,139.05518023674912
2024-04-14,Tech_core1,Tech,127.82154137379534
2024-04-28,Tech_core1,Tech,87.69763574628197
2024-05-12,Tech_core1,Tech,75.84838952546518
2024-05-26,Tech_core1,Tech,110.35504810006697
2024-06-09,Tech_core1,Tech,143.93356581011744
2024-06-23,Tech_core1,Tech,133.0726510637019
2024-07-07,Tech_core1,Tech,92.88448775627714
2024-07-21,Tech_core1,Tech,80.93370852884334
2024-08-04,Tech_core1,Tech,115.53453967263128
2024-08-18,Tech_core1,Tech,148.789991108027
2024-09-01,Tech_core1,Tech,137.4151493893578
2024-09-15,Tech_core1,Tech,97.20692513155888
2024-09-29,Tech_core1,Tech,85.92946572679682
2024-10-13,Tech_core1,Tech,119.68495777811933
2024-10-27,Tech_core1,Tech,154.5142266151316
2024-11-10,Tech_core1,Tech,142.98364467343572
2024-11-24,Tech_core1,Tech,102.63607703978866
2024-12-08,Tech_core1,Tech,90.79814723676806
2024-12-22,Tech_core1,Tech,124.70363799772973
2025-01-05,Tech_core1,Tech,159.03292278049273
2025-01-19,Tech_core1,Tech,147.9473695018256
2025-02-02,Tech_core1,Tech,107.66132087093507
2025-02-16,Tech_core1,Tech,95.70131607385635
2025-03-02,Tech_core1,Tech,129.87462713627016
2025-03-16,Tech_core1,Tech,163.67923570839693
2025-03-30,Tech_core1,Tech,152.25122810463125
2025-04-13,Tech_core1,Tech,113.00094189590541
2025-04-27,Tech_core1,Tech,100.32888525836887
2025-05-11,Tech_core1,Tech,135.05684394636626
2025-05-25,Tech_core1,Tech,169.5892112622889
2025-06-08,Tech_core1,Tech,157.19600702983593
2025-06-22,Tech_core1,Tech,117.48292931219781
2025-07-06,Tech_core1,Tech,105.99439659092279
2024-01-07,Tech_core2,Tech,124.75248713810134
2024-01-21,Tech_core2,Tech,135.66792483681743
2024-02-04,Tech_core2,Tech,110.55808680092477
2024-02-18,Tech_core2,Tech,78.568881217436
2024-03-03,Tech_core2,Tech,70.14075555866367
2024-03-17,Tech_core2,Tech,96.17290946786277
2024-03-31,Tech_core2,Tech,130.88112948703895
2024-04-14,Tech_core2,Tech,140.5874570609844
2024-04-28,Tech_core2,Tech,117.12736549632609
2024-05-12,Tech_core2,Tech,83.69389222305134
2024-05-26,Tech_core2,Tech,76.37357033005402
2024-06-09,Tech_core2,Tech,102.03078096120888
2024-06-23,Tech_core2,Tech,136.9403353921221
2024-07-07,Tech_core2,Tech,147.12483941764353
2024-07-21,Tech_core2,Tech,123.16895253065121
2024-08-04,Tech_core2,Tech,90.2956894844104
2024-08-18,Tech_core2,Tech,81.92827557888421
2024-09-01,Tech_core2,Tech,107.72766719231711
2024-09-15,Tech_core2,Tech,143.10475772758235
2024-09-29,Tech_core2,Tech,153.2383045418292
2024-10-13,Tech_core2,Tech,128.98723344769456
2024-10-27,Tech_core2,Tech,96.26506348264682
2024-11-10,Tech_core2,Tech,87.92121176738448
2024-11-24,Tech_core2,Tech,114.29316047499192
2024-12-08,Tech_core2,Tech,148.9483623886367
2024-12-22,Tech_core2,Tech,159.3897691510565
2025-01-05,Tech_core2,Tech,134.79516965543428
2025-01-19,Tech_core2,Tech,102.13786028876537
2025-02-02,Tech_core2,Tech,94.26202985664028
2025-02-16,Tech_core2,Tech,120.13528028272952
2025-03-02,Tech_core2,Tech,154.68403705026478
2025-03-16,Tech_core2,Tech,164.54551559298133
2025-03-30,Tech_core2,Tech,141.3230888372655
2025-04-13,Tech_core2,Tech,108.46760326723452
2025-04-27,Tech_core2,Tech,99.91771384971348
2025-05-11,Tech_core2,Tech,126.34796626174332
2025-05-25,Tech_core2,Tech,161.09979695428802
2025-06-08,Tech_core2,Tech,170.8476928692918
2025-06-22,Tech_core2,Tech,147.08254593730126
2025-07-06,Tech_core2,Tech,114.41747998980581
2024-01-07,Tech_core3,Tech,134.7414890789231
2024-01-21,Tech_core3,Tech,122.8311525088049
2024-02-04,Tech_core3,Tech,93.56605224814625
2024-02-18,Tech_core3,Tech,71.72902631706623
2024-03-03,Tech_core3,Tech,71.99764165668277
2024-03-17,Tech_core3,Tech,97.66279326005768
2024-03-31,Tech_core3,Tech,127.72310703686574
2024-04-14,Tech_core3,Tech,141.93649990542065
2024-04-28,Tech_core3,Tech,129.63382289323033
2024-05-12,Tech_core3,Tech,101.12535564935237
2024-05-26,Tech_core3,Tech,78.89164902695975
2024-06-09,Tech_core3,Tech,78.71974702645478
2024-06-23,Tech_core3,Tech,104.59485692735542
2024-07-07,Tech_core3,Tech,134.9235501093862
2024-07-21,Tech_core3,Tech,148.63789350564284
2024-08-04,Tech_core3,Tech,136.49954934714097
2024-08-18,Tech_core3,Tech,108.71468521969148
2024-09-01,Tech_core3,Tech,85.1824375594325
2024-09-15,Tech_core3,Tech,86.12008447023655
2024-09-29,Tech_core3,Tech,111.55296167423845
2024-10-13,Tech_core3,Tech,141.92370892794148
2024-10-27,Tech_core3,Tech,155.71862232703907
2024-11-10,Tech_core3,Tech,143.88713055767724
2024-11-24,Tech_core3,Tech,114.90404150643688
2024-12-08,Tech_core3,Tech,92.7963360429421
2024-12-22,Tech_core3,Tech,93.78450091287728
2025-01-05,Tech_core3,Tech,118.37136917117562
2025-01-19,Tech_core3,Tech,148.9306413834298
2025-02-02,Tech_core3,Tech,163.52835643746022
2025-02-16,Tech_core3,Tech,150.82204896327212
2025-03-02,Tech_core3,Tech,121.85720507390297
2025-03-16,Tech_core3,Tech,99.600931797265
2025-03-30,Tech_core3,Tech,101.09190373827647
2025-04-13,Tech_core3,Tech,124.90733946357327
2025-04-27,Tech_core3,Tech,155.7137042350475
2025-05-11,Tech_core3,Tech,170.12493381143042
2025-05-25,Tech_core3,Tech,157.80597161035394
2025-06-08,Tech_core3,Tech,128.91707623741578
2025-06-22,Tech_core3,Tech,106.80264698028446
2025-07-06,Tech_core3,Tech,108.16210184002053
2024-01-07,Tech_core4,Tech,124.80757677923634
2024-01-21,Tech_core4,Tech,100.7287795130792
2024-02-04,Tech_core4,Tech,76.7865745009548
2024-02-18,Tech_core4,Tech,68.07739279436636
2024-03-03,Tech_core4,Tech,79.58242586146571
2024-03-17,Tech_core4,Tech,105.1425503239486
2024-03-31,Tech_core4,Tech,130.74801618925352
2024-04-14,Tech_core4,Tech,141.8232185044632
2024-04-28,Tech_core4,Tech,132.42108825171377
2024-05-12,Tech_core4,Tech,109.25042539789747
2024-05-26,Tech_core4,Tech,85.52539414488649
2024-06-09,Tech_core4,Tech,75.53628106399277
2024-06-23,Tech_core4,Tech,87.72821435192502
2024-07-07,Tech_core4,Tech,113.17222136626819
2024-07-21,Tech_core4,Tech,139.1686157350729
2024-08-04,Tech_core4,Tech,149.59736167545447
2024-08-18,Tech_core4,Tech,140.33899009490457
2024-09-01,Tech_core4,Tech,116.95530920706985
2024-09-15,Tech_core4,Tech,93.40209798653939
2024-09-29,Tech_core4,Tech,84.5389082468781
2024-10-13,Tech_core4,Tech,95.46308633261533
2024-10-27,Tech_core4,Tech,120.92719561695637
2024-11-10,Tech_core4,Tech,146.4408265792293
2024-11-24,Tech_core4,Tech,158.36900017181574
2024-12-08,Tech_core4,Tech,148.459325713804
2024-12-22,Tech_core4,Tech,125.48854056643172
2025-01-05,Tech_core4,Tech,101.16594726358888
2025-01-19,Tech_core4,Tech,92.47717462178535
2025-02-02,Tech_core4,Tech,103.45494204548858
2025-02-16,Tech_core4,Tech,128.95890135316722
2025-03-02,Tech_core4,Tech,154.59291842998124
2025-03-16,Tech_core4,Tech,165.89772763679616
2025-03-30,Tech_core4,Tech,156.87723234924178
2025-04-13,Tech_core4,Tech,133.02314694886533
2025-04-27,Tech_core4,Tech,109.07311923605022
2025-05-11,Tech_core4,Tech,99.95031057690471
2025-05-25,Tech_core4,Tech,111.27483576738652
2025-06-08,Tech_core4,Tech,136.3613797716755
2025-06-22,Tech_core4,Tech,162.88618777596568
2025-07-06,Tech_core4,Tech,173.70608363258495
2024-01-07,Tech_core5,Tech,99.65400027903827
2024-01-21,Tech_core5,Tech,77.99623035683791
2024-02-04,Tech_core5,Tech,66.99356089521235
2024-02-18,Tech_core5,Tech,72.28247661661094
2024-03-03,Tech_core5,Tech,91.81658869631245
2024-03-17,Tech_core5,Tech,117.55668275765636
2024-03-31,Tech_core5,Tech,136.1531252296868
2024-04-14,Tech_core5,Tech,141.52159638730768
2024-04-28,Tech_core5,Tech,130.61771075498078
2024-05-12,Tech_core5,Tech,109.03931955586476
2024-05-26,Tech_core5,Tech,87.47920062275335
2024-06-09,Tech_core5,Tech,76.17314051549295
2024-06-23,Tech_core5,Tech,82.1243891320284
2024-07-07,Tech_core5,Tech,101.57145397669295
2024-07-21,Tech_core5,Tech,125.46590740816157
2024-08-04,Tech_core5,Tech,145.0036805551894
2024-08-18,Tech_core5,Tech,150.3843282527142
2024-09-01,Tech_core5,Tech,139.2082050005558
2024-09-15,Tech_core5,Tech,118.15178966603679
2024-09-29,Tech_core5,Tech,96.28395200024919
2024-10-13,Tech_core5,Tech,86.1812454649147
2024-10-27,Tech_core5,Tech,91.04627544584774
2024-11-10,Tech_core5,Tech,110.09306719279125
2024-11-24,Tech_core5,Tech,135.27880089539428
2024-12-08,Tech_core5,Tech,154.6426592597625
2024-12-22,Tech_core5,Tech,159.2990871090098
2025-01-05,Tech_core5,Tech,148.25270116566628
2025-01-19,Tech_core5,Tech,127.02344291889092
2025-02-02,Tech_core5,Tech,105.76092449832055
2025-02-16,Tech_core5,Tech,94.57344676416874
2025-03-02,Tech_core5,Tech,99.2160119228873
2025-03-16,Tech_core5,Tech,118.78844765041632
2025-03-30,Tech_core5,Tech,143.94851315732006
2025-04-13,Tech_core5,Tech,163.28818945115762
2025-04-27,Tech_core5,Tech,169.0600340084642
2025-05-11,Tech_core5,Tech,157.0817699563092
2025-05-25,Tech_core5,Tech,136.1516767725508
2025-06-08,Tech_core5,Tech,114.94916759346967
2025-06-22,Tech_core5,Tech,104.21316356819958
2025-07-06,Tech_core5,Tech,108.56779164058939
2024-01-07,Tech_core6,Tech,75.3986914942869
2024-01-21,Tech_core6,Tech,66.60183618632978
2024-02-04,Tech_core6,Tech,70.8734161728731
2024-02-18,Tech_core6,Tech,87.08067894874407
2024-03-03,Tech_core6,Tech,109.60599889325809
2024-03-17,Tech_core6,Tech,128.98906351596327
2024-03-31,Tech_core6,Tech,140.7737127678486
2024-04-14,Tech_core6,Tech,138.22308171769143
2024-04-28,Tech_core6,Tech,123.82292502185064
2024-05-12,Tech_core6,Tech,104.13885238230776
2024-05-26,Tech_core6,Tech,85.04878245283365
2024-06-09,Tech_core6,Tech,76.30998528245068
2024-06-23,Tech_core6,Tech,81.41223764406855
2024-07-07,Tech_core6,Tech,96.86071411766092
2024-07-21,Tech_core6,Tech,119.31017169152713
2024-08-04,Tech_core6,Tech,139.7046297144999
2024-08-18,Tech_core6,Tech,150.82131226546866
2024-09-01,Tech_core6,Tech,148.24756909879886
2024-09-15,Tech_core6,Tech,133.50187988673846
2024-09-29,Tech_core6,Tech,113.36514315465375
2024-10-13,Tech_core6,Tech,95.06905632850717
2024-10-27,Tech_core6,Tech,86.40774176560326
2024-11-10,Tech_core6,Tech,90.94252475099603
2024-11-24,Tech_core6,Tech,107.23579423588225
2024-12-08,Tech_core6,Tech,128.94240275019357
2024-12-22,Tech_core6,Tech,150.06791963779742
2025-01-05,Tech_core6,Tech,160.6448625746288
2025-01-19,Tech_core6,Tech,158.60058796087105
2025-02-02,Tech_core6,Tech,144.02292698907135
2025-02-16,Tech_core6,Tech,123.85519061091264
2025-03-02,Tech_core6,Tech,105.39122625190588
2025-03-16,Tech_core6,Tech,96.834775806031
2025-03-30,Tech_core6,Tech,100.97144684421245
2025-04-13,Tech_core6,Tech,117.080957935183
2025-04-27,Tech_core6,Tech,140.15693669254213
2025-05-11,Tech_core6,Tech,160.01544847821313
2025-05-25,Tech_core6,Tech,170.74121524713112
2025-06-08,Tech_core6,Tech,167.8023370216314
2025-06-22,Tech_core6,Tech,153.50317520564508
2025-07-06,Tech_core6,Tech,133.61260836823448
2024-01-07,Tech_core7,Tech,65.04365635933047
2024-01-21,Tech_core7,Tech,71.37188958140615
2024-02-04,Tech_core7,Tech,87.50276935481759
2024-02-18,Tech_core7,Tech,108.45760741797804
2024-03-03,Tech_core7,Tech,127.12874643045006
2024-03-17,Tech_core7,Tech,138.2399515235816
2024-03-31,Tech_core7,Tech,139.54880142836453
2024-04-14,Tech_core7,Tech,129.67863574382923
2024-04-28,Tech_core7,Tech,112.86470936464245
2024-05-12,Tech_core7,Tech,94.33638984524512
2024-05-26,Tech_core7,Tech,80.41283267612746
2024-06-09,Tech_core7,Tech,75.62345938840798
2024-06-23,Tech_core7,Tech,82.51782994645319
2024-07-07,Tech_core7,Tech,98.29229225387981
2024-07-21,Tech_core7,Tech,118.10218473256431
2024-08-04,Tech_core7,Tech,138.53601729543544
2024-08-18,Tech_core7,Tech,149.90888497277243
2024-09-01,Tech_core7,Tech,150.46936385902993
2024-09-15,Tech_core7,Tech,140.92577140300716
2024-09-29,Tech_core7,Tech,123.62952303536976
2024-10-13,Tech_core7,Tech,105.96919140827728
2024-10-27,Tech_core7,Tech,92.12531295934056
2024-11-10,Tech_core7,Tech,87.04700811847395
2024-11-24,Tech_core7,Tech,93.86318554416427
2024-12-08,Tech_core7,Tech,109.51306057861404
2024-12-22,Tech_core7,Tech,129.58000170790223
2025-01-05,Tech_core7,Tech,148.79657867739587
2025-01-19,Tech_core7,Tech,160.621832466539
2025-02-02,Tech_core7,Tech,161.44588976088437
2025-02-16,Tech_core7,Tech,151.8545297048545
2025-03-02,Tech_core7,Tech,134.95359947231242
2025-03-16,Tech_core7,Tech,116.4362109955744
2025-03-30,Tech_core7,Tech,102.57180389805788
2025-04-13,Tech_core7,Tech,97.68181848008102
2025-04-27,Tech_core7,Tech,104.34102150617029
2025-05-11,Tech_core7,Tech,120.07509926522388
2025-05-25,Tech_core7,Tech,141.27436400447084
2025-06-08,Tech_core7,Tech,159.28843160553296
2025-06-22,Tech_core7,Tech,171.9283311795025
2025-07-06,Tech_core7,Tech,172.99815889568632
2024-01-07,Tech_core8,Tech,75.16060848237605
2024-01-21,Tech_core8,Tech,91.16039229506357
2024-02-04,Tech_core8,Tech,110.95027340999802
2024-02-18,Tech_core8,Tech,127.72948209314252
2024-03-03,Tech_core8,Tech,137.50422445413872
2024-03-17,Tech_core8,Tech,138.65283840197492
2024-03-31,Tech_core8,Tech,131.2077959011882
2024-04-14,Tech_core8,Tech,116.25814472727875
2024-04-28,Tech_core8,Tech,98.66396418709837
2024-05-12,Tech_core8,Tech,83.77198290759219
2024-05-26,Tech_core8,Tech,76.09449088459968
2024-06-09,Tech_core8,Tech,77.12855904607747
2024-06-23,Tech_core8,Tech,87.4001224146798
2024-07-07,Tech_core8,Tech,103.78073840764146
2024-07-21,Tech_core8,Tech,123.21211645119676
2024-08-04,Tech_core8,Tech,140.3292835535472
2024-08-18,Tech_core8,Tech,150.0520542268507
2024-09-01,Tech_core8,Tech,150.79297736791816
2024-09-15,Tech_core8,Tech,142.6937922002132
2024-09-29,Tech_core8,Tech,127.95166463833432
2024-10-13,Tech_core8,Tech,111.29552569514739
2024-10-27,Tech_core8,Tech,96.06306862468544
2024-11-10,Tech_core8,Tech,88.2061628925826
2024-11-24,Tech_core8,Tech,89.20795545044693
2024-12-08,Tech_core8,Tech,99.10072740062733
2024-12-22,Tech_core8,Tech,115.5295937570466
2025-01-05,Tech_core8,Tech,135.15555892967356
2025-01-19,Tech_core8,Tech,151.73043614997255
2025-02-02,Tech_core8,Tech,161.95747606094835
2025-02-16,Tech_core8,Tech,162.64732382818565
2025-03-02,Tech_core8,Tech,155.1149837311731
2025-03-16,Tech_core8,Tech,139.79563444422476
2025-03-30,Tech_core8,Tech,123.45494550661724
2025-04-13,Tech_core8,Tech,107.72697170552236
2025-04-27,Tech_core8,Tech,100.32302709924969
2025-05-11,Tech_core8,Tech,101.33522528464059
2025-05-25,Tech_core8,Tech,111.01259553808853
2025-06-08,Tech_core8,Tech,128.06865160277
2025-06-22,Tech_core8,Tech,147.44252217951617
2025-07-06,Tech_core8,Tech,163.08369168972285
2024-01-07,Tech_noise1,Tech,7.5411721123622195
2024-01-21,Tech_noise1,Tech,0.0
2024-02-04,Tech_noise1,Tech,0.0
2024-02-18,Tech_noise1,Tech,24.437495473514176
2024-03-03,Tech_noise1,Tech,0.0
2024-03-17,Tech_noise1,Tech,0.0
2024-03-31,Tech_noise1,Tech,0.0
2024-04-14,Tech_noise1,Tech,31.01859507245328
2024-04-28,Tech_noise1,Tech,0.0
2024-05-12,Tech_noise1,Tech,0.0
2024-05-26,Tech_noise1,Tech,22.461475247694395
2024-06-09,Tech_noise1,Tech,27.865535153065988
2024-06-23,Tech_noise1,Tech,0.0
2024-07-07,Tech_noise1,Tech,0.0
2024-07-21,Tech_noise1,Tech,31.437652527137384
2024-08-04,Tech_noise1,Tech,23.91663587623795
2024-08-18,Tech_noise1,Tech,10.184204816433494
2024-09-01,Tech_noise1,Tech,0.0
2024-09-15,Tech_noise1,Tech,0.0
2024-09-29,Tech_noise1,Tech,0.0
2024-10-13,Tech_noise1,Tech,4.962769569233666
2024-10-27,Tech_noise1,Tech,21.765021571970042
2024-11-10,Tech_noise1,Tech,13.191255617061048
2024-11-24,Tech_noise1,Tech,0.0
2024-12-08,Tech_noise1,Tech,20.647446750293067
2024-12-22,Tech_noise1,Tech,4.69698210019733
2025-01-05,Tech_noise1,Tech,10.305986937883743
2025-01-19,Tech_noise1,Tech,21.998112889179044
2025-02-02,Tech_noise1,Tech,0.0
2025-02-16,Tech_noise1,Tech,0.0
2025-03-02,Tech_noise1,Tech,0.0
2025-03-16,Tech_noise1,Tech,0.0
2025-03-30,Tech_noise1,Tech,5.200649664073798
2025-04-13,Tech_noise1,Tech,37.67334827376635
2025-04-27,Tech_noise1,Tech,0.0
2025-05-11,Tech_noise1,Tech,0.0
2025-05-25,Tech_noise1,Tech,9.608144026121602
2025-06-08,Tech_noise1,Tech,1.8461730248427173
2025-06-22,Tech_noise1,Tech,0.0
2025-07-06,Tech_noise1,Tech,0.0
2024-01-07,Tech_noise2,Tech,3.4918011441024546
2024-01-21,Tech_noise2,Tech,0.0
2024-02-04,Tech_noise2,Tech,0.0
2024-02-18,Tech_noise2,Tech,17.91888330770596
2024-03-03,Tech_noise2,Tech,14.375787297630636
2024-03-17,Tech_noise2,Tech,0.774914652766197
2024-03-31,Tech_noise2,Tech,3.4361203230855386
2024-04-14,Tech_noise2,Tech,16.11477019073342
2024-04-28,Tech_noise2,Tech,3.365094851671239
2024-05-12,Tech_noise2,Tech,13.560263321419717
2024-05-26,Tech_noise2,Tech,0.0
2024-06-09,Tech_noise2,Tech,19.6797560786092
2024-06-23,Tech_noise2,Tech,4.811785888990259
2024-07-07,Tech_noise2,Tech,2.9107791540881105
2024-07-21,Tech_noise2,Tech,0.0
2024-08-04,Tech_noise2,Tech,4.304337814525631
2024-08-18,Tech_noise2,Tech,0.0
2024-09-01,Tech_noise2,Tech,0.0
2024-09-15,Tech_noise2,Tech,0.0
2024-09-29,Tech_noise2,Tech,0.0
2024-10-13,Tech_noise2,Tech,31.871571045254424
2024-10-27,Tech_noise2,Tech,19.97008592982605
2024-11-10,Tech_noise2,Tech,28.805512532163917
2024-11-24,Tech_noise2,Tech,0.0
2024-12-08,Tech_noise2,Tech,1.0688062486633874
2024-12-22,Tech_noise2,Tech,0.0
2025-01-05,Tech_noise2,Tech,0.0
2025-01-19,Tech_noise2,Tech,0.0
2025-02-02,Tech_noise2,Tech,18.593760096623424
2025-02-16,Tech_noise2,Tech,0.0
2025-03-02,Tech_noise2,Tech,16.025690005410247
2025-03-16,Tech_noise2,Tech,9.061813343827769
2025-03-30,Tech_noise2,Tech,34.554581281571835
2025-04-13,Tech_noise2,Tech,0.0
2025-04-27,Tech_noise2,Tech,18.888498596801984
2025-05-11,Tech_noise2,Tech,17.196613056010914
2025-05-25,Tech_noise2,Tech,0.0
2025-06-08,Tech_noise2,Tech,15.107000047097394
2025-06-22,Tech_noise2,Tech,5.0421744453934325
2025-07-06,Tech_noise2,Tech,0.0
2024-01-07,Tech_noise3,Tech,0.0
2024-01-21,Tech_noise3,Tech,0.0
2024-02-04,Tech_noise3,Tech,30.747181436788892
2024-02-18,Tech_noise3,Tech,0.01024228436223942
2024-03-03,Tech_noise3,Tech,11.731950022971887
2024-03-17,Tech_noise3,Tech,0.0
2024-03-31,Tech_noise3,Tech,0.0
2024-04-14,Tech_noise3,Tech,16.229772138749134
2024-04-28,Tech_noise3,Tech,0.0
2024-05-12,Tech_noise3,Tech,0.0
2024-05-26,Tech_noise3,Tech,0.5104111660834807
2024-06-09,Tech_noise3,Tech,1.6705890276007862
2024-06-23,Tech_noise3,Tech,0.0
2024-07-07,Tech_noise3,Tech,5.937296716438846
2024-07-21,Tech_noise3,Tech,10.392836337267173
2024-08-04,Tech_noise3,Tech,11.01956318188995
2024-08-18,Tech_noise3,Tech,0.0
2024-09-01,Tech_noise3,Tech,0.0
2024-09-15,Tech_noise3,Tech,17.921442928154065
2024-09-29,Tech_noise3,Tech,13.419707813608085
2024-10-13,Tech_noise3,Tech,0.0
2024-10-27,Tech_noise3,Tech,5.272198505283025
2024-11-10,Tech_noise3,Tech,0.0
2024-11-24,Tech_noise3,Tech,0.7040235309055444
2024-12-08,Tech_noise3,Tech,28.466505251189655
2024-12-22,Tech_noise3,Tech,0.0
2025-01-05,Tech_noise3,Tech,0.0
2025-01-19,Tech_noise3,Tech,11.460446723592893
2025-02-02,Tech_noise3,Tech,0.0
2025-02-16,Tech_noise3,Tech,0.0
2025-03-02,Tech_noise3,Tech,8.94661706372629
2025-03-16,Tech_noise3,Tech,0.0
2025-03-30,Tech_noise3,Tech,0.0
2025-04-13,Tech_noise3,Tech,11.162785654725518
2025-04-27,Tech_noise3,Tech,6.323191253048419
2025-05-11,Tech_noise3,Tech,4.0022759444310285
2025-05-25,Tech_noise3,Tech,0.0
2025-06-08,Tech_noise3,Tech,5.550916729034331
2025-06-22,Tech_noise3,Tech,0.0
2025-07-06,Tech_noise3,Tech,6.867084148886771
2024-01-07,Tech_noise4,Tech,0.0
2024-01-21,Tech_noise4,Tech,0.0
2024-02-04,Tech_noise4,Tech,0.0
2024-02-18,Tech_noise4,Tech,0.0
2024-03-03,Tech_noise4,Tech,0.0
2024-03-17,Tech_noise4,Tech,0.0
2024-03-31,Tech_noise4,Tech,3.879917217830822
2024-04-14,Tech_noise4,Tech,3.191096637864905
2024-04-28,Tech_noise4,Tech,11.743106024228588
2024-05-12,Tech_noise4,Tech,0.0
2024-05-26,Tech_noise4,Tech,6.120792702551335
2024-06-09,Tech_noise4,Tech,8.261963584104949
2024-06-23,Tech_noise4,Tech,6.671607117473921
2024-07-07,Tech_noise4,Tech,0.0
2024-07-21,Tech_noise4,Tech,2.2404522340678334
2024-08-04,Tech_noise4,Tech,5.46210444081992
2024-08-18,Tech_noise4,Tech,0.10767700361912913
2024-09-01,Tech_noise4,Tech,0.0
2024-09-15,Tech_noise4,Tech,2.407344359602201
2024-09-29,Tech_noise4,Tech,33.18796559095863
2024-10-13,Tech_noise4,Tech,0.0
2024-10-27,Tech_noise4,Tech,0.0
2024-11-10,Tech_noise4,Tech,5.600228395670973
2024-11-24,Tech_noise4,Tech,4.6856731569985755
2024-12-08,Tech_noise4,Tech,17.891027481246216
2024-12-22,Tech_noise4,Tech,0.0
2025-01-05,Tech_noise4,Tech,10.970703788624887
2025-01-19,Tech_noise4,Tech,8.856330918771953
2025-02-02,Tech_noise4,Tech,0.0
2025-02-16,Tech_noise4,Tech,5.08030976882535
2025-03-02,Tech_noise4,Tech,15.44186222397536
2025-03-16,Tech_noise4,Tech,13.084730700426755
2025-03-30,Tech_noise4,Tech,0.0
2025-04-13,Tech_noise4,Tech,12.302372801332266
2025-04-27,Tech_noise4,Tech,0.0
2025-05-11,Tech_noise4,Tech,1.093111470232731
2025-05-25,Tech_noise4,Tech,1.0979548650254174
2025-06-08,Tech_noise4,Tech,0.0
2025-06-22,Tech_noise4,Tech,17.875612456605975
2025-07-06,Tech_noise4,Tech,0.0
2024-01-07,Tech_noise5,Tech,0.0
2024-01-21,Tech_noise5,Tech,0.0
2024-02-04,Tech_noise5,Tech,2.680420752157134
2024-02-18,Tech_noise5,Tech,18.438221764455758
2024-03-03,Tech_noise5,Tech,9.046420274232503
2024-03-17,Tech_noise5,Tech,0.0
2024-03-31,Tech_noise5,Tech,37.277848750183374
2024-04-14,Tech_noise5,Tech,3.9716296646696945
2024-04-28,Tech_noise5,Tech,19.130861069985222
2024-05-12,Tech_noise5,Tech,0.0
2024-05-26,Tech_noise5,Tech,8.00038867058174
2024-06-09,Tech_noise5,Tech,12.592027567776071
2024-06-23,Tech_noise5,Tech,18.272920676313838
2024-07-07,Tech_noise5,Tech,15.860524580673376
2024-07-21,Tech_noise5,Tech,13.082955001094668
2024-08-04,Tech_noise5,Tech,0.0
2024-08-18,Tech_noise5,Tech,0.0
2024-09-01,Tech_noise5,Tech,4.989112654862963
2024-09-15,Tech_noise5,Tech,13.996921085116039
2024-09-29,Tech_noise5,Tech,0.0
2024-10-13,Tech_noise5,Tech,15.977579485715799
2024-10-27,Tech_noise5,Tech,21.78925118229269
2024-11-10,Tech_noise5,Tech,0.0
2024-11-24,Tech_noise5,Tech,0.0
2024-12-08,Tech_noise5,Tech,0.0
2024-12-22,Tech_noise5,Tech,4.614190022837946
2025-01-05,Tech_noise5,Tech,0.0
2025-01-19,Tech_noise5,Tech,20.283040183007166
2025-02-02,Tech_noise5,Tech,6.361002922776768
2025-02-16,Tech_noise5,Tech,0.5917057236110923
2025-03-02,Tech_noise5,Tech,0.0
2025-03-16,Tech_noise5,Tech,0.0
2025-03-30,Tech_noise5,Tech,4.215138754227095
2025-04-13,Tech_noise5,Tech,0.0
2025-04-27,Tech_noise5,Tech,15.189561144661077
2025-05-11,Tech_noise5,Tech,0.0
2025-05-25,Tech_noise5,Tech,48.646394543921
2025-06-08,Tech_noise5,Tech,34.61874375924166
2025-06-22,Tech_noise5,Tech,0.0
2025-07-06,Tech_noise5,Tech,0.0
2024-01-07,Tech_noise6,Tech,14.933722710030446
2024-01-21,Tech_noise6,Tech,25.547589148770566
2024-02-04,Tech_noise6,Tech,0.0
2024-02-18,Tech_noise6,Tech,0.0
2024-03-03,Tech_noise6,Tech,0.0
2024-03-17,Tech_noise6,Tech,8.741063747607965
2024-03-31,Tech_noise6,Tech,7.453103857613956
2024-04-14,Tech_noise6,Tech,16.046571824757752
2024-04-28,Tech_noise6,Tech,0.0
2024-05-12,Tech_noise6,Tech,0.0
2024-05-26,Tech_noise6,Tech,12.870212929532181
2024-06-09,Tech_noise6,Tech,0.0
2024-06-23,Tech_noise6,Tech,0.0
2024-07-07,Tech_noise6,Tech,2.175956189390724
2024-07-21,Tech_noise6,Tech,11.89763532328016
2024-08-04,Tech_noise6,Tech,0.0
2024-08-18,Tech_noise6,Tech,0.0
2024-09-01,Tech_noise6,Tech,0.0
2024-09-15,Tech_noise6,Tech,0.0
2024-09-29,Tech_noise6,Tech,0.0
2024-10-13,Tech_noise6,Tech,0.0
2024-10-27,Tech_noise6,Tech,7.819198575207217
2024-11-10,Tech_noise6,Tech,4.825178120647501
2024-11-24,Tech_noise6,Tech,2.5208970895023035
2024-12-08,Tech_noise6,Tech,0.0
2024-12-22,Tech_noise6,Tech,0.0
2025-01-05,Tech_noise6,Tech,0.0
2025-01-19,Tech_noise6,Tech,2.6771499582808462
2025-02-02,Tech_noise6,Tech,21.43286561720351
2025-02-16,Tech_noise6,Tech,0.0
2025-03-02,Tech_noise6,Tech,0.0
2025-03-16,Tech_noise6,Tech,4.936601680651943
2025-03-30,Tech_noise6,Tech,18.792639516412255
2025-04-13,Tech_noise6,Tech,0.0
2025-04-27,Tech_noise6,Tech,0.0
2025-05-11,Tech_noise6,Tech,0.0
2025-05-25,Tech_noise6,Tech,1.5515719396215957
2025-06-08,Tech_noise6,Tech,30.63114060215616
2025-06-22,Tech_noise6,Tech,4.1603769294701385
2025-07-06,Tech_noise6,Tech,0.0
2024-01-07,Tech_noise7,Tech,4.831234661504782
2024-01-21,Tech_noise7,Tech,0.0
2024-02-04,Tech_noise7,Tech,0.0
2024-02-18,Tech_noise7,Tech,12.34919873516558
2024-03-03,Tech_noise7,Tech,3.386422846676316
2024-03-17,Tech_noise7,Tech,0.2641987790048597
2024-03-31,Tech_noise7,Tech,0.0
2024-04-14,Tech_noise7,Tech,19.552618979021386
2024-04-28,Tech_noise7,Tech,9.97054117999665
2024-05-12,Tech_noise7,Tech,0.0
2024-05-26,Tech_noise7,Tech,15.027372805229058
2024-06-09,Tech_noise7,Tech,0.0
2024-06-23,Tech_noise7,Tech,0.0
2024-07-07,Tech_noise7,Tech,0.0
2024-07-21,Tech_noise7,Tech,0.0
2024-08-04,Tech_noise7,Tech,7.073135706273086
2024-08-18,Tech_noise7,Tech,0.0
2024-09-01,Tech_noise7,Tech,0.0
2024-09-15,Tech_noise7,Tech,0.0
2024-09-29,Tech_noise7,Tech,0.0
2024-10-13,Tech_noise7,Tech,0.0
2024-10-27,Tech_noise7,Tech,0.0
2024-11-10,Tech_noise7,Tech,0.0
2024-11-24,Tech_noise7,Tech,0.0
2024-12-08,Tech_noise7,Tech,6.965547953198612
2024-12-22,Tech_noise7,Tech,0.0
2025-01-05,Tech_noise7,Tech,4.745374823042171
2025-01-19,Tech_noise7,Tech,0.0
2025-02-02,Tech_noise7,Tech,2.715941141566235
2025-02-16,Tech_noise7,Tech,19.549170559740958
2025-03-02,Tech_noise7,Tech,8.79248700589175
2025-03-16,Tech_noise7,Tech,0.0
2025-03-30,Tech_noise7,Tech,3.8579845553389105
2025-04-13,Tech_noise7,Tech,0.0
2025-04-27,Tech_noise7,Tech,0.11820277042092228
2025-05-11,Tech_noise7,Tech,0.0
2025-05-25,Tech_noise7,Tech,0.0
2025-06-08,Tech_noise7,Tech,3.1814002961126286
2025-06-22,Tech_noise7,Tech,0.0
2025-07-06,Tech_noise7,Tech,0.0
2024-01-07,Tech_noise8,Tech,0.0
2024-01-21,Tech_noise8,Tech,0.0
2024-02-04,Tech_noise8,Tech,0.0
2024-02-18,Tech_noise8,Tech,2.3919376020619376
2024-03-03,Tech_noise8,Tech,0.0
2024-03-17,Tech_noise8,Tech,7.704216963466443
2024-03-31,Tech_noise8,Tech,0.520706231288428
2024-04-14,Tech_noise8,Tech,0.0
2024-04-28,Tech_noise8,Tech,9.824633763325346
2024-05-12,Tech_noise8,Tech,12.161979683875648
2024-05-26,Tech_noise8,Tech,0.0
2024-06-09,Tech_noise8,Tech,6.302873143424874
2024-06-23,Tech_noise8,Tech,0.0
2024-07-07,Tech_noise8,Tech,1.465055651225031
2024-07-21,Tech_noise8,Tech,0.0
2024-08-04,Tech_noise8,Tech,0.0
2024-08-18,Tech_noise8,Tech,0.0
2024-09-01,Tech_noise8,Tech,0.0
2024-09-15,Tech_noise8,Tech,0.0
2024-09-29,Tech_noise8,Tech,0.0
2024-10-13,Tech_noise8,Tech,0.0
2024-10-27,Tech_noise8,Tech,4.03942128871101
2024-11-10,Tech_noise8,Tech,0.0
2024-11-24,Tech_noise8,Tech,2.7375154589882014
2024-12-08,Tech_noise8,Tech,0.0
2024-12-22,Tech_noise8,Tech,17.575768720742396
2025-01-05,Tech_noise8,Tech,0.0
2025-01-19,Tech_noise8,Tech,7.313404456300779
2025-02-02,Tech_noise8,Tech,17.728366394399423
2025-02-16,Tech_noise8,Tech,7.213621391233431
2025-03-02,Tech_noise8,Tech,0.0
2025-03-16,Tech_noise8,Tech,0.0
2025-03-30,Tech_noise8,Tech,15.54131476569384
2025-04-13,Tech_noise8,Tech,0.0
2025-04-27,Tech_noise8,Tech,0.0
2025-05-11,Tech_noise8,Tech,0.0
2025-05-25,Tech_noise8,Tech,18.56480636267997
2025-06-08,Tech_noise8,Tech,5.696514540613441
2025-06-22,Tech_noise8,Tech,0.0
2025-07-06,Tech_noise8,Tech,0.0
2024-01-07,Tech_noise9,Tech,0.0
2024-01-21,Tech_noise9,Tech,0.0
2024-02-04,Tech_noise9,Tech,14.683343378351687
2024-02-18,Tech_noise9,Tech,0.0
2024-03-03,Tech_noise9,Tech,24.131712836015602
2024-03-17,Tech_noise9,Tech,12.423445352769342
2024-03-31,Tech_noise9,Tech,16.36292505905547
2024-04-14,Tech_noise9,Tech,0.0
2024-04-28,Tech_noise9,Tech,0.0
2024-05-12,Tech_noise9,Tech,0.0
2024-05-26,Tech_noise9,Tech,0.0
2024-06-09,Tech_noise9,Tech,7.404822714647263
2024-06-23,Tech_noise9,Tech,19.440945926720943
2024-07-07,Tech_noise9,Tech,0.0
2024-07-21,Tech_noise9,Tech,0.0
2024-08-04,Tech_noise9,Tech,0.0
2024-08-18,Tech_noise9,Tech,0.0
2024-09-01,Tech_noise9,Tech,8.870238626376004
2024-09-15,Tech_noise9,Tech,0.0
2024-09-29,Tech_noise9,Tech,0.0
2024-10-13,Tech_noise9,Tech,0.0
2024-10-27,Tech_noise9,Tech,0.0
2024-11-10,Tech_noise9,Tech,0.0
2024-11-24,Tech_noise9,Tech,0.0
2024-12-08,Tech_noise9,Tech,0.0
2024-12-22,Tech_noise9,Tech,0.0
2025-01-05,Tech_noise9,Tech,4.792870061744331
2025-01-19,Tech_noise9,Tech,24.804259027384276
2025-02-02,Tech_noise9,Tech,2.0983084925869107
2025-02-16,Tech_noise9,Tech,14.941773223666935
2025-03-02,Tech_noise9,Tech,0.0
2025-03-16,Tech_noise9,Tech,2.366421589406542
2025-03-30,Tech_noise9,Tech,0.0
2025-04-13,Tech_noise9,Tech,0.0
2025-04-27,Tech_noise9,Tech,0.0
2025-05-11,Tech_noise9,Tech,17.878490016203592
2025-05-25,Tech_noise9,Tech,14.250237430044685
2025-06-08,Tech_noise9,Tech,3.645070830815995
2025-06-22,Tech_noise9,Tech,0.0
2025-07-06,Tech_noise9,Tech,0.0
2024-01-07,Tech_noise10,Tech,4.525500133526033
2024-01-21,Tech_noise10,Tech,2.6330434436789685
2024-02-04,Tech_noise10,Tech,0.0
2024-02-18,Tech_noise10,Tech,0.0
2024-03-03,Tech_noise10,Tech,0.0
2024-03-17,Tech_noise10,Tech,8.04436364275785
2024-03-31,Tech_noise10,Tech,0.0
2024-04-14,Tech_noise10,Tech,0.0
2024-04-28,Tech_noise10,Tech,2.145731548184285
2024-05-12,Tech_noise10,Tech,12.744179827743197
2024-05-26,Tech_noise10,Tech,10.39286376356155
2024-06-09,Tech_noise10,Tech,8.738569782132078
2024-06-23,Tech_noise10,Tech,0.0
2024-07-07,Tech_noise10,Tech,0.0
2024-07-21,Tech_noise10,Tech,0.0
2024-08-04,Tech_noise10,Tech,15.0244773781284
2024-08-18,Tech_noise10,Tech,20.90181791286647
2024-09-01,Tech_noise10,Tech,10.65823653446678
2024-09-15,Tech_noise10,Tech,6.440112342026016
2024-09-29,Tech_noise10,Tech,5.694594725789482
2024-10-13,Tech_noise10,Tech,0.0
2024-10-27,Tech_noise10,Tech,0.0
2024-11-10,Tech_noise10,Tech,25.036042887394967
2024-11-24,Tech_noise10,Tech,0.0
2024-12-08,Tech_noise10,Tech,24.22168186064777
2024-12-22,Tech_noise10,Tech,0.0
2025-01-05,Tech_noise10,Tech,19.881481636426177
2025-01-19,Tech_noise10,Tech,0.0
2025-02-02,Tech_noise10,Tech,8.788563017469738
2025-02-16,Tech_noise10,Tech,0.0
2025-03-02,Tech_noise10,Tech,0.0
2025-03-16,Tech_noise10,Tech,3.278010636164185
2025-03-30,Tech_noise10,Tech,15.142076828939532
2025-04-13,Tech_noise10,Tech,0.0
2025-04-27,Tech_noise10,Tech,0.0
2025-05-11,Tech_noise10,Tech,0.0
2025-05-25,Tech_noise10,Tech,0.0
2025-06-08,Tech_noise10,Tech,8.22479441331748
2025-06-22,Tech_noise10,Tech,14.243918570467324
2025-07-06,Tech_noise10,Tech,0.0
2024-01-07,Tech_noise11,Tech,27.832549721913946
2024-01-21,Tech_noise11,Tech,3.3635211680293766
2024-02-04,Tech_noise11,Tech,0.0
2024-02-18,Tech_noise11,Tech,0.0
2024-03-03,Tech_noise11,Tech,0.0
2024-03-17,Tech_noise11,Tech,0.0
2024-03-31,Tech_noise11,Tech,14.404571944222056
2024-04-14,Tech_noise11,Tech,6.937254361002811
2024-04-28,Tech_noise11,Tech,0.0
2024-05-12,Tech_noise11,Tech,2.5838157961655623
2024-05-26,Tech_noise11,Tech,10.0729675759358
2024-06-09,Tech_noise11,Tech,22.920470390817492
2024-06-23,Tech_noise11,Tech,13.31255951121089
2024-07-07,Tech_noise11,Tech,11.412699814672166
2024-07-21,Tech_noise11,Tech,0.9012899192274542
2024-08-04,Tech_noise11,Tech,5.824680081351745
2024-08-18,Tech_noise11,Tech,18.74257351059238
2024-09-01,Tech_noise11,Tech,0.0
2024-09-15,Tech_noise11,Tech,0.0
2024-09-29,Tech_noise11,Tech,0.0
2024-10-13,Tech_noise11,Tech,5.687296780891861
2024-10-27,Tech_noise11,Tech,18.453332634761814
2024-11-10,Tech_noise11,Tech,0.0
2024-11-24,Tech_noise11,Tech,0.0
2024-12-08,Tech_noise11,Tech,0.0
2024-12-22,Tech_noise11,Tech,13.702105980261098
2025-01-05,Tech_noise11,Tech,8.064448544248195
2025-01-19,Tech_noise11,Tech,6.422793717158642
2025-02-02,Tech_noise11,Tech,0.0
2025-02-16,Tech_noise11,Tech,0.0
2025-03-02,Tech_noise11,Tech,7.729414824367011
2025-03-16,Tech_noise11,Tech,0.0
2025-03-30,Tech_noise11,Tech,32.76145100070684
2025-04-13,Tech_noise11,Tech,8.557608125317739
2025-04-27,Tech_noise11,Tech,0.0
2025-05-11,Tech_noise11,Tech,0.0
2025-05-25,Tech_noise11,Tech,0.0
2025-06-08,Tech_noise11,Tech,0.0
2025-06-22,Tech_noise11,Tech,16.752506632949313
2025-07-06,Tech_noise11,Tech,2.796242546160695
2024-01-07,Tech_noise12,Tech,0.0
2024-01-21,Tech_noise12,Tech,28.356610277336742
2024-02-04,Tech_noise12,Tech,0.7396249728033395
2024-02-18,Tech_noise12,Tech,11.532595139533452
2024-03-03,Tech_noise12,Tech,0.0
2024-03-17,Tech_noise12,Tech,5.446734416167851
2024-03-31,Tech_noise12,Tech,4.666649867147928
2024-04-14,Tech_noise12,Tech,0.0
2024-04-28,Tech_noise12,Tech,30.229126656909603
2024-05-12,Tech_noise12,Tech,19.359666913838208
2024-05-26,Tech_noise12,Tech,0.0
2024-06-09,Tech_noise12,Tech,0.0
2024-06-23,Tech_noise12,Tech,5.213424207053281
2024-07-07,Tech_noise12,Tech,1.3004654912159488
2024-07-21,Tech_noise12,Tech,5.335034228448441
2024-08-04,Tech_noise12,Tech,2.873660942911344
2024-08-18,Tech_noise12,Tech,7.593614839588891
2024-09-01,Tech_noise12,Tech,21.7095854908771
2024-09-15,Tech_noise12,Tech,8.521548076929692
2024-09-29,Tech_noise12,Tech,0.0
2024-10-13,Tech_noise12,Tech,20.438442790686782
2024-10-27,Tech_noise12,Tech,24.60921845232431
2024-11-10,Tech_noise12,Tech,47.28085101768127
2024-11-24,Tech_noise12,Tech,0.0
2024-12-08,Tech_noise12,Tech,3.643230197254125
2024-12-22,Tech_noise12,Tech,0.0
2025-01-05,Tech_noise12,Tech,8.297237345688137
2025-01-19,Tech_noise12,Tech,0.0
2025-02-02,Tech_noise12,Tech,28.8516869223743
2025-02-16,Tech_noise12,Tech,0.0
2025-03-02,Tech_noise12,Tech,0.0
2025-03-16,Tech_noise12,Tech,0.0
2025-03-30,Tech_noise12,Tech,0.0
2025-04-13,Tech_noise12,Tech,11.266491817609651
2025-04-27,Tech_noise12,Tech,0.0
2025-05-11,Tech_noise12,Tech,0.4268637177473832
2025-05-25,Tech_noise12,Tech,0.0
2025-06-08,Tech_noise12,Tech,0.0
2025-06-22,Tech_noise12,Tech,24.65067233706801
2025-07-06,Tech_noise12,Tech,5.409718371536925
2024-01-07,Tech_noise13,Tech,0.0
2024-01-21,Tech_noise13,Tech,0.0
2024-02-04,Tech_noise13,Tech,0.2702530806666988
2024-02-18,Tech_noise13,Tech,7.089455187651084
2024-03-03,Tech_noise13,Tech,0.0
2024-03-17,Tech_noise13,Tech,8.88850910770996
2024-03-31,Tech_noise13,Tech,0.0
2024-04-14,Tech_noise13,Tech,0.0
2024-04-28,Tech_noise13,Tech,0.0
2024-05-12,Tech_noise13,Tech,9.499902391068577
2024-05-26,Tech_noise13,Tech,0.3394627901530371
2024-06-09,Tech_noise13,Tech,0.0
2024-06-23,Tech_noise13,Tech,0.0
2024-07-07,Tech_noise13,Tech,2.9802001432111034
2024-07-21,Tech_noise13,Tech,0.0
2024-08-04,Tech_noise13,Tech,0.0
2024-08-18,Tech_noise13,Tech,0.0
2024-09-01,Tech_noise13,Tech,10.442519957389335
2024-09-15,Tech_noise13,Tech,0.0
2024-09-29,Tech_noise13,Tech,0.0
2024-10-13,Tech_noise13,Tech,32.54904882120814
2024-10-27,Tech_noise13,Tech,0.0
2024-11-10,Tech_noise13,Tech,0.0
2024-11-24,Tech_noise13,Tech,11.7538449719791
2024-12-08,Tech_noise13,Tech,0.0
2024-12-22,Tech_noise13,Tech,0.0
2025-01-05,Tech_noise13,Tech,0.0
2025-01-19,Tech_noise13,Tech,0.0
2025-02-02,Tech_noise13,Tech,23.97807168144512
2025-02-16,Tech_noise13,Tech,12.03192687927179
2025-03-02,Tech_noise13,Tech,12.933352678304656
2025-03-16,Tech_noise13,Tech,0.0
2025-03-30,Tech_noise13,Tech,0.0
2025-04-13,Tech_noise13,Tech,0.0
2025-04-27,Tech_noise13,Tech,0.0
2025-05-11,Tech_noise13,Tech,14.350547795784877
2025-05-25,Tech_noise13,Tech,7.754197736225564
2025-06-08,Tech_noise13,Tech,0.0
2025-06-22,Tech_noise13,Tech,0.0
2025-07-06,Tech_noise13,Tech,0.0
2024-01-07,Tech_noise14,Tech,3.0713832360267626
2024-01-21,Tech_noise14,Tech,11.488174192209222
2024-02-04,Tech_noise14,Tech,0.0
2024-02-18,Tech_noise14,Tech,4.494715317560222
2024-03-03,Tech_noise14,Tech,13.986523064320009
2024-03-17,Tech_noise14,Tech,0.0
2024-03-31,Tech_noise14,Tech,10.510509181808755
2024-04-14,Tech_noise14,Tech,42.219816667088296
2024-04-28,Tech_noise14,Tech,0.0
2024-05-12,Tech_noise14,Tech,5.899605750079854
2024-05-26,Tech_noise14,Tech,0.0
2024-06-09,Tech_noise14,Tech,2.718767439030756
2024-06-23,Tech_noise14,Tech,6.904074374734558
2024-07-07,Tech_noise14,Tech,2.9226351040520706
2024-07-21,Tech_noise14,Tech,0.0
2024-08-04,Tech_noise14,Tech,3.0954265698817602
2024-08-18,Tech_noise14,Tech,21.93293908076455
2024-09-01,Tech_noise14,Tech,6.729536467717909
2024-09-15,Tech_noise14,Tech,14.429807836077615
2024-09-29,Tech_noise14,Tech,0.0
2024-10-13,Tech_noise14,Tech,11.248503591355657
2024-10-27,Tech_noise14,Tech,4.189017573247889
2024-11-10,Tech_noise14,Tech,0.0
2024-11-24,Tech_noise14,Tech,4.777815071983117
2024-12-08,Tech_noise14,Tech,0.0
2024-12-22,Tech_noise14,Tech,0.0
2025-01-05,Tech_noise14,Tech,2.839924609385612
2025-01-19,Tech_noise14,Tech,4.458664100701861
2025-02-02,Tech_noise14,Tech,0.0
2025-02-16,Tech_noise14,Tech,15.809786567743142
2025-03-02,Tech_noise14,Tech,8.580094174507094
2025-03-16,Tech_noise14,Tech,0.0
2025-03-30,Tech_noise14,Tech,0.0
2025-04-13,Tech_noise14,Tech,0.0
2025-04-27,Tech_noise14,Tech,0.0
2025-05-11,Tech_noise14,Tech,1.6971068557953422
2025-05-25,Tech_noise14,Tech,0.0
2025-06-08,Tech_noise14,Tech,0.0
2025-06-22,Tech_noise14,Tech,0.0
2025-07-06,Tech_noise14,Tech,0.0
2024-01-07,Tech_noise15,Tech,9.504915371610881
2024-01-21,Tech_noise15,Tech,0.0
2024-02-04,Tech_noise15,Tech,25.180120100588493
2024-02-18,Tech_noise15,Tech,0.0
2024-03-03,Tech_noise15,Tech,19.667512467039366
2024-03-17,Tech_noise15,Tech,0.0
2024-03-31,Tech_noise15,Tech,12.893773085153343
2024-04-14,Tech_noise15,Tech,1.1970222608809964
2024-04-28,Tech_noise15,Tech,17.09333304038204
2024-05-12,Tech_noise15,Tech,0.0
2024-05-26,Tech_noise15,Tech,0.0
2024-06-09,Tech_noise15,Tech,21.307564309065945
2024-06-23,Tech_noise15,Tech,0.0
2024-07-07,Tech_noise15,Tech,3.3233771043631593
2024-07-21,Tech_noise15,Tech,18.521278710671925
2024-08-04,Tech_noise15,Tech,0.0
2024-08-18,Tech_noise15,Tech,8.93236346458886
2024-09-01,Tech_noise15,Tech,0.0
2024-09-15,Tech_noise15,Tech,0.0
2024-09-29,Tech_noise15,Tech,1.0841844807643335
2024-10-13,Tech_noise15,Tech,0.0
2024-10-27,Tech_noise15,Tech,0.0
2024-11-10,Tech_noise15,Tech,20.266093386197088
2024-11-24,Tech_noise15,Tech,13.292867828771934
2024-12-08,Tech_noise15,Tech,0.0
2024-12-22,Tech_noise15,Tech,3.646851877693396
2025-01-05,Tech_noise15,Tech,0.0
2025-01-19,Tech_noise15,Tech,20.348750787419732
2025-02-02,Tech_noise15,Tech,0.0
2025-02-16,Tech_noise15,Tech,3.4776313820227207
2025-03-02,Tech_noise15,Tech,17.190452162130974
2025-03-16,Tech_noise15,Tech,0.0
2025-03-30,Tech_noise15,Tech,23.38183776745341
2025-04-13,Tech_noise15,Tech,0.0
2025-04-27,Tech_noise15,Tech,24.44463196669198
2025-05-11,Tech_noise15,Tech,0.0
2025-05-25,Tech_noise15,Tech,0.0
2025-06-08,Tech_noise15,Tech,0.0
2025-06-22,Tech_noise15,Tech,0.0
2025-07-06,Tech_noise15,Tech,0.0
2024-01-07,Tech_noise16,Tech,0.0
2024-01-21,Tech_noise16,Tech,0.0
2024-02-04,Tech_noise16,Tech,14.366874217093585
2024-02-18,Tech_noise16,Tech,3.1140502710093867
2024-03-03,Tech_noise16,Tech,4.615149801016708
2024-03-17,Tech_noise16,Tech,0.0
2024-03-31,Tech_noise16,Tech,0.0
2024-04-14,Tech_noise16,Tech,26.98087527526968
2024-04-28,Tech_noise16,Tech,0.0
2024-05-12,Tech_noise16,Tech,24.843123780859433
2024-05-26,Tech_noise16,Tech,0.0
2024-06-09,Tech_noise16,Tech,0.03431904215256074
2024-06-23,Tech_noise16,Tech,16.055477403448947
2024-07-07,Tech_noise16,Tech,19.078386329079848
2024-07-21,Tech_noise16,Tech,0.0
2024-08-04,Tech_noise16,Tech,0.0
2024-08-18,Tech_noise16,Tech,0.0
2024-09-01,Tech_noise16,Tech,5.0693629234817745
2024-09-15,Tech_noise16,Tech,13.369555303046333
2024-09-29,Tech_noise16,Tech,0.06344788491227366
2024-10-13,Tech_noise16,Tech,9.283294470347304
2024-10-27,Tech_noise16,Tech,24.575395984064112
2024-11-10,Tech_noise16,Tech,5.71964418397177
2024-11-24,Tech_noise16,Tech,4.6747928400716745
2024-12-08,Tech_noise16,Tech,0.0
2024-12-22,Tech_noise16,Tech,0.0
2025-01-05,Tech_noise16,Tech,5.825635938452525
2025-01-19,Tech_noise16,Tech,0.0
2025-02-02,Tech_noise16,Tech,0.0
2025-02-16,Tech_noise16,Tech,3.6529530627951696
2025-03-02,Tech_noise16,Tech,0.0
2025-03-16,Tech_noise16,Tech,16.91670375950848
2025-03-30,Tech_noise16,Tech,1.2916630238846685
2025-04-13,Tech_noise16,Tech,0.0
2025-04-27,Tech_noise16,Tech,14.852493584389336
2025-05-11,Tech_noise16,Tech,0.0
2025-05-25,Tech_noise16,Tech,7.898050255084606
2025-06-08,Tech_noise16,Tech,0.0
2025-06-22,Tech_noise16,Tech,0.0
2025-07-06,Tech_noise16,Tech,1.2625234527854423
2024-01-07,Tech_noise17,Tech,0.1924296531552768
2024-01-21,Tech_noise17,Tech,7.197405530502495
2024-02-04,Tech_noise17,Tech,0.0
2024-02-18,Tech_noise17,Tech,0.0
2024-03-03,Tech_noise17,Tech,0.0
2024-03-17,Tech_noise17,Tech,11.907277007157235
2024-03-31,Tech_noise17,Tech,0.0
2024-04-14,Tech_noise17,Tech,0.0
2024-04-28,Tech_noise17,Tech,14.795647588589055
2024-05-12,Tech_noise17,Tech,0.0
2024-05-26,Tech_noise17,Tech,0.0
2024-06-09,Tech_noise17,Tech,0.0
2024-06-23,Tech_noise17,Tech,0.0
2024-07-07,Tech_noise17,Tech,0.0
2024-07-21,Tech_noise17,Tech,0.0
2024-08-04,Tech_noise17,Tech,7.372584708701755
2024-08-18,Tech_noise17,Tech,0.0
2024-09-01,Tech_noise17,Tech,4.604716090293566
2024-09-15,Tech_noise17,Tech,27.201115477731346
2024-09-29,Tech_noise17,Tech,0.0
2024-10-13,Tech_noise17,Tech,4.175229519670044
2024-10-27,Tech_noise17,Tech,0.0
2024-11-10,Tech_noise17,Tech,0.0
2024-11-24,Tech_noise17,Tech,0.0
2024-12-08,Tech_noise17,Tech,0.0
2024-12-22,Tech_noise17,Tech,5.392136963206883
2025-01-05,Tech_noise17,Tech,35.23613680051136
2025-01-19,Tech_noise17,Tech,0.0
2025-02-02,Tech_noise17,Tech,0.0
2025-02-16,Tech_noise17,Tech,0.0
2025-03-02,Tech_noise17,Tech,5.936982730646206
2025-03-16,Tech_noise17,Tech,3.9532621793217744
2025-03-30,Tech_noise17,Tech,19.261436909221757
2025-04-13,Tech_noise17,Tech,0.0
2025-04-27,Tech_noise17,Tech,0.0
2025-05-11,Tech_noise17,Tech,0.0
2025-05-25,Tech_noise17,Tech,16.45950281315563
2025-06-08,Tech_noise17,Tech,0.0
2025-06-22,Tech_noise17,Tech,0.0
2025-07-06,Tech_noise17,Tech,8.567691093288131
2024-01-07,Tech_noise18,Tech,3.6548583555407164
2024-01-21,Tech_noise18,Tech,0.0
2024-02-04,Tech_noise18,Tech,0.0
2024-02-18,Tech_noise18,Tech,0.0
2024-03-03,Tech_noise18,Tech,1.658029762109102
2024-03-17,Tech_noise18,Tech,0.0
2024-03-31,Tech_noise18,Tech,7.410958784632795
2024-04-14,Tech_noise18,Tech,0.0
2024-04-28,Tech_noise18,Tech,0.0
2024-05-12,Tech_noise18,Tech,0.0
2024-05-26,Tech_noise18,Tech,0.0
2024-06-09,Tech_noise18,Tech,0.0
2024-06-23,Tech_noise18,Tech,11.9676566984365
2024-07-07,Tech_noise18,Tech,0.0
2024-07-21,Tech_noise18,Tech,0.68237214496128
2024-08-04,Tech_noise18,Tech,8.375046348175582
2024-08-18,Tech_noise18,Tech,27.849711548429323
2024-09-01,Tech_noise18,Tech,0.0
2024-09-15,Tech_noise18,Tech,4.866879065287756
2024-09-29,Tech_noise18,Tech,0.0
2024-10-13,Tech_noise18,Tech,0.0
2024-10-27,Tech_noise18,Tech,12.671615636725498
2024-11-10,Tech_noise18,Tech,0.0
2024-11-24,Tech_noise18,Tech,17.67769034697634
2024-12-08,Tech_noise18,Tech,0.0
2024-12-22,Tech_noise18,Tech,7.798532092931288
2025-01-05,Tech_noise18,Tech,28.032267608157795
2025-01-19,Tech_noise18,Tech,6.295584125358989
2025-02-02,Tech_noise18,Tech,4.148722583865732
2025-02-16,Tech_noise18,Tech,0.12834121236524748
2025-03-02,Tech_noise18,Tech,0.0
2025-03-16,Tech_noise18,Tech,20.33359403565522
2025-03-30,Tech_noise18,Tech,0.0
2025-04-13,Tech_noise18,Tech,7.5672488457452545
2025-04-27,Tech_noise18,Tech,0.0
2025-05-11,Tech_noise18,Tech,0.0
2025-05-25,Tech_noise18,Tech,21.52631098833353
2025-06-08,Tech_noise18,Tech,0.0
2025-06-22,Tech_noise18,Tech,21.799132140638168
2025-07-06,Tech_noise18,Tech,0.0
2024-01-07,Tech_noise19,Tech,0.0
2024-01-21,Tech_noise19,Tech,13.381013995975808
2024-02-04,Tech_noise19,Tech,0.0
2024-02-18,Tech_noise19,Tech,10.480332202755653
2024-03-03,Tech_noise19,Tech,0.37816301310123174
2024-03-17,Tech_noise19,Tech,0.0
2024-03-31,Tech_noise19,Tech,2.464421480558536
2024-04-14,Tech_noise19,Tech,32.94334713229199
2024-04-28,Tech_noise19,Tech,7.394796877716888
2024-05-12,Tech_noise19,Tech,0.0
2024-05-26,Tech_noise19,Tech,16.130151029353467
2024-06-09,Tech_noise19,Tech,3.160026978046662
2024-06-23,Tech_noise19,Tech,3.143013453941915
2024-07-07,Tech_noise19,Tech,0.0
2024-07-21,Tech_noise19,Tech,3.5077203868439755
2024-08-04,Tech_noise19,Tech,15.531651246254173
2024-08-18,Tech_noise19,Tech,0.0
2024-09-01,Tech_noise19,Tech,21.367437318704216
2024-09-15,Tech_noise19,Tech,0.0
2024-09-29,Tech_noise19,Tech,0.0
2024-10-13,Tech_noise19,Tech,14.964481153803668
2024-10-27,Tech_noise19,Tech,0.0
2024-11-10,Tech_noise19,Tech,11.392723312291618
2024-11-24,Tech_noise19,Tech,0.0
2024-12-08,Tech_noise19,Tech,0.0
2024-12-22,Tech_noise19,Tech,7.403403065014374
2025-01-05,Tech_noise19,Tech,4.363455863850088
2025-01-19,Tech_noise19,Tech,0.0
2025-02-02,Tech_noise19,Tech,0.0
2025-02-16,Tech_noise19,Tech,13.941149771862232
2025-03-02,Tech_noise19,Tech,0.0
2025-03-16,Tech_noise19,Tech,0.0
2025-03-30,Tech_noise19,Tech,0.0
2025-04-13,Tech_noise19,Tech,0.0
2025-04-27,Tech_noise19,Tech,0.0
2025-05-11,Tech_noise19,Tech,0.0
2025-05-25,Tech_noise19,Tech,0.0
2025-06-08,Tech_noise19,Tech,0.0
2025-06-22,Tech_noise19,Tech,0.0
2025-07-06,Tech_noise19,Tech,5.459559462791072
2024-01-07,Tech_noise20,Tech,31.39796898314917
2024-01-21,Tech_noise20,Tech,0.0
2024-02-04,Tech_noise20,Tech,17.390715649507833
2024-02-18,Tech_noise20,Tech,14.596523415226079
2024-03-03,Tech_noise20,Tech,0.0
2024-03-17,Tech_noise20,Tech,3.0485393187904655
2024-03-31,Tech_noise20,Tech,0.0
2024-04-14,Tech_noise20,Tech,2.785328706281084
2024-04-28,Tech_noise20,Tech,22.636965201068257
2024-05-12,Tech_noise20,Tech,9.084093489469694
2024-05-26,Tech_noise20,Tech,7.62912559850163
2024-06-09,Tech_noise20,Tech,0.0
2024-06-23,Tech_noise20,Tech,0.0
2024-07-07,Tech_noise20,Tech,0.0
2024-07-21,Tech_noise20,Tech,18.099122322958728
2024-08-04,Tech_noise20,Tech,0.0
2024-08-18,Tech_noise20,Tech,0.0
2024-09-01,Tech_noise20,Tech,1.8940160435110225
2024-09-15,Tech_noise20,Tech,0.0
2024-09-29,Tech_noise20,Tech,0.0
2024-10-13,Tech_noise20,Tech,0.0
2024-10-27,Tech_noise20,Tech,0.0
2024-11-10,Tech_noise20,Tech,0.0
2024-11-24,Tech_noise20,Tech,10.551418751809631
2024-12-08,Tech_noise20,Tech,0.0
2024-12-22,Tech_noise20,Tech,0.0
2025-01-05,Tech_noise20,Tech,0.0
2025-01-19,Tech_noise20,Tech,10.979332537647686
2025-02-02,Tech_noise20,Tech,0.0
2025-02-16,Tech_noise20,Tech,0.0
2025-03-02,Tech_noise20,Tech,0.6653819627341058
2025-03-16,Tech_noise20,Tech,0.0
2025-03-30,Tech_noise20,Tech,7.420584806625487
2025-04-13,Tech_noise20,Tech,5.751525471054662
2025-04-27,Tech_noise20,Tech,0.0
2025-05-11,Tech_noise20,Tech,15.088867676946249
2025-05-25,Tech_noise20,Tech,0.0
2025-06-08,Tech_noise20,Tech,16.918634898803536
2025-06-22,Tech_noise20,Tech,2.3174049839287667
2025-07-06,Tech_noise20,Tech,0.0
2024-01-07,Tech_noise21,Tech,0.0
2024-01-21,Tech_noise21,Tech,0.0
2024-02-04,Tech_noise21,Tech,18.304243446265755
2024-02-18,Tech_noise21,Tech,0.0
2024-03-03,Tech_noise21,Tech,0.0
2024-03-17,Tech_noise21,Tech,15.544543381087196
2024-03-31,Tech_noise21,Tech,0.0
2024-04-14,Tech_noise21,Tech,13.507996159973874
2024-04-28,Tech_noise21,Tech,25.491539745130645
2024-05-12,Tech_noise21,Tech,0.0
2024-05-26,Tech_noise21,Tech,10.22043489862958
2024-06-09,Tech_noise21,Tech,0.0
2024-06-23,Tech_noise21,Tech,11.320999471017139
2024-07-07,Tech_noise21,Tech,2.9913597898015065
2024-07-21,Tech_noise21,Tech,7.095574232403228
2024-08-04,Tech_noise21,Tech,0.0
2024-08-18,Tech_noise21,Tech,0.0
2024-09-01,Tech_noise21,Tech,7.5487809712425715
2024-09-15,Tech_noise21,Tech,0.0
2024-09-29,Tech_noise21,Tech,0.0
2024-10-13,Tech_noise21,Tech,14.117727996299546
2024-10-27,Tech_noise21,Tech,2.878466038095541
2024-11-10,Tech_noise21,Tech,29.225139671847195
2024-11-24,Tech_noise21,Tech,15.376637288726602
2024-12-08,Tech_noise21,Tech,0.0
2024-12-22,Tech_noise21,Tech,0.40970069777158
2025-01-05,Tech_noise21,Tech,0.0
2025-01-19,Tech_noise21,Tech,0.0
2025-02-02,Tech_noise21,Tech,0.0
2025-02-16,Tech_noise21,Tech,0.0
2025-03-02,Tech_noise21,Tech,0.0
2025-03-16,Tech_noise21,Tech,0.7124020237746443
2025-03-30,Tech_noise21,Tech,0.0
2025-04-13,Tech_noise21,Tech,0.0
2025-04-27,Tech_noise21,Tech,6.0631929791599815
2025-05-11,Tech_noise21,Tech,10.738091170364394
2025-05-25,Tech_noise21,Tech,3.4055171829733335
2025-06-08,Tech_noise21,Tech,0.0
2025-06-22,Tech_noise21,Tech,8.871632276277824
2025-07-06,Tech_noise21,Tech,10.203305407150367
2024-01-07,Tech_noise22,Tech,4.611053545795326
2024-01-21,Tech_noise22,Tech,0.0
2024-02-04,Tech_noise22,Tech,4.14901148266771
2024-02-18,Tech_noise22,Tech,17.932209762382183
2024-03-03,Tech_noise22,Tech,0.0
2024-03-17,Tech_noise22,Tech,31.46909008698647
2024-03-31,Tech_noise22,Tech,0.0
2024-04-14,Tech_noise22,Tech,0.4861052001020432
2024-04-28,Tech_noise22,Tech,0.0
2024-05-12,Tech_noise22,Tech,3.349062538803913
2024-05-26,Tech_noise22,Tech,0.0
2024-06-09,Tech_noise22,Tech,0.0
2024-06-23,Tech_noise22,Tech,0.0
2024-07-07,Tech_noise22,Tech,2.0300752183843636
2024-07-21,Tech_noise22,Tech,14.916710632633611
2024-08-04,Tech_noise22,Tech,9.690092806718273
2024-08-18,Tech_noise22,Tech,0.0
2024-09-01,Tech_noise22,Tech,30.631044793918207
2024-09-15,Tech_noise22,Tech,4.429199109313026
2024-09-29,Tech_noise22,Tech,0.0
2024-10-13,Tech_noise22,Tech,2.3569187848641127
2024-10-27,Tech_noise22,Tech,2.6428473375403856
2024-11-10,Tech_noise22,Tech,0.0
2024-11-24,Tech_noise22,Tech,2.9687500101311324
2024-12-08,Tech_noise22,Tech,0.0
2024-12-22,Tech_noise22,Tech,0.0
2025-01-05,Tech_noise22,Tech,0.0
2025-01-19,Tech_noise22,Tech,0.0
2025-02-02,Tech_noise22,Tech,2.1875470532307584
2025-02-16,Tech_noise22,Tech,8.77949154774507
2025-03-02,Tech_noise22,Tech,7.723253941145583
2025-03-16,Tech_noise22,Tech,12.298878789528514
2025-03-30,Tech_noise22,Tech,4.865103150223023
2025-04-13,Tech_noise22,Tech,0.0
2025-04-27,Tech_noise22,Tech,12.594957966467831
2025-05-11,Tech_noise22,Tech,0.0
2025-05-25,Tech_noise22,Tech,0.0
2025-06-08,Tech_noise22,Tech,0.0
2025-06-22,Tech_noise22,Tech,16.200840887089655
2025-07-06,Tech_noise22,Tech,14.141827712101133
2024-01-07,Tech_noise23,Tech,7.309578555674923
2024-01-21,Tech_noise23,Tech,16.07894797817696
2024-02-04,Tech_noise23,Tech,0.0
2024-02-18,Tech_noise23,Tech,5.228926797914706
2024-03-03,Tech_noise23,Tech,0.0
2024-03-17,Tech_noise23,Tech,12.703231558273709
2024-03-31,Tech_noise23,Tech,0.0
2024-04-14,Tech_noise23,Tech,0.0
2024-04-28,Tech_noise23,Tech,8.11362777841485
2024-05-12,Tech_noise23,Tech,13.142537507868493
2024-05-26,Tech_noise23,Tech,0.0
2024-06-09,Tech_noise23,Tech,0.0
2024-06-23,Tech_noise23,Tech,0.0
2024-07-07,Tech_noise23,Tech,0.0
2024-07-21,Tech_noise23,Tech,3.006894471205935
2024-08-04,Tech_noise23,Tech,9.13358034381948
2024-08-18,Tech_noise23,Tech,3.931002136300883
2024-09-01,Tech_noise23,Tech,0.0
2024-09-15,Tech_noise23,Tech,0.0
2024-09-29,Tech_noise23,Tech,0.0
2024-10-13,Tech_noise23,Tech,20.545516614812772
2024-10-27,Tech_noise23,Tech,0.0
2024-11-10,Tech_noise23,Tech,18.831054141898445
2024-11-24,Tech_noise23,Tech,14.188044655262184
2024-12-08,Tech_noise23,Tech,0.0
2024-12-22,Tech_noise23,Tech,0.0
2025-01-05,Tech_noise23,Tech,5.255553245795074
2025-01-19,Tech_noise23,Tech,0.0
2025-02-02,Tech_noise23,Tech,1.537269632373113
2025-02-16,Tech_noise23,Tech,0.0
2025-03-02,Tech_noise23,Tech,0.0
2025-03-16,Tech_noise23,Tech,0.0
2025-03-30,Tech_noise23,Tech,3.4002637274189578
2025-04-13,Tech_noise23,Tech,0.0
2025-04-27,Tech_noise23,Tech,0.0
2025-05-11,Tech_noise23,Tech,10.43795758640678
2025-05-25,Tech_noise23,Tech,17.60163414948667
2025-06-08,Tech_noise23,Tech,0.0
2025-06-22,Tech_noise23,Tech,0.0
2025-07-06,Tech_noise23,Tech,7.502145496708256
2024-01-07,Tech_noise24,Tech,0.0
2024-01-21,Tech_noise24,Tech,3.347295821215455
2024-02-04,Tech_noise24,Tech,8.27828957733231
2024-02-18,Tech_noise24,Tech,10.203453126264437
2024-03-03,Tech_noise24,Tech,0.0
2024-03-17,Tech_noise24,Tech,0.0
2024-03-31,Tech_noise24,Tech,0.0
2024-04-14,Tech_noise24,Tech,1.4983043161381948
2024-04-28,Tech_noise24,Tech,7.211168696519759
2024-05-12,Tech_noise24,Tech,22.45065611168972
2024-05-26,Tech_noise24,Tech,0.0
2024-06-09,Tech_noise24,Tech,0.0
2024-06-23,Tech_noise24,Tech,17.245080283181206
2024-07-07,Tech_noise24,Tech,4.4486540779545765
2024-07-21,Tech_noise24,Tech,19.014772667819607
2024-08-04,Tech_noise24,Tech,4.330920045147544
2024-08-18,Tech_noise24,Tech,0.0
2024-09-01,Tech_noise24,Tech,0.0
2024-09-15,Tech_noise24,Tech,0.0
2024-09-29,Tech_noise24,Tech,9.930777521377097
2024-10-13,Tech_noise24,Tech,17.828952346305122
2024-10-27,Tech_noise24,Tech,27.740432120795717
2024-11-10,Tech_noise24,Tech,12.646579984848602
2024-11-24,Tech_noise24,Tech,17.44257866302479
2024-12-08,Tech_noise24,Tech,0.0
2024-12-22,Tech_noise24,Tech,0.0
2025-01-05,Tech_noise24,Tech,12.751189986263299
2025-01-19,Tech_noise24,Tech,6.26521128359101
2025-02-02,Tech_noise24,Tech,1.6116656151133881
2025-02-16,Tech_noise24,Tech,5.810572209494848
2025-03-02,Tech_noise24,Tech,4.847782236873089
2025-03-16,Tech_noise24,Tech,19.25725289780342
2025-03-30,Tech_noise24,Tech,19.424783772254337
2025-04-13,Tech_noise24,Tech,8.163305285105206
2025-04-27,Tech_noise24,Tech,12.687043088443923
2025-05-11,Tech_noise24,Tech,7.710938286371637
2025-05-25,Tech_noise24,Tech,0.0
2025-06-08,Tech_noise24,Tech,11.348470123697101
2025-06-22,Tech_noise24,Tech,0.0
2025-07-06,Tech_noise24,Tech,15.808373284438247
2024-01-07,Tech_noise25,Tech,0.0
2024-01-21,Tech_noise25,Tech,4.287049301920994
2024-02-04,Tech_noise25,Tech,0.0
2024-02-18,Tech_noise25,Tech,8.3008347461164
2024-03-03,Tech_noise25,Tech,0.0
2024-03-17,Tech_noise25,Tech,0.0
2024-03-31,Tech_noise25,Tech,6.310494465277182
2024-04-14,Tech_noise25,Tech,0.0
2024-04-28,Tech_noise25,Tech,13.217200812200536
2024-05-12,Tech_noise25,Tech,0.019885331016108444
2024-05-26,Tech_noise25,Tech,5.931314780820572
2024-06-09,Tech_noise25,Tech,0.0
2024-06-23,Tech_noise25,Tech,0.0
2024-07-07,Tech_noise25,Tech,0.0
2024-07-21,Tech_noise25,Tech,12.850537203638336
2024-08-04,Tech_noise25,Tech,25.16065631708234
2024-08-18,Tech_noise25,Tech,0.0
2024-09-01,Tech_noise25,Tech,16.152722169865203
2024-09-15,Tech_noise25,Tech,0.0
2024-09-29,Tech_noise25,Tech,0.0
2024-10-13,Tech_noise25,Tech,0.0
2024-10-27,Tech_noise25,Tech,0.0
2024-11-10,Tech_noise25,Tech,0.0
2024-11-24,Tech_noise25,Tech,6.1949836820669635
2024-12-08,Tech_noise25,Tech,0.0
2024-12-22,Tech_noise25,Tech,5.6910809640766455
2025-01-05,Tech_noise25,Tech,10.357090291822695
2025-01-19,Tech_noise25,Tech,3.9842548975880017
2025-02-02,Tech_noise25,Tech,9.866447642255606
2025-02-16,Tech_noise25,Tech,0.0
2025-03-02,Tech_noise25,Tech,0.0
2025-03-16,Tech_noise25,Tech,15.867212712311943
2025-03-30,Tech_noise25,Tech,0.0
2025-04-13,Tech_noise25,Tech,0.0
2025-04-27,Tech_noise25,Tech,0.0
2025-05-11,Tech_noise25,Tech,0.0
2025-05-25,Tech_noise25,Tech,0.0
2025-06-08,Tech_noise25,Tech,5.1608088234519975
2025-06-22,Tech_noise25,Tech,5.225126088691903
2025-07-06,Tech_noise25,Tech,0.0
2024-01-07,Tech_noise26,Tech,0.0
2024-01-21,Tech_noise26,Tech,16.114995071553658
2024-02-04,Tech_noise26,Tech,7.4460017660091165
2024-02-18,Tech_noise26,Tech,31.125975590228126
2024-03-03,Tech_noise26,Tech,17.701922606122913
2024-03-17,Tech_noise26,Tech,17.164396028399086
2024-03-31,Tech_noise26,Tech,0.0
2024-04-14,Tech_noise26,Tech,11.45790527450134
2024-04-28,Tech_noise26,Tech,0.0
2024-05-12,Tech_noise26,Tech,0.0
2024-05-26,Tech_noise26,Tech,2.5202301079879277
2024-06-09,Tech_noise26,Tech,14.178173019172252
2024-06-23,Tech_noise26,Tech,7.512473865063174
2024-07-07,Tech_noise26,Tech,0.0
2024-07-21,Tech_noise26,Tech,11.136883703889303
2024-08-04,Tech_noise26,Tech,0.0
2024-08-18,Tech_noise26,Tech,3.2502467844642933
2024-09-01,Tech_noise26,Tech,0.0
2024-09-15,Tech_noise26,Tech,0.0
2024-09-29,Tech_noise26,Tech,11.493644625607644
2024-10-13,Tech_noise26,Tech,0.0
2024-10-27,Tech_noise26,Tech,29.177926114153998
2024-11-10,Tech_noise26,Tech,0.0
2024-11-24,Tech_noise26,Tech,0.0
2024-12-08,Tech_noise26,Tech,5.553178349126115
2024-12-22,Tech_noise26,Tech,8.764712496529649
2025-01-05,Tech_noise26,Tech,0.0
2025-01-19,Tech_noise26,Tech,0.0
2025-02-02,Tech_noise26,Tech,6.158251279914248
2025-02-16,Tech_noise26,Tech,0.0
2025-03-02,Tech_noise26,Tech,20.89771886902359
2025-03-16,Tech_noise26,Tech,12.590236713474033
2025-03-30,Tech_noise26,Tech,13.092365265084519
2025-04-13,Tech_noise26,Tech,0.0
2025-04-27,Tech_noise26,Tech,0.0
2025-05-11,Tech_noise26,Tech,0.0
2025-05-25,Tech_noise26,Tech,0.0
2025-06-08,Tech_noise26,Tech,5.402462759186504
2025-06-22,Tech_noise26,Tech,0.0
2025-07-06,Tech_noise26,Tech,9.831057447753556
2024-01-07,Tech_noise27,Tech,0.0
2024-01-21,Tech_noise27,Tech,25.785609192627316
2024-02-04,Tech_noise27,Tech,0.0
2024-02-18,Tech_noise27,Tech,3.2895350580065412
2024-03-03,Tech_noise27,Tech,11.877889655821013
2024-03-17,Tech_noise27,Tech,0.0
2024-03-31,Tech_noise27,Tech,12.787029651494258
2024-04-14,Tech_noise27,Tech,0.0
2024-04-28,Tech_noise27,Tech,21.781765487738404
2024-05-12,Tech_noise27,Tech,0.21223897448637438
2024-05-26,Tech_noise27,Tech,0.0
2024-06-09,Tech_noise27,Tech,0.0
2024-06-23,Tech_noise27,Tech,12.133789040890791
2024-07-07,Tech_noise27,Tech,0.0
2024-07-21,Tech_noise27,Tech,0.0
2024-08-04,Tech_noise27,Tech,0.0
2024-08-18,Tech_noise27,Tech,0.0
2024-09-01,Tech_noise27,Tech,27.308158619127234
2024-09-15,Tech_noise27,Tech,0.0
2024-09-29,Tech_noise27,Tech,12.474251792706054
2024-10-13,Tech_noise27,Tech,3.1420512547165886
2024-10-27,Tech_noise27,Tech,0.0
2024-11-10,Tech_noise27,Tech,0.0
2024-11-24,Tech_noise27,Tech,11.76004168966122
2024-12-08,Tech_noise27,Tech,0.0
2024-12-22,Tech_noise27,Tech,17.89669418776542
2025-01-05,Tech_noise27,Tech,15.322730891727957
2025-01-19,Tech_noise27,Tech,13.78372281987494
2025-02-02,Tech_noise27,Tech,0.0
2025-02-16,Tech_noise27,Tech,0.0
2025-03-02,Tech_noise27,Tech,0.0
2025-03-16,Tech_noise27,Tech,2.943614110000807
2025-03-30,Tech_noise27,Tech,8.186800702985334
2025-04-13,Tech_noise27,Tech,0.0
2025-04-27,Tech_noise27,Tech,0.0
2025-05-11,Tech_noise27,Tech,2.3713383798477663
2025-05-25,Tech_noise27,Tech,0.0
2025-06-08,Tech_noise27,Tech,19.369107585238183
2025-06-22,Tech_noise27,Tech,6.326701113763063
2025-07-06,Tech_noise27,Tech,19.652878621213457
2024-01-07,Tech_noise28,Tech,0.0
2024-01-21,Tech_noise28,Tech,14.062162387603873
2024-02-04,Tech_noise28,Tech,24.52599591791279
2024-02-18,Tech_noise28,Tech,19.675401739089917
2024-03-03,Tech_noise28,Tech,0.0
2024-03-17,Tech_noise28,Tech,0.0
2024-03-31,Tech_noise28,Tech,0.0
2024-04-14,Tech_noise28,Tech,7.338818026144914
2024-04-28,Tech_noise28,Tech,10.295303325217997
2024-05-12,Tech_noise28,Tech,0.0
2024-05-26,Tech_noise28,Tech,1.0175777087540652
2024-06-09,Tech_noise28,Tech,0.0
2024-06-23,Tech_noise28,Tech,21.629175087028347
2024-07-07,Tech_noise28,Tech,0.0
2024-07-21,Tech_noise28,Tech,0.8379590976674545
2024-08-04,Tech_noise28,Tech,0.0
2024-08-18,Tech_noise28,Tech,17.190413625201224
2024-09-01,Tech_noise28,Tech,0.0
2024-09-15,Tech_noise28,Tech,0.0
2024-09-29,Tech_noise28,Tech,0.0
2024-10-13,Tech_noise28,Tech,0.0
2024-10-27,Tech_noise28,Tech,25.893398184534487
2024-11-10,Tech_noise28,Tech,0.0
2024-11-24,Tech_noise28,Tech,11.576942658534918
2024-12-08,Tech_noise28,Tech,5.343791830591254
2024-12-22,Tech_noise28,Tech,18.92278878803274
2025-01-05,Tech_noise28,Tech,0.0
2025-01-19,Tech_noise28,Tech,0.0
2025-02-02,Tech_noise28,Tech,16.441048612160976
2025-02-16,Tech_noise28,Tech,6.379819624951656
2025-03-02,Tech_noise28,Tech,0.0
2025-03-16,Tech_noise28,Tech,0.0
2025-03-30,Tech_noise28,Tech,5.795739807720914
2025-04-13,Tech_noise28,Tech,12.566463323198837
2025-04-27,Tech_noise28,Tech,0.0
2025-05-11,Tech_noise28,Tech,0.0
2025-05-25,Tech_noise28,Tech,7.8483477860554975
2025-06-08,Tech_noise28,Tech,0.0
2025-06-22,Tech_noise28,Tech,0.0
2025-07-06,Tech_noise28,Tech,0.0
2024-01-07,Tech_noise29,Tech,12.209712902966118
2024-01-21,Tech_noise29,Tech,1.929261756074498
2024-02-04,Tech_noise29,Tech,0.0
2024-02-18,Tech_noise29,Tech,20.835365444441425
2024-03-03,Tech_noise29,Tech,9.559870245346088
2024-03-17,Tech_noise29,Tech,24.244500640828747
2024-03-31,Tech_noise29,Tech,0.0
2024-04-14,Tech_noise29,Tech,0.0
2024-04-28,Tech_noise29,Tech,0.0
2024-05-12,Tech_noise29,Tech,0.0
2024-05-26,Tech_noise29,Tech,0.0
2024-06-09,Tech_noise29,Tech,9.399204558946062
2024-06-23,Tech_noise29,Tech,0.6834582171284747
2024-07-07,Tech_noise29,Tech,9.351107074198733
2024-07-21,Tech_noise29,Tech,10.551601997083413
2024-08-04,Tech_noise29,Tech,32.32393016074713
2024-08-18,Tech_noise29,Tech,0.0
2024-09-01,Tech_noise29,Tech,0.0
2024-09-15,Tech_noise29,Tech,3.691254229746132
2024-09-29,Tech_noise29,Tech,0.0
2024-10-13,Tech_noise29,Tech,22.229411526548038
2024-10-27,Tech_noise29,Tech,0.0
2024-11-10,Tech_noise29,Tech,0.0
2024-11-24,Tech_noise29,Tech,0.0
2024-12-08,Tech_noise29,Tech,10.776261352074615
2024-12-22,Tech_noise29,Tech,0.0
2025-01-05,Tech_noise29,Tech,0.0
2025-01-19,Tech_noise29,Tech,24.980278764352963
2025-02-02,Tech_noise29,Tech,0.0
2025-02-16,Tech_noise29,Tech,0.5334911104949029
2025-03-02,Tech_noise29,Tech,9.784592274153457
2025-03-16,Tech_noise29,Tech,0.0
2025-03-30,Tech_noise29,Tech,7.2039075210888734
2025-04-13,Tech_noise29,Tech,0.0
2025-04-27,Tech_noise29,Tech,12.341741712510037
2025-05-11,Tech_noise29,Tech,0.0
2025-05-25,Tech_noise29,Tech,10.391535477732909
2025-06-08,Tech_noise29,Tech,16.58749599442069
2025-06-22,Tech_noise29,Tech,12.921547884492075
2025-07-06,Tech_noise29,Tech,3.769749723571536
2024-01-07,Tech_noise30,Tech,0.0
2024-01-21,Tech_noise30,Tech,0.0
2024-02-04,Tech_noise30,Tech,22.06552036225656
2024-02-18,Tech_noise30,Tech,0.0
2024-03-03,Tech_noise30,Tech,0.0
2024-03-17,Tech_noise30,Tech,9.98053402549245
2024-03-31,Tech_noise30,Tech,0.0
2024-04-14,Tech_noise30,Tech,0.0
2024-04-28,Tech_noise30,Tech,0.0
2024-05-12,Tech_noise30,Tech,0.0
2024-05-26,Tech_noise30,Tech,0.0
2024-06-09,Tech_noise30,Tech,3.6463759149104815
2024-06-23,Tech_noise30,Tech,14.269593664492252
2024-07-07,Tech_noise30,Tech,7.903468854986905
2024-07-21,Tech_noise30,Tech,0.0
2024-08-04,Tech_noise30,Tech,0.0
2024-08-18,Tech_noise30,Tech,7.652362033727751
2024-09-01,Tech_noise30,Tech,19.088552443928542
2024-09-15,Tech_noise30,Tech,1.8947129922480028
2024-09-29,Tech_noise30,Tech,0.0
2024-10-13,Tech_noise30,Tech,0.0
2024-10-27,Tech_noise30,Tech,0.0
2024-11-10,Tech_noise30,Tech,9.994045080652848
2024-11-24,Tech_noise30,Tech,8.669677854593358
2024-12-08,Tech_noise30,Tech,8.660452876599923
2024-12-22,Tech_noise30,Tech,0.0
2025-01-05,Tech_noise30,Tech,21.10402118837626
2025-01-19,Tech_noise30,Tech,0.0
2025-02-02,Tech_noise30,Tech,14.329038558108081
2025-02-16,Tech_noise30,Tech,0.0
2025-03-02,Tech_noise30,Tech,0.0
2025-03-16,Tech_noise30,Tech,8.887954609766421
2025-03-30,Tech_noise30,Tech,6.144541780259905
2025-04-13,Tech_noise30,Tech,5.354591389003891
2025-04-27,Tech_noise30,Tech,1.2191763308429813
2025-05-11,Tech_noise30,Tech,0.0
2025-05-25,Tech_noise30,Tech,35.82557989305658
2025-06-08,Tech_noise30,Tech,17.763849677942595
2025-06-22,Tech_noise30,Tech,10.842403424782681
2025-07-06,Tech_noise30,Tech,1.676987373050824
2024-01-07,Tech_noise31,Tech,15.107358008950037
2024-01-21,Tech_noise31,Tech,7.7699216458717775
2024-02-04,Tech_noise31,Tech,0.3930712916105349
2024-02-18,Tech_noise31,Tech,0.0
2024-03-03,Tech_noise31,Tech,0.0
2024-03-17,Tech_noise31,Tech,0.0
2024-03-31,Tech_noise31,Tech,3.1590125894646266
2024-04-14,Tech_noise31,Tech,0.0
2024-04-28,Tech_noise31,Tech,23.89004997424326
2024-05-12,Tech_noise31,Tech,0.2901610621763144
2024-05-26,Tech_noise31,Tech,0.0
2024-06-09,Tech_noise31,Tech,0.0
2024-06-23,Tech_noise31,Tech,0.0
2024-07-07,Tech_noise31,Tech,7.1011112356869965
2024-07-21,Tech_noise31,Tech,4.36421046509228
2024-08-04,Tech_noise31,Tech,14.367594466624015
2024-08-18,Tech_noise31,Tech,0.0
2024-09-01,Tech_noise31,Tech,0.510121443422202
2024-09-15,Tech_noise31,Tech,0.0
2024-09-29,Tech_noise31,Tech,10.522421728870718
2024-10-13,Tech_noise31,Tech,7.78306770660183
2024-10-27,Tech_noise31,Tech,7.437075315413563
2024-11-10,Tech_noise31,Tech,0.024285470354116802
2024-11-24,Tech_noise31,Tech,6.2215933618318635
2024-12-08,Tech_noise31,Tech,24.065086624628943
2024-12-22,Tech_noise31,Tech,0.0
2025-01-05,Tech_noise31,Tech,2.0796777556512676
2025-01-19,Tech_noise31,Tech,0.0
2025-02-02,Tech_noise31,Tech,0.0
2025-02-16,Tech_noise31,Tech,1.4671993963996108
2025-03-02,Tech_noise31,Tech,16.559003200528608
2025-03-16,Tech_noise31,Tech,0.0
2025-03-30,Tech_noise31,Tech,0.0
2025-04-13,Tech_noise31,Tech,0.0
2025-04-27,Tech_noise31,Tech,0.0
2025-05-11,Tech_noise31,Tech,4.424571835632324
2025-05-25,Tech_noise31,Tech,0.0
2025-06-08,Tech_noise31,Tech,19.214093650000912
2025-06-22,Tech_noise31,Tech,0.0
2025-07-06,Tech_noise31,Tech,10.828552281572122
2024-01-07,Tech_noise32,Tech,0.0
2024-01-21,Tech_noise32,Tech,10.032601958193272
2024-02-04,Tech_noise32,Tech,10.079169117217463
2024-02-18,Tech_noise32,Tech,5.763031080088448
2024-03-03,Tech_noise32,Tech,0.0
2024-03-17,Tech_noise32,Tech,3.743222843971155
2024-03-31,Tech_noise32,Tech,0.0
2024-04-14,Tech_noise32,Tech,0.0
2024-04-28,Tech_noise32,Tech,15.44119651432989
2024-05-12,Tech_noise32,Tech,11.95052890606113
2024-05-26,Tech_noise32,Tech,0.22774413810649682
2024-06-09,Tech_noise32,Tech,0.0
2024-06-23,Tech_noise32,Tech,9.6838156826129
2024-07-07,Tech_noise32,Tech,0.2907185654703782
2024-07-21,Tech_noise32,Tech,0.0
2024-08-04,Tech_noise32,Tech,11.739447394747772
2024-08-18,Tech_noise32,Tech,0.0
2024-09-01,Tech_noise32,Tech,18.036768719746085
2024-09-15,Tech_noise32,Tech,0.0
2024-09-29,Tech_noise32,Tech,0.0
2024-10-13,Tech_noise32,Tech,4.186257875177778
2024-10-27,Tech_noise32,Tech,4.373455150229591
2024-11-10,Tech_noise32,Tech,0.0
2024-11-24,Tech_noise32,Tech,0.0
2024-12-08,Tech_noise32,Tech,41.328266155798524
2024-12-22,Tech_noise32,Tech,0.0
2025-01-05,Tech_noise32,Tech,10.964384645643241
2025-01-19,Tech_noise32,Tech,0.0
2025-02-02,Tech_noise32,Tech,0.0
2025-02-16,Tech_noise32,Tech,0.0
2025-03-02,Tech_noise32,Tech,0.0
2025-03-16,Tech_noise32,Tech,0.0
2025-03-30,Tech_noise32,Tech,0.0
2025-04-13,Tech_noise32,Tech,3.964024074684548
2025-04-27,Tech_noise32,Tech,0.0
2025-05-11,Tech_noise32,Tech,0.0
2025-05-25,Tech_noise32,Tech,7.292771873429083
2025-06-08,Tech_noise32,Tech,0.0
2025-06-22,Tech_noise32,Tech,0.0
2025-07-06,Tech_noise32,Tech,11.087707420523518
