Time,Topic,Cluster,Count
2024-01-07,Sports_core1,Sports,120.1986856612045
2024-01-21,Sports_core1,Sports,155.78571043090906
2024-02-04,Sports_core1,Sports,157.30009156661785
2024-02-18,Sports_core1,Sports,124.2092119425632
2024-03-03,Sports_core1,Sports,90.06532249873312
2024-03-17,Sports_core1,Sports,91.26532906584279
2024-03-31,Sports_core1,Sports,127.83168512620294
2024-04-14,Sports_core1,Sports,163.3479900430387
2024-04-28,Sports_core1,Sports,164.05322639700356
2024-05-12,Sports_core1,Sports,131.01702401743444
2024-05-26,Sports_core1,Sports,97.17361677149746
2024-06-09,Sports_core1,Sports,98.37269194719433
2024-06-23,Sports_core1,Sports,134.49678490862638
2024-07-07,Sports_core1,Sports,169.47570405351442
2024-07-21,Sports_core1,Sports,170.75104901837238
2024-08-04,Sports_core1,Sports,137.7750849883037
2024-08-18,Sports_core1,Sports,104.15385140048872
2024-09-01,Sports_core1,Sports,105.88468278166059
2024-09-15,Sports_core1,Sports,141.2367903697915
2024-09-29,Sports_core1,Sports,176.8760946708434
2024-10-13,Sports_core1,Sports,179.22727565894616
2024-10-27,Sports_core1,Sports,145.1096894798054
2024-11-10,Sports_core1,Sports,111.78599513049768
2024-11-24,Sports_core1,Sports,112.389084574137
2024-12-08,Sports_core1,Sports,148.58224691018992
2024-12-22,Sports_core1,Sports,184.68538518726155
2025-01-05,Sports_core1,Sports,185.3806187204086
2025-01-19,Sports_core1,Sports,152.55027920733832
2025-02-02,Sports_core1,Sports,118.71872837265498
2025-02-16,Sports_core1,Sports,120.04230634870515
2025-03-02,Sports_core1,Sports,155.75931735510804
2025-03-16,Sports_core1,Sports,192.58192742518105
2025-03-30,Sports_core1,Sports,193.03561726148246
2025-04-13,Sports_core1,Sports,159.17691562841756
2025-04-27,Sports_core1,Sports,126.48800181346373
2025-05-11,Sports_core1,Sports,126.87064638863403
2025-05-25,Sports_core1,Sports,163.28354543800182
2025-06-08,Sports_core1,Sports,198.2571481018256
2025-06-22,Sports_core1,Sports,199.70974173181824
2025-07-06,Sports_core1,Sports,166.87874449434787
2024-01-07,Sports_core2,Sports,120.29538663199817
2024-01-21,Sports_core2,Sports,149.5528185599379
2024-02-04,Sports_core2,Sports,162.3537406870447
2024-02-18,Sports_core2,Sports,151.7638297692262
2024-03-03,Sports_core2,Sports,124.20859120385303
2024-03-17,Sports_core2,Sports,97.42779106918022
2024-03-31,Sports_core2,Sports,87.01574449161609
2024-04-14,Sports_core2,Sports,100.53857764302568
2024-04-28,Sports_core2,Sports,129.73744731582738
2024-05-12,Sports_core2,Sports,158.37905518531682
2024-05-26,Sports_core2,Sports,172.12963358775792
2024-06-09,Sports_core2,Sports,161.3302383352954
2024-06-23,Sports_core2,Sports,134.12923119987764
2024-07-07,Sports_core2,Sports,107.56039926807442
2024-07-21,Sports_core2,Sports,97.2123998089984
2024-08-04,Sports_core2,Sports,110.08824080018455
2024-08-18,Sports_core2,Sports,138.8643129907109
2024-09-01,Sports_core2,Sports,168.56058629712143
2024-09-15,Sports_core2,Sports,181.73250537256143
2024-09-29,Sports_core2,Sports,171.4744892983109
2024-10-13,Sports_core2,Sports,143.80833030486193
2024-10-27,Sports_core2,Sports,116.84146516187256
2024-11-10,Sports_core2,Sports,105.9574660103976
2024-11-24,Sports_core2,Sports,118.83724610290578
2024-12-08,Sports_core2,Sports,149.12501032895767
2024-12-22,Sports_core2,Sports,178.82676725889024
2025-01-05,Sports_core2,Sports,191.17119595136785
2025-01-19,Sports_core2,Sports,181.08568440661878
2025-02-02,Sports_core2,Sports,153.74465441001908
2025-02-16,Sports_core2,Sports,126.25768085069606
2025-03-02,Sports_core2,Sports,116.14455824220336
2025-03-16,Sports_core2,Sports,129.5309433791244
2025-03-30,Sports_core2,Sports,158.385669584356
2025-04-13,Sports_core2,Sports,188.5101287097875
2025-04-27,Sports_core2,Sports,199.7521019583641
2025-05-11,Sports_core2,Sports,190.61303224921204
2025-05-25,Sports_core2,Sports,163.23481882729533
2025-06-08,Sports_core2,Sports,135.99612581235175
2025-06-22,Sports_core2,Sports,125.63670431061419
2025-07-06,Sports_core2,Sports,137.72070118669768
2024-01-07,Sports_core3,Sports,119.912131244865
2024-01-21,Sports_core3,Sports,141.3428450286047
2024-02-04,Sports_core3,Sports,157.63217376927417
2024-02-18,Sports_core3,Sports,163.39269191269054
2024-03-03,Sports_core3,Sports,159.11761871022026
2024-03-17,Sports_core3,Sports,145.7992971825662
2024-03-31,Sports_core3,Sports,127.56616084708084
2024-04-14,Sports_core3,Sports,108.53150044386389
2024-04-28,Sports_core3,Sports,94.74707976711564
2024-05-12,Sports_core3,Sports,91.00530697324535
2024-05-26,Sports_core3,Sports,97.39781486836168
2024-06-09,Sports_core3,Sports,113.58745799621313
2024-06-23,Sports_core3,Sports,134.11917876244905
2024-07-07,Sports_core3,Sports,155.46893514136087
2024-07-21,Sports_core3,Sports,171.28417289012467
2024-08-04,Sports_core3,Sports,177.41459402074716
2024-08-18,Sports_core3,Sports,173.95946426220337
2024-09-01,Sports_core3,Sports,160.50442210887195
2024-09-15,Sports_core3,Sports,141.602045382657
2024-09-29,Sports_core3,Sports,122.70616514664998
2024-10-13,Sports_core3,Sports,108.79283555180228
2024-10-27,Sports_core3,Sports,105.03174187089384
2024-11-10,Sports_core3,Sports,111.62189804201174
2024-11-24,Sports_core3,Sports,127.2790890923113
2024-12-08,Sports_core3,Sports,148.73548571533357
2024-12-22,Sports_core3,Sports,170.16162034272585
2025-01-05,Sports_core3,Sports,186.59549051186175
2025-01-19,Sports_core3,Sports,192.46983112513274
2025-02-02,Sports_core3,Sports,188.34403630766667
2025-02-16,Sports_core3,Sports,174.77022163369355
2025-03-02,Sports_core3,Sports,155.23249151388046
2025-03-16,Sports_core3,Sports,137.18939444982036
2025-03-30,Sports_core3,Sports,123.78307593259892
2025-04-13,Sports_core3,Sports,120.5852968449941
2025-04-27,Sports_core3,Sports,126.08203946271003
2025-05-11,Sports_core3,Sports,142.12061893693345
2025-05-25,Sports_core3,Sports,163.18611529211788
2025-06-08,Sports_core3,Sports,183.93252878495213
2025-06-22,Sports_core3,Sports,200.6981452771835
2025-07-06,Sports_core3,Sports,207.10077321307472
2024-01-07,Sports_core4,Sports,120.31641277881722
2024-01-21,Sports_core4,Sports,120.83624501808211
2024-02-04,Sports_core4,Sports,122.96111772437445
2024-02-18,Sports_core4,Sports,123.03925957488308
2024-03-03,Sports_core4,Sports,125.0347428375201
2024-03-17,Sports_core4,Sports,126.87618225032399
2024-03-31,Sports_core4,Sports,126.80378546994773
2024-04-14,Sports_core4,Sports,128.1734809081589
2024-04-28,Sports_core4,Sports,129.63986054603504
2024-05-12,Sports_core4,Sports,130.59860973835353
2024-05-26,Sports_core4,Sports,131.37973462757355
2024-06-09,Sports_core4,Sports,133.2274251899224
2024-06-23,Sports_core4,Sports,133.97507851450956
2024-07-07,Sports_core4,Sports,135.78943697225407
2024-07-21,Sports_core4,Sports,136.43223030630648
2024-08-04,Sports_core4,Sports,138.61997376200702
2024-08-18,Sports_core4,Sports,138.8866986830655
2024-09-01,Sports_core4,Sports,140.27117539351772
2024-09-15,Sports_core4,Sports,141.92540688694785
2024-09-29,Sports_core4,Sports,142.30765427342644
2024-10-13,Sports_core4,Sports,144.09098397384165
2024-10-27,Sports_core4,Sports,145.72285710171295
2024-11-10,Sports_core4,Sports,145.7570067061755
2024-11-24,Sports_core4,Sports,147.67385354341292
2024-12-08,Sports_core4,Sports,148.9039531176994
2024-12-22,Sports_core4,Sports,150.31272914871093
2025-01-05,Sports_core4,Sports,150.70521971564875
2025-01-19,Sports_core4,Sports,151.8718173547663
2025-02-02,Sports_core4,Sports,153.80877662624675
2025-02-16,Sports_core4,Sports,154.9187938692933
2025-03-02,Sports_core4,Sports,156.10019714013836
2025-03-16,Sports_core4,Sports,157.33857928379877
2025-03-30,Sports_core4,Sports,158.1279901113686
2025-04-13,Sports_core4,Sports,159.6929014788644
2025-04-27,Sports_core4,Sports,160.91722898931948
2025-05-11,Sports_core4,Sports,161.71425943278945
2025-05-25,Sports_core4,Sports,163.94630980445788
2025-06-08,Sports_core4,Sports,164.5895331683647
2025-06-22,Sports_core4,Sports,165.12347860111893
2025-07-06,Sports_core4,Sports,167.06262144345354
2024-01-07,Sports_noise1,Sports,0.0
2024-01-21,Sports_noise1,Sports,9.722507622454712
2024-02-04,Sports_noise1,Sports,11.951573474044425
2024-02-18,Sports_noise1,Sports,0.07590608988973724
2024-03-03,Sports_noise1,Sports,10.780256775465931
2024-03-17,Sports_noise1,Sports,7.476685561618989
2024-03-31,Sports_noise1,Sports,9.932360959966939
2024-04-14,Sports_noise1,Sports,16.380757895923686
2024-04-28,Sports_noise1,Sports,3.527671303982777
2024-05-12,Sports_noise1,Sports,0.4775830138550621
2024-05-26,Sports_noise1,Sports,0.0
2024-06-09,Sports_noise1,Sports,0.10513829020737031
2024-06-23,Sports_noise1,Sports,4.537389743515375
2024-07-07,Sports_noise1,Sports,7.046911848899864
2024-07-21,Sports_noise1,Sports,6.6601447959801146
2024-08-04,Sports_noise1,Sports,9.963099494216143
2024-08-18,Sports_noise1,Sports,5.078011351267442
2024-09-01,Sports_noise1,Sports,13.721204462943902
2024-09-15,Sports_noise1,Sports,3.4120590005722633
2024-09-29,Sports_noise1,Sports,21.321014999537713
2024-10-13,Sports_noise1,Sports,8.754004086590037
2024-10-27,Sports_noise1,Sports,0.0
2024-11-10,Sports_noise1,Sports,0.0
2024-11-24,Sports_noise1,Sports,7.894834491459112
2024-12-08,Sports_noise1,Sports,3.6592232880448945
2024-12-22,Sports_noise1,Sports,9.284002964552553
2025-01-05,Sports_noise1,Sports,7.839425747441269
2025-01-19,Sports_noise1,Sports,4.563026524058763
2025-02-02,Sports_noise1,Sports,0.0
2025-02-16,Sports_noise1,Sports,0.0
2025-03-02,Sports_noise1,Sports,2.3209102875978735
2025-03-16,Sports_noise1,Sports,10.138392765940834
2025-03-30,Sports_noise1,Sports,6.2845624647812235
2025-04-13,Sports_noise1,Sports,0.0
2025-04-27,Sports_noise1,Sports,6.039085555107092
2025-05-11,Sports_noise1,Sports,7.311904278373021
2025-05-25,Sports_noise1,Sports,0.0
2025-06-08,Sports_noise1,Sports,5.922350635673167
2025-06-22,Sports_noise1,Sports,5.3492523106759995
2025-07-06,Sports_noise1,Sports,0.0
2024-01-07,Sports_noise2,Sports,7.1467241620897
2024-01-21,Sports_noise2,Sports,8.364707158209406
2024-02-04,Sports_noise2,Sports,11.498307459051663
2024-02-18,Sports_noise2,Sports,11.322812312209418
2024-03-03,Sports_noise2,Sports,0.0
2024-03-17,Sports_noise2,Sports,0.0
2024-03-31,Sports_noise2,Sports,8.090211603251959
2024-04-14,Sports_noise2,Sports,8.082715705473252
2024-04-28,Sports_noise2,Sports,8.090286117836287
2024-05-12,Sports_noise2,Sports,28.116388943928328
2024-05-26,Sports_noise2,Sports,8.425343064159001
2024-06-09,Sports_noise2,Sports,11.813393841083593
2024-06-23,Sports_noise2,Sports,10.724010580959213
2024-07-07,Sports_noise2,Sports,8.908347507834788
2024-07-21,Sports_noise2,Sports,3.108384532157926
2024-08-04,Sports_noise2,Sports,9.553815322959604
2024-08-18,Sports_noise2,Sports,0.3630487127745692
2024-09-01,Sports_noise2,Sports,3.5790883595599468
2024-09-15,Sports_noise2,Sports,2.087818713025379
2024-09-29,Sports_noise2,Sports,5.491244836317936
2024-10-13,Sports_noise2,Sports,18.887951400041054
2024-10-27,Sports_noise2,Sports,0.0
2024-11-10,Sports_noise2,Sports,9.11756114224708
2024-11-24,Sports_noise2,Sports,0.0
2024-12-08,Sports_noise2,Sports,2.1684088052633994
2024-12-22,Sports_noise2,Sports,11.533703581804197
2025-01-05,Sports_noise2,Sports,5.385680114572777
2025-01-19,Sports_noise2,Sports,0.0
2025-02-02,Sports_noise2,Sports,0.7081777444401904
2025-02-16,Sports_noise2,Sports,9.077586493608056
2025-03-02,Sports_noise2,Sports,0.6178002096971795
2025-03-16,Sports_noise2,Sports,6.2987515374918495
2025-03-30,Sports_noise2,Sports,5.273431039422883
2025-04-13,Sports_noise2,Sports,1.0903979143650977
2025-04-27,Sports_noise2,Sports,17.863664535951955
2025-05-11,Sports_noise2,Sports,8.803514133908067
2025-05-25,Sports_noise2,Sports,0.0
2025-06-08,Sports_noise2,Sports,6.118725888616566
2025-06-22,Sports_noise2,Sports,1.029281211389672
2025-07-06,Sports_noise2,Sports,10.114600008777344
2024-01-07,Sports_noise3,Sports,0.24487556940379562
2024-01-21,Sports_noise3,Sports,4.311581351198606
2024-02-04,Sports_noise3,Sports,8.029923673882742
2024-02-18,Sports_noise3,Sports,10.194531165020729
2024-03-03,Sports_noise3,Sports,0.0
2024-03-17,Sports_noise3,Sports,2.99299258495431
2024-03-31,Sports_noise3,Sports,2.1503281330342627
2024-04-14,Sports_noise3,Sports,1.0800246045577286
2024-04-28,Sports_noise3,Sports,15.592725441686582
2024-05-12,Sports_noise3,Sports,7.429890265765733
2024-05-26,Sports_noise3,Sports,0.0
2024-06-09,Sports_noise3,Sports,10.507171682328657
2024-06-23,Sports_noise3,Sports,17.7329371820758
2024-07-07,Sports_noise3,Sports,11.19479156330688
2024-07-21,Sports_noise3,Sports,0.0
2024-08-04,Sports_noise3,Sports,2.0945955628024917
2024-08-18,Sports_noise3,Sports,12.601466895119737
2024-09-01,Sports_noise3,Sports,0.753983206287316
2024-09-15,Sports_noise3,Sports,7.662916568877371
2024-09-29,Sports_noise3,Sports,9.647804320576022
2024-10-13,Sports_noise3,Sports,0.0
2024-10-27,Sports_noise3,Sports,4.6428478636292
2024-11-10,Sports_noise3,Sports,0.0
2024-11-24,Sports_noise3,Sports,0.0
2024-12-08,Sports_noise3,Sports,3.4845910916410383
2024-12-22,Sports_noise3,Sports,0.0
2025-01-05,Sports_noise3,Sports,14.794467823589812
2025-01-19,Sports_noise3,Sports,0.0
2025-02-02,Sports_noise3,Sports,2.3597330798180973
2025-02-16,Sports_noise3,Sports,5.784443463716548
2025-03-02,Sports_noise3,Sports,13.647639734396693
2025-03-16,Sports_noise3,Sports,0.0
2025-03-30,Sports_noise3,Sports,11.978982512929758
2025-04-13,Sports_noise3,Sports,5.061398366117523
2025-04-27,Sports_noise3,Sports,0.0
2025-05-11,Sports_noise3,Sports,7.772620845579624
2025-05-25,Sports_noise3,Sports,6.19435817344082
2025-06-08,Sports_noise3,Sports,1.3986987370472317
2025-06-22,Sports_noise3,Sports,5.418812509940113
2025-07-06,Sports_noise3,Sports,2.688118418829439
2024-01-07,Sports_noise4,Sports,5.681104071507488
2024-01-21,Sports_noise4,Sports,8.97278404712628
2024-02-04,Sports_noise4,Sports,14.516100896872112
2024-02-18,Sports_noise4,Sports,0.0
2024-03-03,Sports_noise4,Sports,17.7982002479376
2024-03-17,Sports_noise4,Sports,0.0
2024-03-31,Sports_noise4,Sports,4.089289429786501
2024-04-14,Sports_noise4,Sports,8.529903238907458
2024-04-28,Sports_noise4,Sports,6.685951206410196
2024-05-12,Sports_noise4,Sports,1.2638028810764372
2024-05-26,Sports_noise4,Sports,3.751266497856349
2024-06-09,Sports_noise4,Sports,2.041994392047003
2024-06-23,Sports_noise4,Sports,1.4638114583347308
2024-07-07,Sports_noise4,Sports,10.097612582126148
2024-07-21,Sports_noise4,Sports,7.142092915790284
2024-08-04,Sports_noise4,Sports,0.842542428436075
2024-08-18,Sports_noise4,Sports,10.397599252599505
2024-09-01,Sports_noise4,Sports,6.8437971252596554
2024-09-15,Sports_noise4,Sports,9.877172713033762
2024-09-29,Sports_noise4,Sports,8.777773051541674
2024-10-13,Sports_noise4,Sports,0.02602993446756585
2024-10-27,Sports_noise4,Sports,1.6389137588181826
2024-11-10,Sports_noise4,Sports,9.483761630739572
2024-11-24,Sports_noise4,Sports,8.662221592600789
2024-12-08,Sports_noise4,Sports,4.874590436215112
2024-12-22,Sports_noise4,Sports,5.703964299852692
2025-01-05,Sports_noise4,Sports,12.66598937473055
2025-01-19,Sports_noise4,Sports,1.4505716669850202
2025-02-02,Sports_noise4,Sports,8.282584287020228
2025-02-16,Sports_noise4,Sports,3.786844085396636
2025-03-02,Sports_noise4,Sports,3.693912780636678
2025-03-16,Sports_noise4,Sports,11.59266111192314
2025-03-30,Sports_noise4,Sports,9.95249809392818
2025-04-13,Sports_noise4,Sports,9.881057816003832
2025-04-27,Sports_noise4,Sports,12.832872842925974
2025-05-11,Sports_noise4,Sports,5.126023049796554
2025-05-25,Sports_noise4,Sports,9.091717827769784
2025-06-08,Sports_noise4,Sports,3.1383994604392638
2025-06-22,Sports_noise4,Sports,6.9449981149306526
2025-07-06,Sports_noise4,Sports,4.219141673793892
2024-01-07,Sports_noise5,Sports,5.581975789956309
2024-01-21,Sports_noise5,Sports,8.570942152621482
2024-02-04,Sports_noise5,Sports,0.09067590059916508
2024-02-18,Sports_noise5,Sports,17.55432365411276
2024-03-03,Sports_noise5,Sports,0.0
2024-03-17,Sports_noise5,Sports,0.0
2024-03-31,Sports_noise5,Sports,11.948665241000407
2024-04-14,Sports_noise5,Sports,9.749976163777616
2024-04-28,Sports_noise5,Sports,8.74471890231293
2024-05-12,Sports_noise5,Sports,8.77007305558568
2024-05-26,Sports_noise5,Sports,4.926519362918512
2024-06-09,Sports_noise5,Sports,0.0
2024-06-23,Sports_noise5,Sports,5.454827349162358
2024-07-07,Sports_noise5,Sports,0.9370297309273301
2024-07-21,Sports_noise5,Sports,10.850718400506507
2024-08-04,Sports_noise5,Sports,4.117655710987168
2024-08-18,Sports_noise5,Sports,0.04701681924493073
2024-09-01,Sports_noise5,Sports,3.071684950082039
2024-09-15,Sports_noise5,Sports,7.477588725653746
2024-09-29,Sports_noise5,Sports,1.6176526831761517
2024-10-13,Sports_noise5,Sports,0.06667762660141108
2024-10-27,Sports_noise5,Sports,6.462123268951474
2024-11-10,Sports_noise5,Sports,6.469799426652337
2024-11-24,Sports_noise5,Sports,1.9583409477732214
2024-12-08,Sports_noise5,Sports,2.1737701662900633
2024-12-22,Sports_noise5,Sports,6.392299624145817
2025-01-05,Sports_noise5,Sports,0.0
2025-01-19,Sports_noise5,Sports,0.0
2025-02-02,Sports_noise5,Sports,0.6893346724853835
2025-02-16,Sports_noise5,Sports,3.7193170897289165
2025-03-02,Sports_noise5,Sports,6.865445393588027
2025-03-16,Sports_noise5,Sports,13.852137301697311
2025-03-30,Sports_noise5,Sports,10.145957739212117
2025-04-13,Sports_noise5,Sports,4.040368820219437
2025-04-27,Sports_noise5,Sports,4.885902752583867
2025-05-11,Sports_noise5,Sports,0.0
2025-05-25,Sports_noise5,Sports,4.88892118404566
2025-06-08,Sports_noise5,Sports,3.2680481664791703
2025-06-22,Sports_noise5,Sports,6.936311362028537
2025-07-06,Sports_noise5,Sports,0.03661433868606245
2024-01-07,Sports_noise6,Sports,8.116079085447033
2024-01-21,Sports_noise6,Sports,14.196433478015466
2024-02-04,Sports_noise6,Sports,4.347439109258854
2024-02-18,Sports_noise6,Sports,7.410270332593649
2024-03-03,Sports_noise6,Sports,9.140863950266676
2024-03-17,Sports_noise6,Sports,2.5926771686849825
2024-03-31,Sports_noise6,Sports,6.344554890862501
2024-04-14,Sports_noise6,Sports,5.075554404690769
2024-04-28,Sports_noise6,Sports,5.586056591292991
2024-05-12,Sports_noise6,Sports,0.3619412968672009
2024-05-26,Sports_noise6,Sports,5.147061045553656
2024-06-09,Sports_noise6,Sports,7.987989747472699
2024-06-23,Sports_noise6,Sports,13.70686164677025
2024-07-07,Sports_noise6,Sports,10.755624956511241
2024-07-21,Sports_noise6,Sports,17.919094745069337
2024-08-04,Sports_noise6,Sports,0.39591462267170296
2024-08-18,Sports_noise6,Sports,10.233923820324069
2024-09-01,Sports_noise6,Sports,6.10005203443011
2024-09-15,Sports_noise6,Sports,18.138817599306034
2024-09-29,Sports_noise6,Sports,0.15021028786909163
2024-10-13,Sports_noise6,Sports,0.0
2024-10-27,Sports_noise6,Sports,1.403644127335867
2024-11-10,Sports_noise6,Sports,0.0
2024-11-24,Sports_noise6,Sports,1.8454698699154335
2024-12-08,Sports_noise6,Sports,0.44520403067781267
2024-12-22,Sports_noise6,Sports,5.902362718857246
2025-01-05,Sports_noise6,Sports,7.050535854662956
2025-01-19,Sports_noise6,Sports,16.257025035295317
2025-02-02,Sports_noise6,Sports,10.702543029116303
2025-02-16,Sports_noise6,Sports,1.5385780660255817
2025-03-02,Sports_noise6,Sports,0.0
2025-03-16,Sports_noise6,Sports,7.951515029039035
2025-03-30,Sports_noise6,Sports,0.0
2025-04-13,Sports_noise6,Sports,15.988752595126122
2025-04-27,Sports_noise6,Sports,12.076640724327723
2025-05-11,Sports_noise6,Sports,2.184946087371771
2025-05-25,Sports_noise6,Sports,0.0
2025-06-08,Sports_noise6,Sports,13.123234244992478
2025-06-22,Sports_noise6,Sports,4.312760928484293
2025-07-06,Sports_noise6,Sports,12.42689787184077
2024-01-07,Sports_noise7,Sports,0.0
2024-01-21,Sports_noise7,Sports,1.4037498622773628
2024-02-04,Sports_noise7,Sports,5.031462198309099
2024-02-18,Sports_noise7,Sports,5.281883562588452
2024-03-03,Sports_noise7,Sports,2.299607171124538
2024-03-17,Sports_noise7,Sports,8.737099594084992
2024-03-31,Sports_noise7,Sports,0.0
2024-04-14,Sports_noise7,Sports,4.145723089872239
2024-04-28,Sports_noise7,Sports,5.721773790271393
2024-05-12,Sports_noise7,Sports,8.086633004352494
2024-05-26,Sports_noise7,Sports,9.26968926853334
2024-06-09,Sports_noise7,Sports,0.0
2024-06-23,Sports_noise7,Sports,0.0
2024-07-07,Sports_noise7,Sports,12.666060931391055
2024-07-21,Sports_noise7,Sports,6.99388407187755
2024-08-04,Sports_noise7,Sports,0.5090807806606783
2024-08-18,Sports_noise7,Sports,14.306911853135137
2024-09-01,Sports_noise7,Sports,5.694047805757152
2024-09-15,Sports_noise7,Sports,12.075783104382959
2024-09-29,Sports_noise7,Sports,5.405110888460654
2024-10-13,Sports_noise7,Sports,17.364487549291923
2024-10-27,Sports_noise7,Sports,15.532045054659227
2024-11-10,Sports_noise7,Sports,3.506215109125559
2024-11-24,Sports_noise7,Sports,10.829425705726132
2024-12-08,Sports_noise7,Sports,8.872255697510885
2024-12-22,Sports_noise7,Sports,13.211789345194092
2025-01-05,Sports_noise7,Sports,0.0
2025-01-19,Sports_noise7,Sports,9.116308759990636
2025-02-02,Sports_noise7,Sports,11.350546921097527
2025-02-16,Sports_noise7,Sports,0.0
2025-03-02,Sports_noise7,Sports,0.0
2025-03-16,Sports_noise7,Sports,0.0
2025-03-30,Sports_noise7,Sports,3.3835589933326533
2025-04-13,Sports_noise7,Sports,9.305253534775774
2025-04-27,Sports_noise7,Sports,14.014142312576169
2025-05-11,Sports_noise7,Sports,5.444568682518651
2025-05-25,Sports_noise7,Sports,14.77169327342775
2025-06-08,Sports_noise7,Sports,0.0
2025-06-22,Sports_noise7,Sports,0.0
2025-07-06,Sports_noise7,Sports,4.666713806620288
2024-01-07,Sports_noise8,Sports,7.304392693635844
2024-01-21,Sports_noise8,Sports,4.803831511435441
2024-02-04,Sports_noise8,Sports,0.0
2024-02-18,Sports_noise8,Sports,4.465279762923269
2024-03-03,Sports_noise8,Sports,0.0
2024-03-17,Sports_noise8,Sports,9.01803529298023
2024-03-31,Sports_noise8,Sports,7.19958947658109
2024-04-14,Sports_noise8,Sports,0.0
2024-04-28,Sports_noise8,Sports,1.9167984959798385
2024-05-12,Sports_noise8,Sports,0.0
2024-05-26,Sports_noise8,Sports,4.623925416360969
2024-06-09,Sports_noise8,Sports,10.73085392300743
2024-06-23,Sports_noise8,Sports,0.0
2024-07-07,Sports_noise8,Sports,8.024279093107067
2024-07-21,Sports_noise8,Sports,1.8184542897653553
2024-08-04,Sports_noise8,Sports,0.2427630064259354
2024-08-18,Sports_noise8,Sports,4.357817840272653
2024-09-01,Sports_noise8,Sports,0.0
2024-09-15,Sports_noise8,Sports,1.6781041679169078
2024-09-29,Sports_noise8,Sports,0.0
2024-10-13,Sports_noise8,Sports,16.788350797498335
2024-10-27,Sports_noise8,Sports,5.211581311830372
2024-11-10,Sports_noise8,Sports,0.8016469520444867
2024-11-24,Sports_noise8,Sports,6.283879464405333
2024-12-08,Sports_noise8,Sports,4.326031701855021
2024-12-22,Sports_noise8,Sports,3.674182402800662
2025-01-05,Sports_noise8,Sports,8.685000200260552
2025-01-19,Sports_noise8,Sports,9.545046260283831
2025-02-02,Sports_noise8,Sports,1.8169931143368352
2025-02-16,Sports_noise8,Sports,1.5450905561319201
2025-03-02,Sports_noise8,Sports,3.3496898170901357
2025-03-16,Sports_noise8,Sports,0.0
2025-03-30,Sports_noise8,Sports,0.0
2025-04-13,Sports_noise8,Sports,13.201245604667148
2025-04-27,Sports_noise8,Sports,14.869806281007701
2025-05-11,Sports_noise8,Sports,3.5057837626617303
2025-05-25,Sports_noise8,Sports,8.459341778334599
2025-06-08,Sports_noise8,Sports,6.867500927261217
2025-06-22,Sports_noise8,Sports,23.473284850731424
2025-07-06,Sports_noise8,Sports,11.71744946860746
2024-01-07,Sports_noise9,Sports,4.232494451115401
2024-01-21,Sports_noise9,Sports,0.0
2024-02-04,Sports_noise9,Sports,0.0
2024-02-18,Sports_noise9,Sports,6.220781815203338
2024-03-03,Sports_noise9,Sports,0.4618955282941801
2024-03-17,Sports_noise9,Sports,0.0
2024-03-31,Sports_noise9,Sports,1.1205626945448408
2024-04-14,Sports_noise9,Sports,0.0
2024-04-28,Sports_noise9,Sports,15.122849810435389
2024-05-12,Sports_noise9,Sports,10.289838541696703
2024-05-26,Sports_noise9,Sports,4.952164152100296
2024-06-09,Sports_noise9,Sports,13.879664833340154
2024-06-23,Sports_noise9,Sports,5.46420984588571
2024-07-07,Sports_noise9,Sports,0.0
2024-07-21,Sports_noise9,Sports,14.138744463617943
2024-08-04,Sports_noise9,Sports,8.233460262107952
2024-08-18,Sports_noise9,Sports,0.0
2024-09-01,Sports_noise9,Sports,3.857967931498351
2024-09-15,Sports_noise9,Sports,0.0
2024-09-29,Sports_noise9,Sports,0.0
2024-10-13,Sports_noise9,Sports,10.557065285189848
2024-10-27,Sports_noise9,Sports,16.456499842820783
2024-11-10,Sports_noise9,Sports,0.0
2024-11-24,Sports_noise9,Sports,8.377815420143424
2024-12-08,Sports_noise9,Sports,1.0961445852690384
2024-12-22,Sports_noise9,Sports,2.0772476974118237
2025-01-05,Sports_noise9,Sports,1.445636454566785
2025-01-19,Sports_noise9,Sports,0.0
2025-02-02,Sports_noise9,Sports,5.291129767668962
2025-02-16,Sports_noise9,Sports,0.014299301533773345
2025-03-02,Sports_noise9,Sports,6.622740954679033
2025-03-16,Sports_noise9,Sports,4.698571343305178
2025-03-30,Sports_noise9,Sports,3.5663117188015416
2025-04-13,Sports_noise9,Sports,0.0
2025-04-27,Sports_noise9,Sports,1.5393720165900033
2025-05-11,Sports_noise9,Sports,9.532347354954537
2025-05-25,Sports_noise9,Sports,8.005503125746284
2025-06-08,Sports_noise9,Sports,0.0
2025-06-22,Sports_noise9,Sports,5.595993832575355
2025-07-06,Sports_noise9,Sports,9.508322740230735
2024-01-07,Sports_noise10,Sports,0.0
2024-01-21,Sports_noise10,Sports,8.260161154279611
2024-02-04,Sports_noise10,Sports,1.0242574463249197
2024-02-18,Sports_noise10,Sports,8.423592011558956
2024-03-03,Sports_noise10,Sports,0.42044506074489885
2024-03-17,Sports_noise10,Sports,0.0
2024-03-31,Sports_noise10,Sports,0.0
2024-04-14,Sports_noise10,Sports,5.288509679968292
2024-04-28,Sports_noise10,Sports,6.558335010328891
2024-05-12,Sports_noise10,Sports,0.0
2024-05-26,Sports_noise10,Sports,8.831554752664243
2024-06-09,Sports_noise10,Sports,0.0
2024-06-23,Sports_noise10,Sports,4.603521208116101
2024-07-07,Sports_noise10,Sports,0.0
2024-07-21,Sports_noise10,Sports,1.0889833531870448
2024-08-04,Sports_noise10,Sports,5.284392027898484
2024-08-18,Sports_noise10,Sports,0.0
2024-09-01,Sports_noise10,Sports,2.692666734621048
2024-09-15,Sports_noise10,Sports,11.037756855286643
2024-09-29,Sports_noise10,Sports,1.5386487828611077
2024-10-13,Sports_noise10,Sports,10.01415267239085
2024-10-27,Sports_noise10,Sports,0.0
2024-11-10,Sports_noise10,Sports,8.178825067491697
2024-11-24,Sports_noise10,Sports,13.649411723947402
2024-12-08,Sports_noise10,Sports,0.0
2024-12-22,Sports_noise10,Sports,0.21862846717713946
2025-01-05,Sports_noise10,Sports,8.462432763083239
2025-01-19,Sports_noise10,Sports,3.781727683742044
2025-02-02,Sports_noise10,Sports,7.226875240227853
2025-02-16,Sports_noise10,Sports,1.3760888797050765
2025-03-02,Sports_noise10,Sports,5.5195387248374
2025-03-16,Sports_noise10,Sports,4.065936587647523
2025-03-30,Sports_noise10,Sports,12.006692369958845
2025-04-13,Sports_noise10,Sports,6.526525059807279
2025-04-27,Sports_noise10,Sports,7.025615972451213
2025-05-11,Sports_noise10,Sports,2.5287382032651955
2025-05-25,Sports_noise10,Sports,2.0743626555650385
2025-06-08,Sports_noise10,Sports,2.4046508730822747
2025-06-22,Sports_noise10,Sports,7.366712854269781
2025-07-06,Sports_noise10,Sports,2.4740931150784222
2024-01-07,Sports_noise11,Sports,6.7386491413784775
2024-01-21,Sports_noise11,Sports,17.45240479187263
2024-02-04,Sports_noise11,Sports,10.226748220590153
2024-02-18,Sports_noise11,Sports,3.043858806992953
2024-03-03,Sports_noise11,Sports,12.20728353298367
2024-03-17,Sports_noise11,Sports,2.5515477618706917
2024-03-31,Sports_noise11,Sports,0.0
2024-04-14,Sports_noise11,Sports,0.0
2024-04-28,Sports_noise11,Sports,0.0
2024-05-12,Sports_noise11,Sports,2.890919095752148
2024-05-26,Sports_noise11,Sports,5.11051027513731
2024-06-09,Sports_noise11,Sports,15.058623873651696
2024-06-23,Sports_noise11,Sports,6.961564242584975
2024-07-07,Sports_noise11,Sports,3.6853968271468145
2024-07-21,Sports_noise11,Sports,9.976433487100934
2024-08-04,Sports_noise11,Sports,0.0
2024-08-18,Sports_noise11,Sports,6.413687348651395
2024-09-01,Sports_noise11,Sports,9.625191163321801
2024-09-15,Sports_noise11,Sports,0.0
2024-09-29,Sports_noise11,Sports,11.862524259241574
2024-10-13,Sports_noise11,Sports,7.030978444966484
2024-10-27,Sports_noise11,Sports,2.5082725165951922
2024-11-10,Sports_noise11,Sports,8.79669119663771
2024-11-24,Sports_noise11,Sports,18.624157146826377
2024-12-08,Sports_noise11,Sports,6.091197530350971
2024-12-22,Sports_noise11,Sports,6.489323517802017
2025-01-05,Sports_noise11,Sports,2.243834602758535
2025-01-19,Sports_noise11,Sports,0.0
2025-02-02,Sports_noise11,Sports,9.982014899265474
2025-02-16,Sports_noise11,Sports,0.0
2025-03-02,Sports_noise11,Sports,5.429397423316355
2025-03-16,Sports_noise11,Sports,2.1340553194093
2025-03-30,Sports_noise11,Sports,7.873878954478351
2025-04-13,Sports_noise11,Sports,7.0019726317216895
2025-04-27,Sports_noise11,Sports,11.225239665547395
2025-05-11,Sports_noise11,Sports,1.9399016068715178
2025-05-25,Sports_noise11,Sports,3.3807503882397727
2025-06-08,Sports_noise11,Sports,0.0
2025-06-22,Sports_noise11,Sports,2.3342404395433305
2025-07-06,Sports_noise11,Sports,7.263802958269113
2024-01-07,Sports_noise12,Sports,9.541931699872112
2024-01-21,Sports_noise12,Sports,0.0
2024-02-04,Sports_noise12,Sports,10.217635520633962
2024-02-18,Sports_noise12,Sports,13.133827152829706
2024-03-03,Sports_noise12,Sports,7.480609419342205
2024-03-17,Sports_noise12,Sports,16.260774875348396
2024-03-31,Sports_noise12,Sports,0.35726480537856187
2024-04-14,Sports_noise12,Sports,0.0
2024-04-28,Sports_noise12,Sports,0.0
2024-05-12,Sports_noise12,Sports,13.976265868935098
2024-05-26,Sports_noise12,Sports,8.926193938124346
2024-06-09,Sports_noise12,Sports,4.666491974537269
2024-06-23,Sports_noise12,Sports,6.679811757918921
2024-07-07,Sports_noise12,Sports,0.0
2024-07-21,Sports_noise12,Sports,19.674511877700958
2024-08-04,Sports_noise12,Sports,5.775327091851365
2024-08-18,Sports_noise12,Sports,5.656368767629357
2024-09-01,Sports_noise12,Sports,9.354599743392152
2024-09-15,Sports_noise12,Sports,7.88605539042028
2024-09-29,Sports_noise12,Sports,6.3433041456747885
2024-10-13,Sports_noise12,Sports,0.25715326732812827
2024-10-27,Sports_noise12,Sports,7.828810142815975
2024-11-10,Sports_noise12,Sports,16.2921469788502
2024-11-24,Sports_noise12,Sports,13.072520276929867
2024-12-08,Sports_noise12,Sports,14.559119759836381
2024-12-22,Sports_noise12,Sports,1.9327059414128893
2025-01-05,Sports_noise12,Sports,0.0
2025-01-19,Sports_noise12,Sports,4.245278479402111
2025-02-02,Sports_noise12,Sports,5.334349473732168
2025-02-16,Sports_noise12,Sports,11.565149110825692
2025-03-02,Sports_noise12,Sports,0.0
2025-03-16,Sports_noise12,Sports,14.177301916763682
2025-03-30,Sports_noise12,Sports,4.051952608526063
2025-04-13,Sports_noise12,Sports,2.43871358031548
2025-04-27,Sports_noise12,Sports,0.0
2025-05-11,Sports_noise12,Sports,0.0
2025-05-25,Sports_noise12,Sports,9.939023503771487
2025-06-08,Sports_noise12,Sports,5.439907803130423
2025-06-22,Sports_noise12,Sports,0.0
2025-07-06,Sports_noise12,Sports,0.0
2024-01-07,Sports_noise13,Sports,2.985291804259231
2024-01-21,Sports_noise13,Sports,15.014129151736357
2024-02-04,Sports_noise13,Sports,3.4424518918183713
2024-02-18,Sports_noise13,Sports,0.0
2024-03-03,Sports_noise13,Sports,3.525541615484334
2024-03-17,Sports_noise13,Sports,3.363658581513977
2024-03-31,Sports_noise13,Sports,0.0
2024-04-14,Sports_noise13,Sports,4.674230800893127
2024-04-28,Sports_noise13,Sports,3.614392818747932
2024-05-12,Sports_noise13,Sports,9.17723818888051
2024-05-26,Sports_noise13,Sports,16.09373656967207
2024-06-09,Sports_noise13,Sports,11.759390177286544
2024-06-23,Sports_noise13,Sports,3.386667856671017
2024-07-07,Sports_noise13,Sports,0.0
2024-07-21,Sports_noise13,Sports,20.44015881949916
2024-08-04,Sports_noise13,Sports,5.355310604086929
2024-08-18,Sports_noise13,Sports,5.083575751477677
2024-09-01,Sports_noise13,Sports,4.855249477339981
2024-09-15,Sports_noise13,Sports,6.18850856460713
2024-09-29,Sports_noise13,Sports,4.133837528456345
2024-10-13,Sports_noise13,Sports,1.5580279587185824
2024-10-27,Sports_noise13,Sports,1.7188463525576472
2024-11-10,Sports_noise13,Sports,4.80348037870401
2024-11-24,Sports_noise13,Sports,1.7394513731974102
2024-12-08,Sports_noise13,Sports,0.7229253039370143
2024-12-22,Sports_noise13,Sports,5.6385813661513815
2025-01-05,Sports_noise13,Sports,3.4701366954748685
2025-01-19,Sports_noise13,Sports,14.023957931496131
2025-02-02,Sports_noise13,Sports,0.0
2025-02-16,Sports_noise13,Sports,11.54904111153477
2025-03-02,Sports_noise13,Sports,12.476511154985774
2025-03-16,Sports_noise13,Sports,0.0
2025-03-30,Sports_noise13,Sports,2.943874435517907
2025-04-13,Sports_noise13,Sports,2.7713548040252514
2025-04-27,Sports_noise13,Sports,0.0
2025-05-11,Sports_noise13,Sports,0.3330998744547484
2025-05-25,Sports_noise13,Sports,0.0
2025-06-08,Sports_noise13,Sports,15.513622660541737
2025-06-22,Sports_noise13,Sports,10.614070358884767
2025-07-06,Sports_noise13,Sports,12.629330569964953
2024-01-07,Sports_noise14,Sports,9.330032384259411
2024-01-21,Sports_noise14,Sports,0.0
2024-02-04,Sports_noise14,Sports,1.852878402321358
2024-02-18,Sports_noise14,Sports,7.936247367367509
2024-03-03,Sports_noise14,Sports,0.0
2024-03-17,Sports_noise14,Sports,9.277990581034327
2024-03-31,Sports_noise14,Sports,3.55804761105119
2024-04-14,Sports_noise14,Sports,2.751075154702415
2024-04-28,Sports_noise14,Sports,9.265759809220949
2024-05-12,Sports_noise14,Sports,7.665579868916239
2024-05-26,Sports_noise14,Sports,2.8342030050855205
2024-06-09,Sports_noise14,Sports,11.95597882018549
2024-06-23,Sports_noise14,Sports,0.0
2024-07-07,Sports_noise14,Sports,8.695613641665583
2024-07-21,Sports_noise14,Sports,8.558607547810302
2024-08-04,Sports_noise14,Sports,3.142721364116058
2024-08-18,Sports_noise14,Sports,6.956798133452708
2024-09-01,Sports_noise14,Sports,0.0
2024-09-15,Sports_noise14,Sports,10.544162115241406
2024-09-29,Sports_noise14,Sports,3.890587181342066
2024-10-13,Sports_noise14,Sports,1.8636618768857627
2024-10-27,Sports_noise14,Sports,11.294055355021335
2024-11-10,Sports_noise14,Sports,0.7739378567434443
2024-11-24,Sports_noise14,Sports,0.0
2024-12-08,Sports_noise14,Sports,0.0
2024-12-22,Sports_noise14,Sports,8.636059708073837
2025-01-05,Sports_noise14,Sports,0.0
2025-01-19,Sports_noise14,Sports,15.528765091906187
2025-02-02,Sports_noise14,Sports,0.0
2025-02-16,Sports_noise14,Sports,15.17873820974023
2025-03-02,Sports_noise14,Sports,6.26610480321571
2025-03-16,Sports_noise14,Sports,4.419721328777646
2025-03-30,Sports_noise14,Sports,1.7304854791463016
2025-04-13,Sports_noise14,Sports,7.394816686112425
2025-04-27,Sports_noise14,Sports,4.77419178545091
2025-05-11,Sports_noise14,Sports,11.61981129209913
2025-05-25,Sports_noise14,Sports,5.685365891972237
2025-06-08,Sports_noise14,Sports,5.901810568771266
2025-06-22,Sports_noise14,Sports,2.818326726716865
2025-07-06,Sports_noise14,Sports,4.658326257673595
2024-01-07,Sports_noise15,Sports,6.846810613352355
2024-01-21,Sports_noise15,Sports,0.0
2024-02-04,Sports_noise15,Sports,0.0
2024-02-18,Sports_noise15,Sports,9.45958456413629
2024-03-03,Sports_noise15,Sports,6.025192628767651
2024-03-17,Sports_noise15,Sports,3.8960999818839253
2024-03-31,Sports_noise15,Sports,5.110603598392359
2024-04-14,Sports_noise15,Sports,7.085490232170026
2024-04-28,Sports_noise15,Sports,1.7614419181438308
2024-05-12,Sports_noise15,Sports,0.3301716475861243
2024-05-26,Sports_noise15,Sports,6.17507153058609
2024-06-09,Sports_noise15,Sports,0.0
2024-06-23,Sports_noise15,Sports,7.449516534286831
2024-07-07,Sports_noise15,Sports,0.0
2024-07-21,Sports_noise15,Sports,11.174933823953861
2024-08-04,Sports_noise15,Sports,7.835584894478258
2024-08-18,Sports_noise15,Sports,6.536178405883254
2024-09-01,Sports_noise15,Sports,10.896145903673084
2024-09-15,Sports_noise15,Sports,14.99284666677546
2024-09-29,Sports_noise15,Sports,11.086220390108782
2024-10-13,Sports_noise15,Sports,0.0
2024-10-27,Sports_noise15,Sports,0.0
2024-11-10,Sports_noise15,Sports,1.2510885338259268
2024-11-24,Sports_noise15,Sports,5.156546301265003
2024-12-08,Sports_noise15,Sports,8.105954122814738
2024-12-22,Sports_noise15,Sports,0.6455371210792062
2025-01-05,Sports_noise15,Sports,6.12060058686247
2025-01-19,Sports_noise15,Sports,0.46770240588006473
2025-02-02,Sports_noise15,Sports,1.3308931820483103
2025-02-16,Sports_noise15,Sports,0.0
2025-03-02,Sports_noise15,Sports,0.0
2025-03-16,Sports_noise15,Sports,0.0
2025-03-30,Sports_noise15,Sports,0.0
2025-04-13,Sports_noise15,Sports,11.321850779647036
2025-04-27,Sports_noise15,Sports,0.0
2025-05-11,Sports_noise15,Sports,20.794292389024346
2025-05-25,Sports_noise15,Sports,7.959907405285335
2025-06-08,Sports_noise15,Sports,6.109016742169244
2025-06-22,Sports_noise15,Sports,0.0
2025-07-06,Sports_noise15,Sports,9.201859276453948
2024-01-07,Sports_noise16,Sports,1.5461730425733564
2024-01-21,Sports_noise16,Sports,5.732058887872169
2024-02-04,Sports_noise16,Sports,20.360507229612768
2024-02-18,Sports_noise16,Sports,4.423640601652101
2024-03-03,Sports_noise16,Sports,11.895639957714055
2024-03-17,Sports_noise16,Sports,0.7809414492446756
2024-03-31,Sports_noise16,Sports,4.79006905701823
2024-04-14,Sports_noise16,Sports,15.62480381381306
2024-04-28,Sports_noise16,Sports,1.2381976532733958
2024-05-12,Sports_noise16,Sports,15.874691347981573
2024-05-26,Sports_noise16,Sports,9.246511612732853
2024-06-09,Sports_noise16,Sports,1.6251993446343942
2024-06-23,Sports_noise16,Sports,8.794446434333125
2024-07-07,Sports_noise16,Sports,10.83532669776038
2024-07-21,Sports_noise16,Sports,8.730859773303179
2024-08-04,Sports_noise16,Sports,0.0
2024-08-18,Sports_noise16,Sports,0.637176945050788
2024-09-01,Sports_noise16,Sports,3.5148881866909716
2024-09-15,Sports_noise16,Sports,4.553399425399722
2024-09-29,Sports_noise16,Sports,8.724032585304068
2024-10-13,Sports_noise16,Sports,6.066206005599523
2024-10-27,Sports_noise16,Sports,0.0
2024-11-10,Sports_noise16,Sports,7.281187106035779
2024-11-24,Sports_noise16,Sports,8.663514471702939
2024-12-08,Sports_noise16,Sports,8.35874268758624
2024-12-22,Sports_noise16,Sports,11.484684353327731
2025-01-05,Sports_noise16,Sports,10.003532927293424
2025-01-19,Sports_noise16,Sports,7.755080475370621
2025-02-02,Sports_noise16,Sports,4.579005731248118
2025-02-16,Sports_noise16,Sports,0.0
2025-03-02,Sports_noise16,Sports,7.577709314795515
2025-03-16,Sports_noise16,Sports,6.246126122978667
2025-03-30,Sports_noise16,Sports,6.629473023172241
2025-04-13,Sports_noise16,Sports,0.0
2025-04-27,Sports_noise16,Sports,0.0
2025-05-11,Sports_noise16,Sports,11.31891711999742
2025-05-25,Sports_noise16,Sports,4.76266907686007
2025-06-08,Sports_noise16,Sports,9.089004184235748
2025-06-22,Sports_noise16,Sports,5.169910256782767
2025-07-06,Sports_noise16,Sports,5.178536836974471
2024-01-07,Music_core1,Music,120.3753135223904
2024-01-21,Music_core1,Music,155.6345982600906
2024-02-04,Music_core1,Music,157.07946446215396
2024-02-18,Music_core1,Music,123.41508988451798
2024-03-03,Music_core1,Music,89.98518535764953
2024-03-17,Music_core1,Music,91.235314999235
2024-03-31,Music_core1,Music,127.28885350865347
2024-04-14,Music_core1,Music,162.84951670271215
2024-04-28,Music_core1,Music,164.74331860160697
2024-05-12,Music_core1,Music,130.44215707911223
2024-05-26,Music_core1,Music,97.2842351909579
2024-06-09,Music_core1,Music,98.38309142531276
2024-06-23,Music_core1,Music,134.97879115374147
2024-07-07,Music_core1,Music,170.31963806198218
2024-07-21,Music_core1,Music,171.85375396716506
2024-08-04,Music_core1,Music,137.4057758507853
2024-08-18,Music_core1,Music,104.66580395497019
2024-09-01,Music_core1,Music,106.11483616687185
2024-09-15,Music_core1,Music,141.63291359571014
2024-09-29,Music_core1,Music,177.86720830140365
2024-10-13,Music_core1,Music,178.43410077133737
2024-10-27,Music_core1,Music,145.76373897607425
2024-11-10,Music_core1,Music,112.67854309807021
2024-11-24,Music_core1,Music,112.81384842444652
2024-12-08,Music_core1,Music,148.62179899143968
2024-12-22,Music_core1,Music,185.22236994222467
2025-01-05,Music_core1,Music,186.4728450096698
2025-01-19,Music_core1,Music,152.19085598913875
2025-02-02,Music_core1,Music,118.79090912178415
2025-02-16,Music_core1,Music,120.04627000507827
2025-03-02,Music_core1,Music,155.4622197955861
2025-03-16,Music_core1,Music,191.4735553727838
2025-03-30,Music_core1,Music,192.6393598446768
2025-04-13,Music_core1,Music,159.29288097395826
2025-04-27,Music_core1,Music,126.14510989366774
2025-05-11,Music_core1,Music,127.45266974163705
2025-05-25,Music_core1,Music,163.82020019712556
2025-06-08,Music_core1,Music,198.641674535082
2025-06-22,Music_core1,Music,200.63474511076825
2025-07-06,Music_core1,Music,166.71440446231
2024-01-07,Music_core2,Music,119.98021451613903
2024-01-21,Music_core2,Music,149.75419904432854
2024-02-04,Music_core2,Music,161.9509111913751
2024-02-18,Music_core2,Music,152.0372351459355
2024-03-03,Music_core2,Music,124.86658088328522
2024-03-17,Music_core2,Music,97.91270925814136
2024-03-31,Music_core2,Music,87.31566745756314
2024-04-14,Music_core2,Music,101.09784880850246
2024-04-28,Music_core2,Music,129.34490400629946
2024-05-12,Music_core2,Music,158.8718724654612
2024-05-26,Music_core2,Music,171.7507437894301
2024-06-09,Music_core2,Music,161.2620803997978
2024-06-23,Music_core2,Music,134.14504514907742
2024-07-07,Music_core2,Music,107.7913353649811
2024-07-21,Music_core2,Music,97.36820169919595
2024-08-04,Music_core2,Music,109.48743023503827
2024-08-18,Music_core2,Music,138.86705777075827
2024-09-01,Music_core2,Music,168.87283747001646
2024-09-15,Music_core2,Music,181.3791107822876
2024-09-29,Music_core2,Music,171.33744397456417
2024-10-13,Music_core2,Music,144.08116920834055
2024-10-27,Music_core2,Music,116.3094311065392
2024-11-10,Music_core2,Music,107.01900208053203
2024-11-24,Music_core2,Music,120.03407982177626
2024-12-08,Music_core2,Music,148.55488452380624
2024-12-22,Music_core2,Music,178.12919062348752
2025-01-05,Music_core2,Music,191.31434615628996
2025-01-19,Music_core2,Music,180.81805396345678
2025-02-02,Music_core2,Music,153.86341770906915
2025-02-16,Music_core2,Music,127.31981056804464
2025-03-02,Music_core2,Music,115.92922110900238
2025-03-16,Music_core2,Music,128.59640985472265
2025-03-30,Music_core2,Music,157.84827230879418
2025-04-13,Music_core2,Music,187.59189923148512
2025-04-27,Music_core2,Music,200.7867492108505
2025-05-11,Music_core2,Music,191.00209439286908
2025-05-25,Music_core2,Music,162.99295548038558
2025-06-08,Music_core2,Music,136.20524393319366
2025-06-22,Music_core2,Music,125.59343084157089
2025-07-06,Music_core2,Music,138.9910860619173
2024-01-07,Music_core3,Music,121.01077297034945
2024-01-21,Music_core3,Music,140.98765249083186
2024-02-04,Music_core3,Music,156.84524037437026
2024-02-18,Music_core3,Music,164.01766435082763
2024-03-03,Music_core3,Music,159.71377274722806
2024-03-17,Music_core3,Music,146.7386829302944
2024-03-31,Music_core3,Music,127.43357127413039
2024-04-14,Music_core3,Music,108.2562831636852
2024-04-28,Music_core3,Music,95.19524578089937
2024-05-12,Music_core3,Music,91.24348143223317
2024-05-26,Music_core3,Music,97.68717672110141
2024-06-09,Music_core3,Music,113.4029096124429
2024-06-23,Music_core3,Music,134.82666987583568
2024-07-07,Music_core3,Music,156.06771823617825
2024-07-21,Music_core3,Music,171.99387974779256
2024-08-04,Music_core3,Music,178.25948395503585
2024-08-18,Music_core3,Music,173.7741689192508
2024-09-01,Music_core3,Music,160.45868547457334
2024-09-15,Music_core3,Music,142.08260358660337
2024-09-29,Music_core3,Music,122.47322573160514
2024-10-13,Music_core3,Music,109.5064531721716
2024-10-27,Music_core3,Music,105.04266447506905
2024-11-10,Music_core3,Music,111.77048177779638
2024-11-24,Music_core3,Music,128.11138074504285
2024-12-08,Music_core3,Music,148.87643962720796
2024-12-22,Music_core3,Music,170.0185746192625
2025-01-05,Music_core3,Music,185.29707369498558
2025-01-19,Music_core3,Music,192.6985014264109
2025-02-02,Music_core3,Music,188.49920982383398
2025-02-16,Music_core3,Music,175.6653018893222
2025-03-02,Music_core3,Music,155.8768887060189
2025-03-16,Music_core3,Music,137.28766013106562
2025-03-30,Music_core3,Music,123.8587373221068
2025-04-13,Music_core3,Music,120.23098131190538
2025-04-27,Music_core3,Music,126.1208656356677
2025-05-11,Music_core3,Music,142.11160861030814
2025-05-25,Music_core3,Music,163.4431586038866
2025-06-08,Music_core3,Music,184.4746436492625
2025-06-22,Music_core3,Music,200.0624427055573
2025-07-06,Music_core3,Music,206.87763599715933
2024-01-07,Music_core4,Music,120.42945269994391
2024-01-21,Music_core4,Music,120.78939388023558
2024-02-04,Music_core4,Music,122.45318786965876
2024-02-18,Music_core4,Music,123.31995167402432
2024-03-03,Music_core4,Music,125.27801865156994
2024-03-17,Music_core4,Music,125.39072523808649
2024-03-31,Music_core4,Music,126.97643126109136
2024-04-14,Music_core4,Music,128.5508847500258
2024-04-28,Music_core4,Music,130.22620961169372
2024-05-12,Music_core4,Music,130.77369989557081
2024-05-26,Music_core4,Music,131.7779201893227
2024-06-09,Music_core4,Music,133.95246282777623
2024-06-23,Music_core4,Music,133.82079443983352
2024-07-07,Music_core4,Music,134.72047761735197
2024-07-21,Music_core4,Music,136.97600578002135
2024-08-04,Music_core4,Music,137.79917831025895
2024-08-18,Music_core4,Music,138.7915068731477
2024-09-01,Music_core4,Music,140.68334257891973
2024-09-15,Music_core4,Music,141.69752028550846
2024-09-29,Music_core4,Music,142.57436854770532
2024-10-13,Music_core4,Music,143.48787824053164
2024-10-27,Music_core4,Music,145.54898293131205
2024-11-10,Music_core4,Music,146.66008047118348
2024-11-24,Music_core4,Music,147.56032965448824
2024-12-08,Music_core4,Music,149.5386547984191
2024-12-22,Music_core4,Music,149.57196609346954
2025-01-05,Music_core4,Music,150.5897899316301
2025-01-19,Music_core4,Music,152.1232367720475
2025-02-02,Music_core4,Music,153.5817655934578
2025-02-16,Music_core4,Music,154.89733577972908
2025-03-02,Music_core4,Music,155.90350557685747
2025-03-16,Music_core4,Music,157.3408221586057
2025-03-30,Music_core4,Music,157.89938423032382
2025-04-13,Music_core4,Music,160.1775058416293
2025-04-27,Music_core4,Music,160.76713952864299
2025-05-11,Music_core4,Music,162.44691833263525
2025-05-25,Music_core4,Music,163.33709013855108
2025-06-08,Music_core4,Music,164.5827012876615
2025-06-22,Music_core4,Music,165.82790691209289
2025-07-06,Music_core4,Music,166.97908342400694
2024-01-07,Music_noise1,Music,8.856336559205264
2024-01-21,Music_noise1,Music,12.97491518079459
2024-02-04,Music_noise1,Music,6.1791270182088205
2024-02-18,Music_noise1,Music,9.254022545531074
2024-03-03,Music_noise1,Music,4.46158583427664
2024-03-17,Music_noise1,Music,13.640703292696838
2024-03-31,Music_noise1,Music,0.9416461876443822
2024-04-14,Music_noise1,Music,15.805642597464894
2024-04-28,Music_noise1,Music,4.759052296133939
2024-05-12,Music_noise1,Music,0.0
2024-05-26,Music_noise1,Music,5.768626489464736
2024-06-09,Music_noise1,Music,0.913690055150715
2024-06-23,Music_noise1,Music,10.043861293932345
2024-07-07,Music_noise1,Music,1.0842561241856545
2024-07-21,Music_noise1,Music,2.3228994007113215
2024-08-04,Music_noise1,Music,0.0
2024-08-18,Music_noise1,Music,2.2861620845055395
2024-09-01,Music_noise1,Music,0.0
2024-09-15,Music_noise1,Music,0.0
2024-09-29,Music_noise1,Music,9.562487936865784
2024-10-13,Music_noise1,Music,9.714800951904994
2024-10-27,Music_noise1,Music,7.552745370709788
2024-11-10,Music_noise1,Music,0.0
2024-11-24,Music_noise1,Music,4.713731863148121
2024-12-08,Music_noise1,Music,4.97838476545659
2024-12-22,Music_noise1,Music,0.0
2025-01-05,Music_noise1,Music,14.020389810602904
2025-01-19,Music_noise1,Music,10.264173743454029
2025-02-02,Music_noise1,Music,3.6742149570220164
2025-02-16,Music_noise1,Music,5.161315033967185
2025-03-02,Music_noise1,Music,6.2502968476853145
2025-03-16,Music_noise1,Music,0.0
2025-03-30,Music_noise1,Music,3.5169357048764187
2025-04-13,Music_noise1,Music,0.9080945120132089
2025-04-27,Music_noise1,Music,0.0
2025-05-11,Music_noise1,Music,3.3133982426842707
2025-05-25,Music_noise1,Music,15.786119161097135
2025-06-08,Music_noise1,Music,8.845057167602059
2025-06-22,Music_noise1,Music,1.5729260613032192
2025-07-06,Music_noise1,Music,8.43549668813695
2024-01-07,Music_noise2,Music,13.396132619516013
2024-01-21,Music_noise2,Music,10.547802097476612
2024-02-04,Music_noise2,Music,5.357782219521045
2024-02-18,Music_noise2,Music,1.1183793337665566
2024-03-03,Music_noise2,Music,9.18933988168154
2024-03-17,Music_noise2,Music,7.360912312530497
2024-03-31,Music_noise2,Music,10.371159320166393
2024-04-14,Music_noise2,Music,8.811030810091818
2024-04-28,Music_noise2,Music,11.297316291916012
2024-05-12,Music_noise2,Music,1.788588730636592
2024-05-26,Music_noise2,Music,12.904364393805954
2024-06-09,Music_noise2,Music,6.185597628154397
2024-06-23,Music_noise2,Music,17.451565235751595
2024-07-07,Music_noise2,Music,0.8648730914625933
2024-07-21,Music_noise2,Music,15.415782818991495
2024-08-04,Music_noise2,Music,6.1874647007758865
2024-08-18,Music_noise2,Music,1.09149197831331
2024-09-01,Music_noise2,Music,2.0966849956740705
2024-09-15,Music_noise2,Music,3.077916150834079
2024-09-29,Music_noise2,Music,7.544995678411499
2024-10-13,Music_noise2,Music,8.137012928212997
2024-10-27,Music_noise2,Music,1.5577999763685257
2024-11-10,Music_noise2,Music,4.853872446434103
2024-11-24,Music_noise2,Music,17.853622151671182
2024-12-08,Music_noise2,Music,15.365259020604269
2024-12-22,Music_noise2,Music,7.617942018044193
2025-01-05,Music_noise2,Music,5.228020869009201
2025-01-19,Music_noise2,Music,5.720187960309568
2025-02-02,Music_noise2,Music,8.6811078363825
2025-02-16,Music_noise2,Music,0.0
2025-03-02,Music_noise2,Music,3.4557407754599296
2025-03-16,Music_noise2,Music,0.0
2025-03-30,Music_noise2,Music,7.395338735631675
2025-04-13,Music_noise2,Music,8.883175638216446
2025-04-27,Music_noise2,Music,2.100881226203756
2025-05-11,Music_noise2,Music,14.443920579740197
2025-05-25,Music_noise2,Music,0.0
2025-06-08,Music_noise2,Music,0.0
2025-06-22,Music_noise2,Music,6.346710911359832
2025-07-06,Music_noise2,Music,11.282589815672928
2024-01-07,Music_noise3,Music,15.103566148747213
2024-01-21,Music_noise3,Music,2.24669442278636
2024-02-04,Music_noise3,Music,11.472085000587773
2024-02-18,Music_noise3,Music,4.768949182995756
2024-03-03,Music_noise3,Music,3.9642362003550824
2024-03-17,Music_noise3,Music,10.301959624920034
2024-03-31,Music_noise3,Music,8.913937270480517
2024-04-14,Music_noise3,Music,0.0
2024-04-28,Music_noise3,Music,13.859242098355374
2024-05-12,Music_noise3,Music,13.28054812488471
2024-05-26,Music_noise3,Music,1.2466237909428237
2024-06-09,Music_noise3,Music,7.374821200624455
2024-06-23,Music_noise3,Music,7.964181117696433
2024-07-07,Music_noise3,Music,6.564042594943443
2024-07-21,Music_noise3,Music,1.6981690769274795
2024-08-04,Music_noise3,Music,0.9702597923716905
2024-08-18,Music_noise3,Music,4.8466755740513285
2024-09-01,Music_noise3,Music,12.036374115556189
2024-09-15,Music_noise3,Music,8.261600927566594
2024-09-29,Music_noise3,Music,2.7763140074833643
2024-10-13,Music_noise3,Music,9.630192263890068
2024-10-27,Music_noise3,Music,0.0
2024-11-10,Music_noise3,Music,11.89259420223262
2024-11-24,Music_noise3,Music,0.0
2024-12-08,Music_noise3,Music,2.825354351581207
2024-12-22,Music_noise3,Music,0.0
2025-01-05,Music_noise3,Music,0.0
2025-01-19,Music_noise3,Music,11.964960724271116
2025-02-02,Music_noise3,Music,2.1937927921286517
2025-02-16,Music_noise3,Music,7.079023290384295
2025-03-02,Music_noise3,Music,4.718476526724896
2025-03-16,Music_noise3,Music,7.862244963338728
2025-03-30,Music_noise3,Music,5.460931346361532
2025-04-13,Music_noise3,Music,0.0
2025-04-27,Music_noise3,Music,10.97760091668284
2025-05-11,Music_noise3,Music,2.037460501032125
2025-05-25,Music_noise3,Music,0.0
2025-06-08,Music_noise3,Music,2.431309034204525
2025-06-22,Music_noise3,Music,14.004558743805866
2025-07-06,Music_noise3,Music,10.101330452680958
2024-01-07,Music_noise4,Music,2.908087193552845
2024-01-21,Music_noise4,Music,2.9044537740894274
2024-02-04,Music_noise4,Music,3.0701896926957044
2024-02-18,Music_noise4,Music,17.460487901365045
2024-03-03,Music_noise4,Music,7.29161271338932
2024-03-17,Music_noise4,Music,7.580249883146418
2024-03-31,Music_noise4,Music,11.181700724191053
2024-04-14,Music_noise4,Music,6.432734954159081
2024-04-28,Music_noise4,Music,3.445747125075781
2024-05-12,Music_noise4,Music,3.8219009054901303
2024-05-26,Music_noise4,Music,4.570392443515616
2024-06-09,Music_noise4,Music,4.77666658094095
2024-06-23,Music_noise4,Music,9.36577726182188
2024-07-07,Music_noise4,Music,5.3116753148437965
2024-07-21,Music_noise4,Music,9.395840463293474
2024-08-04,Music_noise4,Music,4.515700519348506
2024-08-18,Music_noise4,Music,5.471811141896543
2024-09-01,Music_noise4,Music,0.0
2024-09-15,Music_noise4,Music,10.497966048214888
2024-09-29,Music_noise4,Music,7.078930855387956
2024-10-13,Music_noise4,Music,10.988060659157913
2024-10-27,Music_noise4,Music,0.0
2024-11-10,Music_noise4,Music,17.530248228684364
2024-11-24,Music_noise4,Music,4.162462231068957
2024-12-08,Music_noise4,Music,11.6490969004251
2024-12-22,Music_noise4,Music,0.0
2025-01-05,Music_noise4,Music,8.676643430375417
2025-01-19,Music_noise4,Music,0.0
2025-02-02,Music_noise4,Music,1.2573862358251695
2025-02-16,Music_noise4,Music,16.484188123200717
2025-03-02,Music_noise4,Music,3.8559055954199204
2025-03-16,Music_noise4,Music,6.304597239078337
2025-03-30,Music_noise4,Music,10.220406384132525
2025-04-13,Music_noise4,Music,7.9740913278356285
2025-04-27,Music_noise4,Music,5.902513430861458
2025-05-11,Music_noise4,Music,7.189766014797352
2025-05-25,Music_noise4,Music,19.42049351142965
2025-06-08,Music_noise4,Music,4.654287217798488
2025-06-22,Music_noise4,Music,6.206594280289805
2025-07-06,Music_noise4,Music,11.303926376045672
2024-01-07,Music_noise5,Music,11.633155597747903
2024-01-21,Music_noise5,Music,12.12218183336228
2024-02-04,Music_noise5,Music,8.832381332175107
2024-02-18,Music_noise5,Music,0.0
2024-03-03,Music_noise5,Music,14.800589193806577
2024-03-17,Music_noise5,Music,0.0
2024-03-31,Music_noise5,Music,6.815812791434199
2024-04-14,Music_noise5,Music,0.4743448998838522
2024-04-28,Music_noise5,Music,4.615169920442045
2024-05-12,Music_noise5,Music,6.972574461820883
2024-05-26,Music_noise5,Music,6.928143292701638
2024-06-09,Music_noise5,Music,7.531524525411708
2024-06-23,Music_noise5,Music,14.682267614351883
2024-07-07,Music_noise5,Music,7.721205809083878
2024-07-21,Music_noise5,Music,3.535060188256108
2024-08-04,Music_noise5,Music,10.784523009730144
2024-08-18,Music_noise5,Music,12.136822933547844
2024-09-01,Music_noise5,Music,0.0
2024-09-15,Music_noise5,Music,8.584400419099149
2024-09-29,Music_noise5,Music,9.20703645386539
2024-10-13,Music_noise5,Music,3.2146189798400484
2024-10-27,Music_noise5,Music,13.254240879869716
2024-11-10,Music_noise5,Music,4.09966647780484
2024-11-24,Music_noise5,Music,5.753458720829253
2024-12-08,Music_noise5,Music,3.961569054296782
2024-12-22,Music_noise5,Music,5.0934742854888055
2025-01-05,Music_noise5,Music,0.0
2025-01-19,Music_noise5,Music,0.0
2025-02-02,Music_noise5,Music,14.567030379349834
2025-02-16,Music_noise5,Music,0.0
2025-03-02,Music_noise5,Music,0.0
2025-03-16,Music_noise5,Music,0.0
2025-03-30,Music_noise5,Music,1.1662295138629868
2025-04-13,Music_noise5,Music,0.0
2025-04-27,Music_noise5,Music,14.852090960818215
2025-05-11,Music_noise5,Music,11.058902536055804
2025-05-25,Music_noise5,Music,0.8710979289336578
2025-06-08,Music_noise5,Music,18.514614832065853
2025-06-22,Music_noise5,Music,10.890592921949565
2025-07-06,Music_noise5,Music,3.0510116989482654
2024-01-07,Music_noise6,Music,0.0
2024-01-21,Music_noise6,Music,18.74565543554445
2024-02-04,Music_noise6,Music,0.0
2024-02-18,Music_noise6,Music,0.0
2024-03-03,Music_noise6,Music,11.135422592057841
2024-03-17,Music_noise6,Music,19.638514438035635
2024-03-31,Music_noise6,Music,13.30563691106311
2024-04-14,Music_noise6,Music,8.383454720314157
2024-04-28,Music_noise6,Music,8.568526049991716
2024-05-12,Music_noise6,Music,10.120493352681846
2024-05-26,Music_noise6,Music,9.55357153872059
2024-06-09,Music_noise6,Music,6.687148543816255
2024-06-23,Music_noise6,Music,5.625206623711256
2024-07-07,Music_noise6,Music,4.624441232602866
2024-07-21,Music_noise6,Music,0.4762124667999421
2024-08-04,Music_noise6,Music,3.3159495387993556
2024-08-18,Music_noise6,Music,0.0
2024-09-01,Music_noise6,Music,4.4099622392315005
2024-09-15,Music_noise6,Music,0.0
2024-09-29,Music_noise6,Music,0.0
2024-10-13,Music_noise6,Music,6.079364906920871
2024-10-27,Music_noise6,Music,13.352013718067596
2024-11-10,Music_noise6,Music,10.509899636013877
2024-11-24,Music_noise6,Music,0.0
2024-12-08,Music_noise6,Music,0.0
2024-12-22,Music_noise6,Music,10.644627127929295
2025-01-05,Music_noise6,Music,0.0
2025-01-19,Music_noise6,Music,3.6522011000178525
2025-02-02,Music_noise6,Music,8.30031259414731
2025-02-16,Music_noise6,Music,0.0
2025-03-02,Music_noise6,Music,5.63225303687576
2025-03-16,Music_noise6,Music,0.0
2025-03-30,Music_noise6,Music,1.391794136292718
2025-04-13,Music_noise6,Music,6.918691604855222
2025-04-27,Music_noise6,Music,0.0
2025-05-11,Music_noise6,Music,7.642848427762393
2025-05-25,Music_noise6,Music,4.882173206439913
2025-06-08,Music_noise6,Music,8.314939726502887
2025-06-22,Music_noise6,Music,6.343484804387969
2025-07-06,Music_noise6,Music,13.184842579843066
2024-01-07,Music_noise7,Music,5.751347015887443
2024-01-21,Music_noise7,Music,2.4235667532484824
2024-02-04,Music_noise7,Music,5.733785018193703
2024-02-18,Music_noise7,Music,8.259788174218327
2024-03-03,Music_noise7,Music,5.293160421954226
2024-03-17,Music_noise7,Music,5.243550147223294
2024-03-31,Music_noise7,Music,0.7880498731594674
2024-04-14,Music_noise7,Music,1.022594494694311
2024-04-28,Music_noise7,Music,0.0
2024-05-12,Music_noise7,Music,15.497460459121637
2024-05-26,Music_noise7,Music,0.0
2024-06-09,Music_noise7,Music,0.8425688132245561
2024-06-23,Music_noise7,Music,0.6895564065848152
2024-07-07,Music_noise7,Music,10.369546261666647
2024-07-21,Music_noise7,Music,3.2303019302478333
2024-08-04,Music_noise7,Music,12.486452436042402
2024-08-18,Music_noise7,Music,0.9590562545367884
2024-09-01,Music_noise7,Music,6.673964973342812
2024-09-15,Music_noise7,Music,0.0
2024-09-29,Music_noise7,Music,17.87089476664033
2024-10-13,Music_noise7,Music,0.0
2024-10-27,Music_noise7,Music,6.858924261362165
2024-11-10,Music_noise7,Music,8.802661285592592
2024-11-24,Music_noise7,Music,7.482794584708989
2024-12-08,Music_noise7,Music,3.88827404673375
2024-12-22,Music_noise7,Music,4.221075801599443
2025-01-05,Music_noise7,Music,5.262868831874657
2025-01-19,Music_noise7,Music,4.117987990229068
2025-02-02,Music_noise7,Music,10.783274700769457
2025-02-16,Music_noise7,Music,18.263138009548108
2025-03-02,Music_noise7,Music,1.6550492899529985
2025-03-16,Music_noise7,Music,0.0
2025-03-30,Music_noise7,Music,4.470307709892471
2025-04-13,Music_noise7,Music,20.478256025925912
2025-04-27,Music_noise7,Music,0.1779525921816152
2025-05-11,Music_noise7,Music,14.834700832664405
2025-05-25,Music_noise7,Music,15.066204884458644
2025-06-08,Music_noise7,Music,1.6784705497520322
2025-06-22,Music_noise7,Music,8.413898475111651
2025-07-06,Music_noise7,Music,14.77037973877123
2024-01-07,Music_noise8,Music,2.7252335540750776
2024-01-21,Music_noise8,Music,3.778517839385829
2024-02-04,Music_noise8,Music,1.5099145163081378
2024-02-18,Music_noise8,Music,0.0
2024-03-03,Music_noise8,Music,1.1043347296039574
2024-03-17,Music_noise8,Music,0.0
2024-03-31,Music_noise8,Music,5.204500809555356
2024-04-14,Music_noise8,Music,0.38016061364814924
2024-04-28,Music_noise8,Music,6.402715470744486
2024-05-12,Music_noise8,Music,0.0
2024-05-26,Music_noise8,Music,6.985281393286742
2024-06-09,Music_noise8,Music,10.001173769653548
2024-06-23,Music_noise8,Music,0.0
2024-07-07,Music_noise8,Music,7.244339419085433
2024-07-21,Music_noise8,Music,12.366013954839753
2024-08-04,Music_noise8,Music,0.0
2024-08-18,Music_noise8,Music,15.03543432102622
2024-09-01,Music_noise8,Music,7.514114056196271
2024-09-15,Music_noise8,Music,0.7699288654495469
2024-09-29,Music_noise8,Music,4.6653855340537635
2024-10-13,Music_noise8,Music,8.349961475130335
2024-10-27,Music_noise8,Music,5.456032348474469
2024-11-10,Music_noise8,Music,8.232535954678216
2024-11-24,Music_noise8,Music,0.0
2024-12-08,Music_noise8,Music,6.016164944216468
2024-12-22,Music_noise8,Music,0.0
2025-01-05,Music_noise8,Music,4.332643631907798
2025-01-19,Music_noise8,Music,0.0
2025-02-02,Music_noise8,Music,0.5868203444614011
2025-02-16,Music_noise8,Music,12.416559051262624
2025-03-02,Music_noise8,Music,11.547860723565615
2025-03-16,Music_noise8,Music,8.654828725443062
2025-03-30,Music_noise8,Music,0.0
2025-04-13,Music_noise8,Music,3.1015493018311884
2025-04-27,Music_noise8,Music,12.2785861998751
2025-05-11,Music_noise8,Music,5.850301481839429
2025-05-25,Music_noise8,Music,18.915977239890164
2025-06-08,Music_noise8,Music,7.359907036366231
2025-06-22,Music_noise8,Music,6.15229469894019
2025-07-06,Music_noise8,Music,3.1453012147849915
2024-01-07,Music_noise9,Music,5.801245428693694
2024-01-21,Music_noise9,Music,4.085180981716737
2024-02-04,Music_noise9,Music,9.248652060131542
2024-02-18,Music_noise9,Music,10.740213900767504
2024-03-03,Music_noise9,Music,0.28406323695230284
2024-03-17,Music_noise9,Music,0.0
2024-03-31,Music_noise9,Music,0.0
2024-04-14,Music_noise9,Music,8.047947961475263
2024-04-28,Music_noise9,Music,0.0
2024-05-12,Music_noise9,Music,0.0
2024-05-26,Music_noise9,Music,7.331471627185785
2024-06-09,Music_noise9,Music,19.957997104596743
2024-06-23,Music_noise9,Music,4.96357453076064
2024-07-07,Music_noise9,Music,10.030944646709852
2024-07-21,Music_noise9,Music,5.49097615128539
2024-08-04,Music_noise9,Music,4.406662080853144
2024-08-18,Music_noise9,Music,10.514458897926612
2024-09-01,Music_noise9,Music,3.258352734868092
2024-09-15,Music_noise9,Music,6.604353884431418
2024-09-29,Music_noise9,Music,6.930186837176082
2024-10-13,Music_noise9,Music,0.9914572781417075
2024-10-27,Music_noise9,Music,10.952254097219136
2024-11-10,Music_noise9,Music,3.950241459827548
2024-11-24,Music_noise9,Music,0.46552904304293197
2024-12-08,Music_noise9,Music,8.21905906142242
2024-12-22,Music_noise9,Music,0.0
2025-01-05,Music_noise9,Music,5.1690869442147696
2025-01-19,Music_noise9,Music,4.945286020134779
2025-02-02,Music_noise9,Music,11.515373394989469
2025-02-16,Music_noise9,Music,7.848189397279716
2025-03-02,Music_noise9,Music,4.849838247529137
2025-03-16,Music_noise9,Music,9.906597795201723
2025-03-30,Music_noise9,Music,13.34124529410388
2025-04-13,Music_noise9,Music,8.346861838111174
2025-04-27,Music_noise9,Music,5.062115719060284
2025-05-11,Music_noise9,Music,0.0
2025-05-25,Music_noise9,Music,0.0
2025-06-08,Music_noise9,Music,3.168651773871994
2025-06-22,Music_noise9,Music,1.3429267870443011
2025-07-06,Music_noise9,Music,3.878172182087324
2024-01-07,Music_noise10,Music,5.339899549382643
2024-01-21,Music_noise10,Music,8.178156526140384
2024-02-04,Music_noise10,Music,4.5770073316454525
2024-02-18,Music_noise10,Music,7.919009862957211
2024-03-03,Music_noise10,Music,5.386846488860721
2024-03-17,Music_noise10,Music,0.0
2024-03-31,Music_noise10,Music,0.0
2024-04-14,Music_noise10,Music,4.135474665670307
2024-04-28,Music_noise10,Music,0.0
2024-05-12,Music_noise10,Music,8.599572379977227
2024-05-26,Music_noise10,Music,14.184504994062184
2024-06-09,Music_noise10,Music,12.3125711101839
2024-06-23,Music_noise10,Music,3.719342774418752
2024-07-07,Music_noise10,Music,13.944356821099712
2024-07-21,Music_noise10,Music,5.892004743212669
2024-08-04,Music_noise10,Music,2.977484173291764
2024-08-18,Music_noise10,Music,1.3195840187543615
2024-09-01,Music_noise10,Music,3.1851818810712302
2024-09-15,Music_noise10,Music,2.670939088752627
2024-09-29,Music_noise10,Music,6.022497334252926
2024-10-13,Music_noise10,Music,5.963443886299188
2024-10-27,Music_noise10,Music,5.018276120920487
2024-11-10,Music_noise10,Music,7.6216290184780995
2024-11-24,Music_noise10,Music,12.143877648718048
2024-12-08,Music_noise10,Music,10.697324812647942
2024-12-22,Music_noise10,Music,0.0
2025-01-05,Music_noise10,Music,0.0
2025-01-19,Music_noise10,Music,10.605919467435642
2025-02-02,Music_noise10,Music,0.0
2025-02-16,Music_noise10,Music,3.651407588643899
2025-03-02,Music_noise10,Music,0.0
2025-03-16,Music_noise10,Music,0.0
2025-03-30,Music_noise10,Music,8.248776369228729
2025-04-13,Music_noise10,Music,9.55493096181588
2025-04-27,Music_noise10,Music,1.5409375956396834
2025-05-11,Music_noise10,Music,0.0
2025-05-25,Music_noise10,Music,1.7225333104851037
2025-06-08,Music_noise10,Music,7.350824032415279
2025-06-22,Music_noise10,Music,0.0
2025-07-06,Music_noise10,Music,6.100159518674934
2024-01-07,Music_noise11,Music,4.908140904962027
2024-01-21,Music_noise11,Music,8.47574899760653
2024-02-04,Music_noise11,Music,5.71748221048492
2024-02-18,Music_noise11,Music,0.0
2024-03-03,Music_noise11,Music,12.179429009986947
2024-03-17,Music_noise11,Music,4.04882256183818
2024-03-31,Music_noise11,Music,4.836172762940409
2024-04-14,Music_noise11,Music,0.0
2024-04-28,Music_noise11,Music,2.340306492850938
2024-05-12,Music_noise11,Music,0.0
2024-05-26,Music_noise11,Music,3.962323640459462
2024-06-09,Music_noise11,Music,15.27025088085406
2024-06-23,Music_noise11,Music,0.0
2024-07-07,Music_noise11,Music,0.0
2024-07-21,Music_noise11,Music,13.827021964961652
2024-08-04,Music_noise11,Music,3.744057937088803
2024-08-18,Music_noise11,Music,0.9855635680405008
2024-09-01,Music_noise11,Music,11.23942812437646
2024-09-15,Music_noise11,Music,1.3663067615788154
2024-09-29,Music_noise11,Music,15.956058281281617
2024-10-13,Music_noise11,Music,9.067555228035614
2024-10-27,Music_noise11,Music,2.072531551125784
2024-11-10,Music_noise11,Music,17.94384927959302
2024-11-24,Music_noise11,Music,1.3657104619799698
2024-12-08,Music_noise11,Music,9.452572232055843
2024-12-22,Music_noise11,Music,6.795755482438952
2025-01-05,Music_noise11,Music,12.810447736392788
2025-01-19,Music_noise11,Music,14.369067180361116
2025-02-02,Music_noise11,Music,5.1920248943946
2025-02-16,Music_noise11,Music,0.479492777922899
2025-03-02,Music_noise11,Music,7.759832857634699
2025-03-16,Music_noise11,Music,0.9337077814873638
2025-03-30,Music_noise11,Music,17.080323485159738
2025-04-13,Music_noise11,Music,5.819211986496425
2025-04-27,Music_noise11,Music,2.8080706921273477
2025-05-11,Music_noise11,Music,6.10808183518945
2025-05-25,Music_noise11,Music,0.0
2025-06-08,Music_noise11,Music,0.0
2025-06-22,Music_noise11,Music,12.202483447666552
2025-07-06,Music_noise11,Music,1.0586343261716253
2024-01-07,Music_noise12,Music,0.0
2024-01-21,Music_noise12,Music,8.219916515163717
2024-02-04,Music_noise12,Music,12.114224927977983
2024-02-18,Music_noise12,Music,9.3137198639904
2024-03-03,Music_noise12,Music,10.976286114834899
2024-03-17,Music_noise12,Music,0.459229468583235
2024-03-31,Music_noise12,Music,0.0
2024-04-14,Music_noise12,Music,14.00800191173292
2024-04-28,Music_noise12,Music,3.0639209669471854
2024-05-12,Music_noise12,Music,3.495001901269716
2024-05-26,Music_noise12,Music,12.969164851094348
2024-06-09,Music_noise12,Music,8.337380056403958
2024-06-23,Music_noise12,Music,7.735326632489645
2024-07-07,Music_noise12,Music,17.990014069406506
2024-07-21,Music_noise12,Music,1.138890617719142
2024-08-04,Music_noise12,Music,10.567040768487423
2024-08-18,Music_noise12,Music,5.342078749382507
2024-09-01,Music_noise12,Music,6.611553673179541
2024-09-15,Music_noise12,Music,14.170810558475189
2024-09-29,Music_noise12,Music,8.047014537737741
2024-10-13,Music_noise12,Music,8.229776474297797
2024-10-27,Music_noise12,Music,11.435044023858813
2024-11-10,Music_noise12,Music,2.810283622742688
2024-11-24,Music_noise12,Music,0.0
2024-12-08,Music_noise12,Music,0.0
2024-12-22,Music_noise12,Music,0.0
2025-01-05,Music_noise12,Music,17.337242779641933
2025-01-19,Music_noise12,Music,0.0
2025-02-02,Music_noise12,Music,3.672478258485368
2025-02-16,Music_noise12,Music,3.3391202006664757
2025-03-02,Music_noise12,Music,6.844440186854604
2025-03-16,Music_noise12,Music,9.89442327523578
2025-03-30,Music_noise12,Music,10.162840930158472
2025-04-13,Music_noise12,Music,1.501535368586369
2025-04-27,Music_noise12,Music,3.9972697172815312
2025-05-11,Music_noise12,Music,6.695479702929798
2025-05-25,Music_noise12,Music,3.5078532428987175
2025-06-08,Music_noise12,Music,14.644073456119955
2025-06-22,Music_noise12,Music,7.945849709829508
2025-07-06,Music_noise12,Music,9.409266716298905
2024-01-07,Music_noise13,Music,8.977287612004476
2024-01-21,Music_noise13,Music,12.04084314491195
2024-02-04,Music_noise13,Music,6.086129352222242
2024-02-18,Music_noise13,Music,0.0
2024-03-03,Music_noise13,Music,7.398127710515849
2024-03-17,Music_noise13,Music,1.0918586372490258
2024-03-31,Music_noise13,Music,1.828299909501459
2024-04-14,Music_noise13,Music,8.518184112530559
2024-04-28,Music_noise13,Music,12.429698428601814
2024-05-12,Music_noise13,Music,5.12762946041637
2024-05-26,Music_noise13,Music,6.852998075593783
2024-06-09,Music_noise13,Music,15.213289667811427
2024-06-23,Music_noise13,Music,6.44451907693141
2024-07-07,Music_noise13,Music,20.61009868508237
2024-07-21,Music_noise13,Music,8.393057873789264
2024-08-04,Music_noise13,Music,0.0
2024-08-18,Music_noise13,Music,9.520049726627196
2024-09-01,Music_noise13,Music,7.2869503092966665
2024-09-15,Music_noise13,Music,12.738516524496474
2024-09-29,Music_noise13,Music,9.039088107619751
2024-10-13,Music_noise13,Music,4.169264096097357
2024-10-27,Music_noise13,Music,0.0
2024-11-10,Music_noise13,Music,3.7458604562838484
2024-11-24,Music_noise13,Music,0.0
2024-12-08,Music_noise13,Music,1.5168593011716638
2024-12-22,Music_noise13,Music,8.531470426523658
2025-01-05,Music_noise13,Music,15.019427026108438
2025-01-19,Music_noise13,Music,7.368029178937887
2025-02-02,Music_noise13,Music,0.0
2025-02-16,Music_noise13,Music,7.667616009320844
2025-03-02,Music_noise13,Music,12.179788919873907
2025-03-16,Music_noise13,Music,1.3413025740837066
2025-03-30,Music_noise13,Music,4.1958969999624935
2025-04-13,Music_noise13,Music,5.088129168375183
2025-04-27,Music_noise13,Music,0.2906101215065604
2025-05-11,Music_noise13,Music,8.889682603063154
2025-05-25,Music_noise13,Music,4.27431110835331
2025-06-08,Music_noise13,Music,7.517194663442167
2025-06-22,Music_noise13,Music,0.0
2025-07-06,Music_noise13,Music,2.3752501980595375
2024-01-07,Music_noise14,Music,9.334288146966628
2024-01-21,Music_noise14,Music,2.763001087449398
2024-02-04,Music_noise14,Music,15.36178310740043
2024-02-18,Music_noise14,Music,2.602182886312386
2024-03-03,Music_noise14,Music,6.348108354511315
2024-03-17,Music_noise14,Music,10.59554499123854
2024-03-31,Music_noise14,Music,0.0
2024-04-14,Music_noise14,Music,0.0
2024-04-28,Music_noise14,Music,0.0
2024-05-12,Music_noise14,Music,12.575504620563093
2024-05-26,Music_noise14,Music,1.6888511246453195
2024-06-09,Music_noise14,Music,20.349195714009515
2024-06-23,Music_noise14,Music,1.6145144080556681
2024-07-07,Music_noise14,Music,6.107307819182222
2024-07-21,Music_noise14,Music,14.252659715407255
2024-08-04,Music_noise14,Music,17.036557328954736
2024-08-18,Music_noise14,Music,17.369021459818388
2024-09-01,Music_noise14,Music,12.250197383558854
2024-09-15,Music_noise14,Music,11.144375154868774
2024-09-29,Music_noise14,Music,8.555161695207099
2024-10-13,Music_noise14,Music,9.670166456999826
2024-10-27,Music_noise14,Music,1.6928857020287995
2024-11-10,Music_noise14,Music,0.09080669946615672
2024-11-24,Music_noise14,Music,4.979753255534288
2024-12-08,Music_noise14,Music,3.9788922648504292
2024-12-22,Music_noise14,Music,2.280631704036349
2025-01-05,Music_noise14,Music,9.178324684740293
2025-01-19,Music_noise14,Music,10.731831251423063
2025-02-02,Music_noise14,Music,5.530441317751084
2025-02-16,Music_noise14,Music,13.865180486331571
2025-03-02,Music_noise14,Music,0.0
2025-03-16,Music_noise14,Music,3.838043244321691
2025-03-30,Music_noise14,Music,0.6990660763831702
2025-04-13,Music_noise14,Music,0.0
2025-04-27,Music_noise14,Music,4.503915884943805
2025-05-11,Music_noise14,Music,4.269514949700299
2025-05-25,Music_noise14,Music,14.080698459452787
2025-06-08,Music_noise14,Music,8.784870107328665
2025-06-22,Music_noise14,Music,0.0
2025-07-06,Music_noise14,Music,16.12455539800513
2024-01-07,Music_noise15,Music,12.326202173152117
2024-01-21,Music_noise15,Music,8.492586220811695
2024-02-04,Music_noise15,Music,3.6410954069010084
2024-02-18,Music_noise15,Music,0.0
2024-03-03,Music_noise15,Music,2.766759343573682
2024-03-17,Music_noise15,Music,11.532491718225117
2024-03-31,Music_noise15,Music,16.307517835607655
2024-04-14,Music_noise15,Music,14.259461169633134
2024-04-28,Music_noise15,Music,2.066903469282355
2024-05-12,Music_noise15,Music,0.0
2024-05-26,Music_noise15,Music,5.845317481467224
2024-06-09,Music_noise15,Music,0.0
2024-06-23,Music_noise15,Music,6.939006285108689
2024-07-07,Music_noise15,Music,4.114384482207988
2024-07-21,Music_noise15,Music,2.2037809887905464
2024-08-04,Music_noise15,Music,0.0
2024-08-18,Music_noise15,Music,8.0816006394183
2024-09-01,Music_noise15,Music,1.8037949620285314
2024-09-15,Music_noise15,Music,0.0
2024-09-29,Music_noise15,Music,0.0
2024-10-13,Music_noise15,Music,4.8349105696961825
2024-10-27,Music_noise15,Music,15.633509580018465
2024-11-10,Music_noise15,Music,14.967555287287219
2024-11-24,Music_noise15,Music,2.2574224604823687
2024-12-08,Music_noise15,Music,1.386727637829317
2024-12-22,Music_noise15,Music,7.812645536450143
2025-01-05,Music_noise15,Music,0.0
2025-01-19,Music_noise15,Music,6.810751398916796
2025-02-02,Music_noise15,Music,9.596481670308142
2025-02-16,Music_noise15,Music,12.361599343305846
2025-03-02,Music_noise15,Music,4.3990755411202835
2025-03-16,Music_noise15,Music,3.7779574989382048
2025-03-30,Music_noise15,Music,0.0
2025-04-13,Music_noise15,Music,0.03871787576083996
2025-04-27,Music_noise15,Music,3.6411266485908396
2025-05-11,Music_noise15,Music,7.204193040897069
2025-05-25,Music_noise15,Music,10.481507757399497
2025-06-08,Music_noise15,Music,0.1809262959179314
2025-06-22,Music_noise15,Music,13.95613141375713
2025-07-06,Music_noise15,Music,3.3732583937445875
2024-01-07,Music_noise16,Music,4.871796233909383
2024-01-21,Music_noise16,Music,0.5167299251130597
2024-02-04,Music_noise16,Music,0.0
2024-02-18,Music_noise16,Music,10.3042723781663
2024-03-03,Music_noise16,Music,9.4210633825546
2024-03-17,Music_noise16,Music,3.3120346572907198
2024-03-31,Music_noise16,Music,5.401944303349231
2024-04-14,Music_noise16,Music,8.095635306224597
2024-04-28,Music_noise16,Music,0.0
2024-05-12,Music_noise16,Music,1.825683935922231
2024-05-26,Music_noise16,Music,9.765588077730962
2024-06-09,Music_noise16,Music,0.0
2024-06-23,Music_noise16,Music,6.761347592999776
2024-07-07,Music_noise16,Music,0.0
2024-07-21,Music_noise16,Music,7.798579894601158
2024-08-04,Music_noise16,Music,4.786151106215098
2024-08-18,Music_noise16,Music,0.0
2024-09-01,Music_noise16,Music,11.988436126743029
2024-09-15,Music_noise16,Music,0.592450539211705
2024-09-29,Music_noise16,Music,0.13848537791371385
2024-10-13,Music_noise16,Music,6.203415183385657
2024-10-27,Music_noise16,Music,11.891824096572291
2024-11-10,Music_noise16,Music,0.0
2024-11-24,Music_noise16,Music,5.37007909908783
2024-12-08,Music_noise16,Music,7.572899001983438
2024-12-22,Music_noise16,Music,9.158633643578865
2025-01-05,Music_noise16,Music,6.058649331663351
2025-01-19,Music_noise16,Music,2.797832965500066
2025-02-02,Music_noise16,Music,0.03445867610768172
2025-02-16,Music_noise16,Music,5.516863298278248
2025-03-02,Music_noise16,Music,0.0
2025-03-16,Music_noise16,Music,0.0
2025-03-30,Music_noise16,Music,7.619358824946007
2025-04-13,Music_noise16,Music,10.423609046517171
2025-04-27,Music_noise16,Music,0.0
2025-05-11,Music_noise16,Music,0.0
2025-05-25,Music_noise16,Music,8.714925566031187
2025-06-08,Music_noise16,Music,17.344972818270193
2025-06-22,Music_noise16,Music,5.124762246052447
2025-07-06,Music_noise16,Music,0.6319823526251938
2024-01-07,Tech_core1,Tech,119.92684142355806
2024-01-21,Tech_core1,Tech,156.3909667190368
2024-02-04,Tech_core1,Tech,156.78263047972774
2024-02-18,Tech_core1,Tech,123.2803231973399
2024-03-03,Tech_core1,Tech,89.96588643974964
2024-03-17,Tech_core1,Tech,90.97765240531898
2024-03-31,Tech_core1,Tech,127.2490681263979
2024-04-14,Tech_core1,Tech,163.69088753476535
2024-04-28,Tech_core1,Tech,164.37024786062395
2024-05-12,Tech_core1,Tech,130.69905859914954
2024-05-26,Tech_core1,Tech,97.24225934105623
2024-06-09,Tech_core1,Tech,97.93370752514377
2024-06-23,Tech_core1,Tech,134.75324391085883
2024-07-07,Tech_core1,Tech,170.20988127257243
2024-07-21,Tech_core1,Tech,171.36882418594135
2024-08-04,Tech_core1,Tech,139.27724302713804
2024-08-18,Tech_core1,Tech,104.67848501196876
2024-09-01,Tech_core1,Tech,105.4582674285844
2024-09-15,Tech_core1,Tech,141.42945696151776
2024-09-29,Tech_core1,Tech,177.9003944350562
2024-10-13,Tech_core1,Tech,178.68632431559263
2024-10-27,Tech_core1,Tech,144.62468880867306
2024-11-10,Tech_core1,Tech,112.12667542245259
2024-11-24,Tech_core1,Tech,112.69172621440678
2024-12-08,Tech_core1,Tech,149.549319110487
2024-12-22,Tech_core1,Tech,185.07303537766344
2025-01-05,Tech_core1,Tech,185.662087393114
2025-01-19,Tech_core1,Tech,152.9124065446941
2025-02-02,Tech_core1,Tech,118.98612605283346
2025-02-16,Tech_core1,Tech,120.50009331867136
2025-03-02,Tech_core1,Tech,156.1938931269176
2025-03-16,Tech_core1,Tech,191.50247348938115
2025-03-30,Tech_core1,Tech,192.78359621845064
2025-04-13,Tech_core1,Tech,160.01198432703237
2025-04-27,Tech_core1,Tech,126.02507371577984
2025-05-11,Tech_core1,Tech,127.19752446332565
2025-05-25,Tech_core1,Tech,162.8179509682602
2025-06-08,Tech_core1,Tech,199.2104557776149
2025-06-22,Tech_core1,Tech,201.06602611907488
2025-07-06,Tech_core1,Tech,166.3729868342985
2024-01-07,Tech_core2,Tech,120.0096877826691
2024-01-21,Tech_core2,Tech,150.04915946962805
2024-02-04,Tech_core2,Tech,162.3681434435017
2024-02-18,Tech_core2,Tech,152.0652199659618
2024-03-03,Tech_core2,Tech,124.37504258874125
2024-03-17,Tech_core2,Tech,97.88705159142116
2024-03-31,Tech_core2,Tech,87.12514229399818
2024-04-14,Tech_core2,Tech,100.51002075081004
2024-04-28,Tech_core2,Tech,130.0749544206259
2024-05-12,Tech_core2,Tech,160.12009670426937
2024-05-26,Tech_core2,Tech,172.23185326928544
2024-06-09,Tech_core2,Tech,161.61458977409478
2024-06-23,Tech_core2,Tech,134.47775372063097
2024-07-07,Tech_core2,Tech,107.1744622354138
2024-07-21,Tech_core2,Tech,96.93539353738468
2024-08-04,Tech_core2,Tech,109.59756818848246
2024-08-18,Tech_core2,Tech,139.2673843905078
2024-09-01,Tech_core2,Tech,169.21131026170508
2024-09-15,Tech_core2,Tech,181.19738297388812
2024-09-29,Tech_core2,Tech,171.5402226719136
2024-10-13,Tech_core2,Tech,144.52684602693597
2024-10-27,Tech_core2,Tech,116.86850134174165
2024-11-10,Tech_core2,Tech,105.55125804039656
2024-11-24,Tech_core2,Tech,119.07259995770028
2024-12-08,Tech_core2,Tech,149.31879781862443
2024-12-22,Tech_core2,Tech,178.27512402254234
2025-01-05,Tech_core2,Tech,190.80027910708202
2025-01-19,Tech_core2,Tech,180.48236127897067
2025-02-02,Tech_core2,Tech,153.93624801060184
2025-02-16,Tech_core2,Tech,126.73442217981867
2025-03-02,Tech_core2,Tech,115.90442716033212
2025-03-16,Tech_core2,Tech,128.76899898781215
2025-03-30,Tech_core2,Tech,158.24329674038245
2025-04-13,Tech_core2,Tech,187.5153071736625
2025-04-27,Tech_core2,Tech,201.4461502757878
2025-05-11,Tech_core2,Tech,190.15534305977744
2025-05-25,Tech_core2,Tech,163.68686340833025
2025-06-08,Tech_core2,Tech,136.72425517330709
2025-06-22,Tech_core2,Tech,125.99932435925918
2025-07-06,Tech_core2,Tech,138.34308062745083
2024-01-07,Tech_core3,Tech,120.16149203613465
2024-01-21,Tech_core3,Tech,141.19032175744363
2024-02-04,Tech_core3,Tech,156.67953540708552
2024-02-18,Tech_core3,Tech,163.72974371268865
2024-03-03,Tech_core3,Tech,158.96940023491362
2024-03-17,Tech_core3,Tech,146.47507175538462
2024-03-31,Tech_core3,Tech,127.01415308108065
2024-04-14,Tech_core3,Tech,108.48046386234915
2024-04-28,Tech_core3,Tech,95.0722989972409
2024-05-12,Tech_core3,Tech,90.69643801051838
2024-05-26,Tech_core3,Tech,97.59366136921257
2024-06-09,Tech_core3,Tech,113.01003853735097
2024-06-23,Tech_core3,Tech,134.7485189189829
2024-07-07,Tech_core3,Tech,155.0616081279013
2024-07-21,Tech_core3,Tech,171.4915679831961
2024-08-04,Tech_core3,Tech,178.7755715996233
2024-08-18,Tech_core3,Tech,173.4408836215353
2024-09-01,Tech_core3,Tech,160.12890201179007
2024-09-15,Tech_core3,Tech,141.80556313986358
2024-09-29,Tech_core3,Tech,122.87183271277588
2024-10-13,Tech_core3,Tech,109.49923588833187
2024-10-27,Tech_core3,Tech,105.39567485205906
2024-11-10,Tech_core3,Tech,112.01287243604716
2024-11-24,Tech_core3,Tech,128.04387993678242
2024-12-08,Tech_core3,Tech,148.96392746277138
2024-12-22,Tech_core3,Tech,169.9034969381526
2025-01-05,Tech_core3,Tech,186.11004563185864
2025-01-19,Tech_core3,Tech,193.15995277395808
2025-02-02,Tech_core3,Tech,188.18796265282452
2025-02-16,Tech_core3,Tech,174.41018827813176
2025-03-02,Tech_core3,Tech,156.44283226771486
2025-03-16,Tech_core3,Tech,137.1518475344186
2025-03-30,Tech_core3,Tech,122.8899160302169
2025-04-13,Tech_core3,Tech,119.93896867086016
2025-04-27,Tech_core3,Tech,125.94485257424091
2025-05-11,Tech_core3,Tech,141.96378668707834
2025-05-25,Tech_core3,Tech,163.33279213222755
2025-06-08,Tech_core3,Tech,184.47619987191158
2025-06-22,Tech_core3,Tech,200.5247968782331
2025-07-06,Tech_core3,Tech,206.62580545177207
2024-01-07,Tech_core4,Tech,120.20524231927044
2024-01-21,Tech_core4,Tech,121.09618132896644
2024-02-04,Tech_core4,Tech,122.69552419235501
2024-02-18,Tech_core4,Tech,123.84614699360522
2024-03-03,Tech_core4,Tech,124.42582451918216
2024-03-17,Tech_core4,Tech,126.43439284647002
2024-03-31,Tech_core4,Tech,126.98561462195438
2024-04-14,Tech_core4,Tech,128.72322311931245
2024-04-28,Tech_core4,Tech,129.74691492536053
2024-05-12,Tech_core4,Tech,131.53527347071807
2024-05-26,Tech_core4,Tech,131.91061360705126
2024-06-09,Tech_core4,Tech,133.0602732815527
2024-06-23,Tech_core4,Tech,134.3922321576449
2024-07-07,Tech_core4,Tech,135.47872808686628
2024-07-21,Tech_core4,Tech,137.11997676077684
2024-08-04,Tech_core4,Tech,137.35347575662536
2024-08-18,Tech_core4,Tech,138.77852703234146
2024-09-01,Tech_core4,Tech,139.97287883136832
2024-09-15,Tech_core4,Tech,141.98012303678942
2024-09-29,Tech_core4,Tech,143.4842453490328
2024-10-13,Tech_core4,Tech,143.958220312585
2024-10-27,Tech_core4,Tech,145.132471310724
2024-11-10,Tech_core4,Tech,146.4280208652453
2024-11-24,Tech_core4,Tech,148.06475132104327
2024-12-08,Tech_core4,Tech,148.4290587463238
2024-12-22,Tech_core4,Tech,150.09534759309392
2025-01-05,Tech_core4,Tech,151.59007905191297
2025-01-19,Tech_core4,Tech,152.60043766797594
2025-02-02,Tech_core4,Tech,153.6758326466395
2025-02-16,Tech_core4,Tech,155.20041843702685
2025-03-02,Tech_core4,Tech,154.9187070828003
2025-03-16,Tech_core4,Tech,157.47115012781236
2025-03-30,Tech_core4,Tech,158.13836972674903
2025-04-13,Tech_core4,Tech,158.8677468412574
2025-04-27,Tech_core4,Tech,161.00448103981
2025-05-11,Tech_core4,Tech,162.5494634180652
2025-05-25,Tech_core4,Tech,163.14502059414892
2025-06-08,Tech_core4,Tech,164.78114981888118
2025-06-22,Tech_core4,Tech,166.24491130319547
2025-07-06,Tech_core4,Tech,167.32596578143364
2024-01-07,Tech_noise1,Tech,14.839787176228358
2024-01-21,Tech_noise1,Tech,9.452764946431353
2024-02-04,Tech_noise1,Tech,5.452601833409557
2024-02-18,Tech_noise1,Tech,0.0
2024-03-03,Tech_noise1,Tech,3.5236250712203088
2024-03-17,Tech_noise1,Tech,0.0
2024-03-31,Tech_noise1,Tech,18.02565630498688
2024-04-14,Tech_noise1,Tech,3.9446851254059805
2024-04-28,Tech_noise1,Tech,5.7392288407069145
2024-05-12,Tech_noise1,Tech,8.308912256242806
2024-05-26,Tech_noise1,Tech,5.261614678234722
2024-06-09,Tech_noise1,Tech,15.170306242584518
2024-06-23,Tech_noise1,Tech,1.2641038295932883
2024-07-07,Tech_noise1,Tech,6.167644731423456
2024-07-21,Tech_noise1,Tech,0.5451764858117105
2024-08-04,Tech_noise1,Tech,0.0
2024-08-18,Tech_noise1,Tech,1.3293854545682873
2024-09-01,Tech_noise1,Tech,4.7777792177095275
2024-09-15,Tech_noise1,Tech,2.42418665289644
2024-09-29,Tech_noise1,Tech,0.8454741207568643
2024-10-13,Tech_noise1,Tech,0.0
2024-10-27,Tech_noise1,Tech,4.5013665642278315
2024-11-10,Tech_noise1,Tech,0.0
2024-11-24,Tech_noise1,Tech,9.560335782137615
2024-12-08,Tech_noise1,Tech,5.49463851760702
2024-12-22,Tech_noise1,Tech,0.0
2025-01-05,Tech_noise1,Tech,3.1447455377008193
2025-01-19,Tech_noise1,Tech,0.487061566456501
2025-02-02,Tech_noise1,Tech,6.915047062515082
2025-02-16,Tech_noise1,Tech,13.042702676138868
2025-03-02,Tech_noise1,Tech,0.0
2025-03-16,Tech_noise1,Tech,5.690156474884503
2025-03-30,Tech_noise1,Tech,4.039203226600158
2025-04-13,Tech_noise1,Tech,9.028040458702794
2025-04-27,Tech_noise1,Tech,6.279179769426134
2025-05-11,Tech_noise1,Tech,0.4881840095670853
2025-05-25,Tech_noise1,Tech,3.085676386000291
2025-06-08,Tech_noise1,Tech,0.22384485917906538
2025-06-22,Tech_noise1,Tech,11.45604283159159
2025-07-06,Tech_noise1,Tech,5.127869892031653
2024-01-07,Tech_noise2,Tech,16.407144114518044
2024-01-21,Tech_noise2,Tech,4.636035117112275
2024-02-04,Tech_noise2,Tech,0.7495593985372233
2024-02-18,Tech_noise2,Tech,0.0
2024-03-03,Tech_noise2,Tech,0.0
2024-03-17,Tech_noise2,Tech,0.0
2024-03-31,Tech_noise2,Tech,6.602759906068901
2024-04-14,Tech_noise2,Tech,8.052350139379604
2024-04-28,Tech_noise2,Tech,0.0
2024-05-12,Tech_noise2,Tech,10.370229884456693
2024-05-26,Tech_noise2,Tech,2.101633689899363
2024-06-09,Tech_noise2,Tech,5.880758071913296
2024-06-23,Tech_noise2,Tech,14.673323769532546
2024-07-07,Tech_noise2,Tech,10.381035895193191
2024-07-21,Tech_noise2,Tech,3.388816112565006
2024-08-04,Tech_noise2,Tech,0.0
2024-08-18,Tech_noise2,Tech,0.0
2024-09-01,Tech_noise2,Tech,0.6850800845454792
2024-09-15,Tech_noise2,Tech,3.733218567033833
2024-09-29,Tech_noise2,Tech,0.0
2024-10-13,Tech_noise2,Tech,4.212458197446171
2024-10-27,Tech_noise2,Tech,5.461111297752609
2024-11-10,Tech_noise2,Tech,3.6508641091515286
2024-11-24,Tech_noise2,Tech,1.0999845150592416
2024-12-08,Tech_noise2,Tech,6.011928031800366
2024-12-22,Tech_noise2,Tech,7.651643897416454
2025-01-05,Tech_noise2,Tech,0.0
2025-01-19,Tech_noise2,Tech,13.46559427847762
2025-02-02,Tech_noise2,Tech,4.408471206294429
2025-02-16,Tech_noise2,Tech,5.113097737669086
2025-03-02,Tech_noise2,Tech,9.249286539539343
2025-03-16,Tech_noise2,Tech,6.39929678758101
2025-03-30,Tech_noise2,Tech,10.71881980347947
2025-04-13,Tech_noise2,Tech,6.722744991210945
2025-04-27,Tech_noise2,Tech,1.3253757521573726
2025-05-11,Tech_noise2,Tech,7.16902115123661
2025-05-25,Tech_noise2,Tech,0.0
2025-06-08,Tech_noise2,Tech,5.6513582346591384
2025-06-22,Tech_noise2,Tech,4.800620056133235
2025-07-06,Tech_noise2,Tech,3.7512988563647616
2024-01-07,Tech_noise3,Tech,4.228774931366416
2024-01-21,Tech_noise3,Tech,0.0
2024-02-04,Tech_noise3,Tech,1.707650553554231
2024-02-18,Tech_noise3,Tech,5.557069406846688
2024-03-03,Tech_noise3,Tech,5.959138351984402
2024-03-17,Tech_noise3,Tech,0.0
2024-03-31,Tech_noise3,Tech,12.594247045188204
2024-04-14,Tech_noise3,Tech,0.0
2024-04-28,Tech_noise3,Tech,10.81674320316042
2024-05-12,Tech_noise3,Tech,7.563166171230109
2024-05-26,Tech_noise3,Tech,1.122636140937182
2024-06-09,Tech_noise3,Tech,15.651865355657073
2024-06-23,Tech_noise3,Tech,0.0
2024-07-07,Tech_noise3,Tech,10.514925041660009
2024-07-21,Tech_noise3,Tech,11.00349390825787
2024-08-04,Tech_noise3,Tech,0.9762787455401307
2024-08-18,Tech_noise3,Tech,13.354791800385973
2024-09-01,Tech_noise3,Tech,3.4997209124062834
2024-09-15,Tech_noise3,Tech,6.732161775679142
2024-09-29,Tech_noise3,Tech,6.561931032627324
2024-10-13,Tech_noise3,Tech,4.194147551176713
2024-10-27,Tech_noise3,Tech,9.864849638958692
2024-11-10,Tech_noise3,Tech,9.760932323313277
2024-11-24,Tech_noise3,Tech,0.0
2024-12-08,Tech_noise3,Tech,12.826041457268914
2024-12-22,Tech_noise3,Tech,0.0
2025-01-05,Tech_noise3,Tech,11.195277226049944
2025-01-19,Tech_noise3,Tech,11.7602308209655
2025-02-02,Tech_noise3,Tech,0.0
2025-02-16,Tech_noise3,Tech,2.5351142722724913
2025-03-02,Tech_noise3,Tech,0.0
2025-03-16,Tech_noise3,Tech,3.7104738182675883
2025-03-30,Tech_noise3,Tech,3.1517942948855526
2025-04-13,Tech_noise3,Tech,9.677963193616039
2025-04-27,Tech_noise3,Tech,12.861852476717651
2025-05-11,Tech_noise3,Tech,13.374102864739736
2025-05-25,Tech_noise3,Tech,1.626991840530187
2025-06-08,Tech_noise3,Tech,3.7446687575328332
2025-06-22,Tech_noise3,Tech,0.0
2025-07-06,Tech_noise3,Tech,0.16477960102286726
2024-01-07,Tech_noise4,Tech,10.789109798584747
2024-01-21,Tech_noise4,Tech,14.69349694128939
2024-02-04,Tech_noise4,Tech,0.0
2024-02-18,Tech_noise4,Tech,1.4452144450826347
2024-03-03,Tech_noise4,Tech,4.841565458246437
2024-03-17,Tech_noise4,Tech,6.6809669529176405
2024-03-31,Tech_noise4,Tech,0.14237888047012337
2024-04-14,Tech_noise4,Tech,7.544366266784538
2024-04-28,Tech_noise4,Tech,2.1569639175745032
2024-05-12,Tech_noise4,Tech,4.913286374730325
2024-05-26,Tech_noise4,Tech,8.277705488022198
2024-06-09,Tech_noise4,Tech,5.0385336188656265
2024-06-23,Tech_noise4,Tech,2.381684656840588
2024-07-07,Tech_noise4,Tech,4.342341176445015
2024-07-21,Tech_noise4,Tech,4.469822244767988
2024-08-04,Tech_noise4,Tech,2.779933820707234
2024-08-18,Tech_noise4,Tech,3.447223623997386
2024-09-01,Tech_noise4,Tech,14.591883023028302
2024-09-15,Tech_noise4,Tech,8.365516687647432
2024-09-29,Tech_noise4,Tech,3.2271180918250377
2024-10-13,Tech_noise4,Tech,9.181726427064413
2024-10-27,Tech_noise4,Tech,2.9970830614639405
2024-11-10,Tech_noise4,Tech,12.038747825519849
2024-11-24,Tech_noise4,Tech,7.217853153188564
2024-12-08,Tech_noise4,Tech,4.3561871359746265
2024-12-22,Tech_noise4,Tech,7.686301554861666
2025-01-05,Tech_noise4,Tech,0.0
2025-01-19,Tech_noise4,Tech,0.0
2025-02-02,Tech_noise4,Tech,0.0
2025-02-16,Tech_noise4,Tech,5.857658568582241
2025-03-02,Tech_noise4,Tech,15.395089996910551
2025-03-16,Tech_noise4,Tech,18.387800877155794
2025-03-30,Tech_noise4,Tech,8.828306608644542
2025-04-13,Tech_noise4,Tech,8.005066849666742
2025-04-27,Tech_noise4,Tech,0.0
2025-05-11,Tech_noise4,Tech,1.7439572015958698
2025-05-25,Tech_noise4,Tech,0.27329748855056657
2025-06-08,Tech_noise4,Tech,1.2749144104933041
2025-06-22,Tech_noise4,Tech,3.9911370884912625
2025-07-06,Tech_noise4,Tech,2.167456533817236
2024-01-07,Tech_noise5,Tech,0.0
2024-01-21,Tech_noise5,Tech,9.487461536705203
2024-02-04,Tech_noise5,Tech,0.0
2024-02-18,Tech_noise5,Tech,6.435481184666897
2024-03-03,Tech_noise5,Tech,17.44449601849984
2024-03-17,Tech_noise5,Tech,0.0
2024-03-31,Tech_noise5,Tech,0.0
2024-04-14,Tech_noise5,Tech,3.283974668719335
2024-04-28,Tech_noise5,Tech,11.605757809991427
2024-05-12,Tech_noise5,Tech,16.750084725323564
2024-05-26,Tech_noise5,Tech,0.0
2024-06-09,Tech_noise5,Tech,7.98019533941913
2024-06-23,Tech_noise5,Tech,2.20813725931968
2024-07-07,Tech_noise5,Tech,4.364309874175186
2024-07-21,Tech_noise5,Tech,20.86606008210221
2024-08-04,Tech_noise5,Tech,0.0
2024-08-18,Tech_noise5,Tech,6.5224379689674405
2024-09-01,Tech_noise5,Tech,7.8061590305926
2024-09-15,Tech_noise5,Tech,11.514717949636083
2024-09-29,Tech_noise5,Tech,5.587898920825372
2024-10-13,Tech_noise5,Tech,6.848303237024614
2024-10-27,Tech_noise5,Tech,2.6501085954692534
2024-11-10,Tech_noise5,Tech,6.614761647470644
2024-11-24,Tech_noise5,Tech,2.940846347015537
2024-12-08,Tech_noise5,Tech,8.729431339136305
2024-12-22,Tech_noise5,Tech,2.7823379837381963
2025-01-05,Tech_noise5,Tech,7.262602363413119
2025-01-19,Tech_noise5,Tech,4.82442311789013
2025-02-02,Tech_noise5,Tech,11.756301504633008
2025-02-16,Tech_noise5,Tech,4.691637658469083
2025-03-02,Tech_noise5,Tech,0.0
2025-03-16,Tech_noise5,Tech,12.57152900428395
2025-03-30,Tech_noise5,Tech,0.0
2025-04-13,Tech_noise5,Tech,1.0774019681070808
2025-04-27,Tech_noise5,Tech,1.4260322357390471
2025-05-11,Tech_noise5,Tech,13.246628559024904
2025-05-25,Tech_noise5,Tech,0.0
2025-06-08,Tech_noise5,Tech,23.82649120195996
2025-06-22,Tech_noise5,Tech,11.336340854396312
2025-07-06,Tech_noise5,Tech,6.339433484774958
2024-01-07,Tech_noise6,Tech,4.670635996302281
2024-01-21,Tech_noise6,Tech,6.713324449145942
2024-02-04,Tech_noise6,Tech,8.12673457027603
2024-02-18,Tech_noise6,Tech,8.871293515700343
2024-03-03,Tech_noise6,Tech,8.333626796020692
2024-03-17,Tech_noise6,Tech,5.537484087531493
2024-03-31,Tech_noise6,Tech,3.8159694781560436
2024-04-14,Tech_noise6,Tech,4.09236029807893
2024-04-28,Tech_noise6,Tech,3.830550317883914
2024-05-12,Tech_noise6,Tech,11.802620581202387
2024-05-26,Tech_noise6,Tech,8.561340333685171
2024-06-09,Tech_noise6,Tech,0.0
2024-06-23,Tech_noise6,Tech,8.935404659178566
2024-07-07,Tech_noise6,Tech,6.168417168312649
2024-07-21,Tech_noise6,Tech,4.887747461324616
2024-08-04,Tech_noise6,Tech,2.668889281466685
2024-08-18,Tech_noise6,Tech,11.744676319916081
2024-09-01,Tech_noise6,Tech,10.685158772737147
2024-09-15,Tech_noise6,Tech,0.3627339930583453
2024-09-29,Tech_noise6,Tech,7.442313722747211
2024-10-13,Tech_noise6,Tech,0.0
2024-10-27,Tech_noise6,Tech,0.0
2024-11-10,Tech_noise6,Tech,1.2396966524602089
2024-11-24,Tech_noise6,Tech,10.174360834296554
2024-12-08,Tech_noise6,Tech,10.71875027225652
2024-12-22,Tech_noise6,Tech,8.078512520583757
2025-01-05,Tech_noise6,Tech,9.350574721087984
2025-01-19,Tech_noise6,Tech,8.09706972268975
2025-02-02,Tech_noise6,Tech,1.1511104286622866
2025-02-16,Tech_noise6,Tech,7.591535268043644
2025-03-02,Tech_noise6,Tech,9.802457151366093
2025-03-16,Tech_noise6,Tech,9.525747978881446
2025-03-30,Tech_noise6,Tech,12.133480228847858
2025-04-13,Tech_noise6,Tech,9.249823083206383
2025-04-27,Tech_noise6,Tech,7.108689245249497
2025-05-11,Tech_noise6,Tech,11.420901429898564
2025-05-25,Tech_noise6,Tech,4.8408724445056395
2025-06-08,Tech_noise6,Tech,0.0
2025-06-22,Tech_noise6,Tech,4.021598216337416
2025-07-06,Tech_noise6,Tech,0.5305841311613051
2024-01-07,Tech_noise7,Tech,0.9489303501537112
2024-01-21,Tech_noise7,Tech,4.132887975706893
2024-02-04,Tech_noise7,Tech,0.24548047400023254
2024-02-18,Tech_noise7,Tech,3.1522308221657585
2024-03-03,Tech_noise7,Tech,0.0
2024-03-17,Tech_noise7,Tech,6.279762244237631
2024-03-31,Tech_noise7,Tech,5.007232852173345
2024-04-14,Tech_noise7,Tech,0.09746821359085622
2024-04-28,Tech_noise7,Tech,8.95547401059443
2024-05-12,Tech_noise7,Tech,10.62542082575935
2024-05-26,Tech_noise7,Tech,0.0
2024-06-09,Tech_noise7,Tech,0.42365132860271437
2024-06-23,Tech_noise7,Tech,0.3851459012762106
2024-07-07,Tech_noise7,Tech,0.0
2024-07-21,Tech_noise7,Tech,9.976849051590492
2024-08-04,Tech_noise7,Tech,3.837043167363179
2024-08-18,Tech_noise7,Tech,3.412910952136335
2024-09-01,Tech_noise7,Tech,0.0
2024-09-15,Tech_noise7,Tech,8.812508181255359
2024-09-29,Tech_noise7,Tech,0.0
2024-10-13,Tech_noise7,Tech,5.359595781597969
2024-10-27,Tech_noise7,Tech,6.66426162774915
2024-11-10,Tech_noise7,Tech,13.163951575031906
2024-11-24,Tech_noise7,Tech,0.0
2024-12-08,Tech_noise7,Tech,0.0
2024-12-22,Tech_noise7,Tech,6.103097268522169
2025-01-05,Tech_noise7,Tech,15.803067089065122
2025-01-19,Tech_noise7,Tech,12.433678117636624
2025-02-02,Tech_noise7,Tech,6.257956491647755
2025-02-16,Tech_noise7,Tech,2.0501828862077156
2025-03-02,Tech_noise7,Tech,9.842735579823863
2025-03-16,Tech_noise7,Tech,0.0
2025-03-30,Tech_noise7,Tech,7.858146616137315
2025-04-13,Tech_noise7,Tech,8.03282095499976
2025-04-27,Tech_noise7,Tech,11.361259444993278
2025-05-11,Tech_noise7,Tech,21.557960233466467
2025-05-25,Tech_noise7,Tech,7.354495803072602
2025-06-08,Tech_noise7,Tech,1.9462182457550075
2025-06-22,Tech_noise7,Tech,4.846554126848034
2025-07-06,Tech_noise7,Tech,0.0
2024-01-07,Tech_noise8,Tech,0.8317212134656504
2024-01-21,Tech_noise8,Tech,2.544305371321376
2024-02-04,Tech_noise8,Tech,1.855469612392445
2024-02-18,Tech_noise8,Tech,5.914129232202332
2024-03-03,Tech_noise8,Tech,0.06548040570679703
2024-03-17,Tech_noise8,Tech,11.726184003946829
2024-03-31,Tech_noise8,Tech,5.001242389509183
2024-04-14,Tech_noise8,Tech,4.944198073168313
2024-04-28,Tech_noise8,Tech,3.032631700922493
2024-05-12,Tech_noise8,Tech,5.9311441031538745
2024-05-26,Tech_noise8,Tech,9.950589588005808
2024-06-09,Tech_noise8,Tech,0.0
2024-06-23,Tech_noise8,Tech,1.05130106554846
2024-07-07,Tech_noise8,Tech,3.1776438273400123
2024-07-21,Tech_noise8,Tech,0.0
2024-08-04,Tech_noise8,Tech,0.08445284167101352
2024-08-18,Tech_noise8,Tech,2.1426747587320456
2024-09-01,Tech_noise8,Tech,10.246335084276366
2024-09-15,Tech_noise8,Tech,6.57536797401155
2024-09-29,Tech_noise8,Tech,6.161539468205266
2024-10-13,Tech_noise8,Tech,10.105387773007834
2024-10-27,Tech_noise8,Tech,4.17576926960362
2024-11-10,Tech_noise8,Tech,7.342789099573338
2024-11-24,Tech_noise8,Tech,4.380669482405023
2024-12-08,Tech_noise8,Tech,6.592174096397771
2024-12-22,Tech_noise8,Tech,1.5034480543305078
2025-01-05,Tech_noise8,Tech,0.0
2025-01-19,Tech_noise8,Tech,4.194325026882175
2025-02-02,Tech_noise8,Tech,13.53648881659964
2025-02-16,Tech_noise8,Tech,10.557292413449554
2025-03-02,Tech_noise8,Tech,10.792384907547024
2025-03-16,Tech_noise8,Tech,12.416784330837308
2025-03-30,Tech_noise8,Tech,5.531945545768624
2025-04-13,Tech_noise8,Tech,6.183894244433573
2025-04-27,Tech_noise8,Tech,1.294088627393899
2025-05-11,Tech_noise8,Tech,3.1035628638377015
2025-05-25,Tech_noise8,Tech,8.694626898626849
2025-06-08,Tech_noise8,Tech,12.223306623012897
2025-06-22,Tech_noise8,Tech,4.163322345914002
2025-07-06,Tech_noise8,Tech,2.2988644108915306
2024-01-07,Tech_noise9,Tech,5.003167753139584
2024-01-21,Tech_noise9,Tech,8.60724049357469
2024-02-04,Tech_noise9,Tech,0.0
2024-02-18,Tech_noise9,Tech,0.0
2024-03-03,Tech_noise9,Tech,1.6967789030504985
2024-03-17,Tech_noise9,Tech,0.0
2024-03-31,Tech_noise9,Tech,1.951158814116135
2024-04-14,Tech_noise9,Tech,4.113318087095171
2024-04-28,Tech_noise9,Tech,2.2805095458619196
2024-05-12,Tech_noise9,Tech,13.714805206824472
2024-05-26,Tech_noise9,Tech,6.960468587613921
2024-06-09,Tech_noise9,Tech,6.80284615766497
2024-06-23,Tech_noise9,Tech,8.733242864260411
2024-07-07,Tech_noise9,Tech,0.0
2024-07-21,Tech_noise9,Tech,11.234670724521612
2024-08-04,Tech_noise9,Tech,4.545414280787241
2024-08-18,Tech_noise9,Tech,9.022883703447276
2024-09-01,Tech_noise9,Tech,0.0
2024-09-15,Tech_noise9,Tech,0.0
2024-09-29,Tech_noise9,Tech,9.907337948150172
2024-10-13,Tech_noise9,Tech,7.2584571565850995
2024-10-27,Tech_noise9,Tech,0.0
2024-11-10,Tech_noise9,Tech,0.0
2024-11-24,Tech_noise9,Tech,11.752608706488616
2024-12-08,Tech_noise9,Tech,0.0
2024-12-22,Tech_noise9,Tech,14.856037719535781
2025-01-05,Tech_noise9,Tech,0.0
2025-01-19,Tech_noise9,Tech,8.830351553650297
2025-02-02,Tech_noise9,Tech,3.0282891455060925
2025-02-16,Tech_noise9,Tech,8.619124586494058
2025-03-02,Tech_noise9,Tech,1.7353159873148445
2025-03-16,Tech_noise9,Tech,4.023242563566235
2025-03-30,Tech_noise9,Tech,5.245515052374326
2025-04-13,Tech_noise9,Tech,0.0
2025-04-27,Tech_noise9,Tech,9.444946072520755
2025-05-11,Tech_noise9,Tech,1.9207186011704884
2025-05-25,Tech_noise9,Tech,3.6284005079598884
2025-06-08,Tech_noise9,Tech,0.0
2025-06-22,Tech_noise9,Tech,0.0
2025-07-06,Tech_noise9,Tech,3.853833424398986
2024-01-07,Tech_noise10,Tech,19.475692529677495
2024-01-21,Tech_noise10,Tech,9.707625727388143
2024-02-04,Tech_noise10,Tech,4.884437721593632
2024-02-18,Tech_noise10,Tech,3.422655024750394
2024-03-03,Tech_noise10,Tech,5.134795356872278
2024-03-17,Tech_noise10,Tech,8.28271469105126
2024-03-31,Tech_noise10,Tech,0.0
2024-04-14,Tech_noise10,Tech,11.685930168013233
2024-04-28,Tech_noise10,Tech,9.292287892647465
2024-05-12,Tech_noise10,Tech,9.309114354247606
2024-05-26,Tech_noise10,Tech,7.630854432858364
2024-06-09,Tech_noise10,Tech,5.117699946163939
2024-06-23,Tech_noise10,Tech,9.03716741580092
2024-07-07,Tech_noise10,Tech,8.550884802448268
2024-07-21,Tech_noise10,Tech,2.875755734353857
2024-08-04,Tech_noise10,Tech,1.5583893626185943
2024-08-18,Tech_noise10,Tech,5.61113777157192
2024-09-01,Tech_noise10,Tech,14.294120908971124
2024-09-15,Tech_noise10,Tech,0.0
2024-09-29,Tech_noise10,Tech,0.0
2024-10-13,Tech_noise10,Tech,5.9885650474191
2024-10-27,Tech_noise10,Tech,5.305326211136109
2024-11-10,Tech_noise10,Tech,6.040049986222449
2024-11-24,Tech_noise10,Tech,6.463719187451002
2024-12-08,Tech_noise10,Tech,3.6607864721911696
2024-12-22,Tech_noise10,Tech,13.939180631612492
2025-01-05,Tech_noise10,Tech,0.0
2025-01-19,Tech_noise10,Tech,0.029017851318523746
2025-02-02,Tech_noise10,Tech,4.380471439105715
2025-02-16,Tech_noise10,Tech,0.0
2025-03-02,Tech_noise10,Tech,3.944873573407573
2025-03-16,Tech_noise10,Tech,14.968820994368109
2025-03-30,Tech_noise10,Tech,5.125318929775771
2025-04-13,Tech_noise10,Tech,6.384205434312101
2025-04-27,Tech_noise10,Tech,0.0
2025-05-11,Tech_noise10,Tech,1.3018315517631351
2025-05-25,Tech_noise10,Tech,2.7488217180563783
2025-06-08,Tech_noise10,Tech,3.093709419462596
2025-06-22,Tech_noise10,Tech,12.689862770022613
2025-07-06,Tech_noise10,Tech,8.346146364350748
2024-01-07,Tech_noise11,Tech,0.0
2024-01-21,Tech_noise11,Tech,6.4790286705920295
2024-02-04,Tech_noise11,Tech,7.989330490980711
2024-02-18,Tech_noise11,Tech,11.8408942311276
2024-03-03,Tech_noise11,Tech,14.48324411941024
2024-03-17,Tech_noise11,Tech,0.0
2024-03-31,Tech_noise11,Tech,0.1348549327379711
2024-04-14,Tech_noise11,Tech,0.0
2024-04-28,Tech_noise11,Tech,3.5958808453581117
2024-05-12,Tech_noise11,Tech,7.7981502466780075
2024-05-26,Tech_noise11,Tech,10.924007099534611
2024-06-09,Tech_noise11,Tech,4.544293858144863
2024-06-23,Tech_noise11,Tech,3.080914860470936
2024-07-07,Tech_noise11,Tech,5.9105479534924426
2024-07-21,Tech_noise11,Tech,0.0
2024-08-04,Tech_noise11,Tech,17.537232330168642
2024-08-18,Tech_noise11,Tech,0.0
2024-09-01,Tech_noise11,Tech,6.108443473374347
2024-09-15,Tech_noise11,Tech,17.141637315377835
2024-09-29,Tech_noise11,Tech,5.040799067359987
2024-10-13,Tech_noise11,Tech,3.859765789991033
2024-10-27,Tech_noise11,Tech,2.855327463137437
2024-11-10,Tech_noise11,Tech,3.917649909425553
2024-11-24,Tech_noise11,Tech,13.23709084805918
2024-12-08,Tech_noise11,Tech,0.0
2024-12-22,Tech_noise11,Tech,14.200602207777953
2025-01-05,Tech_noise11,Tech,0.0
2025-01-19,Tech_noise11,Tech,3.400086024593511
2025-02-02,Tech_noise11,Tech,2.424533478208029
2025-02-16,Tech_noise11,Tech,8.53131961862432
2025-03-02,Tech_noise11,Tech,0.0
2025-03-16,Tech_noise11,Tech,7.773035996491657
2025-03-30,Tech_noise11,Tech,17.145857739721116
2025-04-13,Tech_noise11,Tech,0.0
2025-04-27,Tech_noise11,Tech,6.138237005662374
2025-05-11,Tech_noise11,Tech,1.0281069332203456
2025-05-25,Tech_noise11,Tech,7.555323237158214
2025-06-08,Tech_noise11,Tech,5.114886664494512
2025-06-22,Tech_noise11,Tech,1.1510785457341424
2025-07-06,Tech_noise11,Tech,7.927233709226444
2024-01-07,Tech_noise12,Tech,15.826088658720458
2024-01-21,Tech_noise12,Tech,3.8545772496362076
2024-02-04,Tech_noise12,Tech,9.318547652889091
2024-02-18,Tech_noise12,Tech,0.0
2024-03-03,Tech_noise12,Tech,0.0
2024-03-17,Tech_noise12,Tech,7.834437667282264
2024-03-31,Tech_noise12,Tech,13.90469617121579
2024-04-14,Tech_noise12,Tech,7.13368009271396
2024-04-28,Tech_noise12,Tech,3.121651816861074
2024-05-12,Tech_noise12,Tech,4.9957484325401245
2024-05-26,Tech_noise12,Tech,0.0
2024-06-09,Tech_noise12,Tech,8.627091958132201
2024-06-23,Tech_noise12,Tech,10.293998373940454
2024-07-07,Tech_noise12,Tech,2.2874580030015177
2024-07-21,Tech_noise12,Tech,2.179747113442991
2024-08-04,Tech_noise12,Tech,6.595269377912291
2024-08-18,Tech_noise12,Tech,2.379681583756427
2024-09-01,Tech_noise12,Tech,4.603204312245065
2024-09-15,Tech_noise12,Tech,17.59833073499909
2024-09-29,Tech_noise12,Tech,3.51784579552402
2024-10-13,Tech_noise12,Tech,2.8499590878726666
2024-10-27,Tech_noise12,Tech,1.114749166189045
2024-11-10,Tech_noise12,Tech,9.46515182899962
2024-11-24,Tech_noise12,Tech,3.9126549606913823
2024-12-08,Tech_noise12,Tech,1.103761770071444
2024-12-22,Tech_noise12,Tech,12.927824193638072
2025-01-05,Tech_noise12,Tech,13.517618027081824
2025-01-19,Tech_noise12,Tech,1.3974586055677691
2025-02-02,Tech_noise12,Tech,0.0
2025-02-16,Tech_noise12,Tech,11.045082139021533
2025-03-02,Tech_noise12,Tech,0.8922210454399764
2025-03-16,Tech_noise12,Tech,9.743753594976612
2025-03-30,Tech_noise12,Tech,0.0
2025-04-13,Tech_noise12,Tech,10.355584029795855
2025-04-27,Tech_noise12,Tech,0.0
2025-05-11,Tech_noise12,Tech,9.384584714399146
2025-05-25,Tech_noise12,Tech,5.085638407018605
2025-06-08,Tech_noise12,Tech,0.0
2025-06-22,Tech_noise12,Tech,2.557782122439317
2025-07-06,Tech_noise12,Tech,9.117910741740204
2024-01-07,Tech_noise13,Tech,5.635366718691405
2024-01-21,Tech_noise13,Tech,8.506477882834906
2024-02-04,Tech_noise13,Tech,16.858643507092914
2024-02-18,Tech_noise13,Tech,0.0
2024-03-03,Tech_noise13,Tech,14.703275449811743
2024-03-17,Tech_noise13,Tech,5.626135625139278
2024-03-31,Tech_noise13,Tech,0.0
2024-04-14,Tech_noise13,Tech,0.0
2024-04-28,Tech_noise13,Tech,3.865277655337799
2024-05-12,Tech_noise13,Tech,10.529900671546756
2024-05-26,Tech_noise13,Tech,4.234705277734795
2024-06-09,Tech_noise13,Tech,14.066929581484086
2024-06-23,Tech_noise13,Tech,0.0
2024-07-07,Tech_noise13,Tech,4.927466312923673
2024-07-21,Tech_noise13,Tech,0.0
2024-08-04,Tech_noise13,Tech,7.181791295749807
2024-08-18,Tech_noise13,Tech,10.321324340583802
2024-09-01,Tech_noise13,Tech,2.4754292379136804
2024-09-15,Tech_noise13,Tech,0.0
2024-09-29,Tech_noise13,Tech,6.193688880778967
2024-10-13,Tech_noise13,Tech,7.620431310401057
2024-10-27,Tech_noise13,Tech,7.425768529770186
2024-11-10,Tech_noise13,Tech,12.414693150932925
2024-11-24,Tech_noise13,Tech,0.0
2024-12-08,Tech_noise13,Tech,9.081296632702696
2024-12-22,Tech_noise13,Tech,12.15504507486785
2025-01-05,Tech_noise13,Tech,0.0
2025-01-19,Tech_noise13,Tech,6.917910955513864
2025-02-02,Tech_noise13,Tech,1.974921013953971
2025-02-16,Tech_noise13,Tech,4.5108639613901245
2025-03-02,Tech_noise13,Tech,7.086058901230018
2025-03-16,Tech_noise13,Tech,2.076628615318686
2025-03-30,Tech_noise13,Tech,0.945751525030329
2025-04-13,Tech_noise13,Tech,5.204914504928148
2025-04-27,Tech_noise13,Tech,0.0
2025-05-11,Tech_noise13,Tech,0.0
2025-05-25,Tech_noise13,Tech,9.07623969773902
2025-06-08,Tech_noise13,Tech,0.0
2025-06-22,Tech_noise13,Tech,8.99787500545527
2025-07-06,Tech_noise13,Tech,7.775547757123707
2024-01-07,Tech_noise14,Tech,0.0
2024-01-21,Tech_noise14,Tech,0.9346120859860694
2024-02-04,Tech_noise14,Tech,12.164656418284235
2024-02-18,Tech_noise14,Tech,0.0
2024-03-03,Tech_noise14,Tech,2.213574426143674
2024-03-17,Tech_noise14,Tech,7.772365359511379
2024-03-31,Tech_noise14,Tech,9.700343055695573
2024-04-14,Tech_noise14,Tech,3.4907666837330256
2024-04-28,Tech_noise14,Tech,1.4149388318501508
2024-05-12,Tech_noise14,Tech,13.534219170191045
2024-05-26,Tech_noise14,Tech,15.433397982785474
2024-06-09,Tech_noise14,Tech,10.873148304690773
2024-06-23,Tech_noise14,Tech,5.5119088553901445
2024-07-07,Tech_noise14,Tech,0.1504056701544414
2024-07-21,Tech_noise14,Tech,0.017333560660608427
2024-08-04,Tech_noise14,Tech,8.135084631594545
2024-08-18,Tech_noise14,Tech,7.510389325332103
2024-09-01,Tech_noise14,Tech,13.409591557678576
2024-09-15,Tech_noise14,Tech,8.902700555216835
2024-09-29,Tech_noise14,Tech,0.0
2024-10-13,Tech_noise14,Tech,11.311685706337512
2024-10-27,Tech_noise14,Tech,0.0
2024-11-10,Tech_noise14,Tech,2.6961723682858905
2024-11-24,Tech_noise14,Tech,6.501201237510167
2024-12-08,Tech_noise14,Tech,16.974004938703786
2024-12-22,Tech_noise14,Tech,23.659511336032164
2025-01-05,Tech_noise14,Tech,8.640338354817096
2025-01-19,Tech_noise14,Tech,3.9008202876776727
2025-02-02,Tech_noise14,Tech,8.207033890883302
2025-02-16,Tech_noise14,Tech,10.325932555243016
2025-03-02,Tech_noise14,Tech,3.0759942466568497
2025-03-16,Tech_noise14,Tech,15.771268135473933
2025-03-30,Tech_noise14,Tech,6.380424555148412
2025-04-13,Tech_noise14,Tech,7.986458534548365
2025-04-27,Tech_noise14,Tech,8.995545512326768
2025-05-11,Tech_noise14,Tech,7.5295196636867345
2025-05-25,Tech_noise14,Tech,10.033643002817673
2025-06-08,Tech_noise14,Tech,1.2964808807184607
2025-06-22,Tech_noise14,Tech,1.650189476323817
2025-07-06,Tech_noise14,Tech,0.0
2024-01-07,Tech_noise15,Tech,7.637007383721358
2024-01-21,Tech_noise15,Tech,9.673619021072685
2024-02-04,Tech_noise15,Tech,7.746637196911315
2024-02-18,Tech_noise15,Tech,15.046954600085224
2024-03-03,Tech_noise15,Tech,4.96642388702572
2024-03-17,Tech_noise15,Tech,9.012449933555075
2024-03-31,Tech_noise15,Tech,0.0
2024-04-14,Tech_noise15,Tech,2.677401785153594
2024-04-28,Tech_noise15,Tech,9.173226545394666
2024-05-12,Tech_noise15,Tech,10.094612664458865
2024-05-26,Tech_noise15,Tech,3.2361983140149064
2024-06-09,Tech_noise15,Tech,4.570404488851599
2024-06-23,Tech_noise15,Tech,0.0
2024-07-07,Tech_noise15,Tech,2.8578247951603437
2024-07-21,Tech_noise15,Tech,10.342298981118716
2024-08-04,Tech_noise15,Tech,8.451230096639398
2024-08-18,Tech_noise15,Tech,8.00399432828726
2024-09-01,Tech_noise15,Tech,5.29864212308576
2024-09-15,Tech_noise15,Tech,5.0423789517690585
2024-09-29,Tech_noise15,Tech,1.0380731631593179
2024-10-13,Tech_noise15,Tech,9.192970521215209
2024-10-27,Tech_noise15,Tech,7.525837666336339
2024-11-10,Tech_noise15,Tech,7.952113087956795
2024-11-24,Tech_noise15,Tech,1.8437909439945175
2024-12-08,Tech_noise15,Tech,0.0
2024-12-22,Tech_noise15,Tech,11.582916270522174
2025-01-05,Tech_noise15,Tech,2.126975263949575
2025-01-19,Tech_noise15,Tech,0.0
2025-02-02,Tech_noise15,Tech,9.160873471483962
2025-02-16,Tech_noise15,Tech,2.647924160485222
2025-03-02,Tech_noise15,Tech,11.359618304279731
2025-03-16,Tech_noise15,Tech,8.702035697460186
2025-03-30,Tech_noise15,Tech,9.101415939202866
2025-04-13,Tech_noise15,Tech,0.0
2025-04-27,Tech_noise15,Tech,12.271663912318402
2025-05-11,Tech_noise15,Tech,6.567503187403137
2025-05-25,Tech_noise15,Tech,2.784337164522781
2025-06-08,Tech_noise15,Tech,5.860330804053507
2025-06-22,Tech_noise15,Tech,0.0
2025-07-06,Tech_noise15,Tech,7.451916868884025
2024-01-07,Tech_noise16,Tech,0.0
2024-01-21,Tech_noise16,Tech,0.0
2024-02-04,Tech_noise16,Tech,0.0
2024-02-18,Tech_noise16,Tech,11.67613024993955
2024-03-03,Tech_noise16,Tech,1.2244196378432677
2024-03-17,Tech_noise16,Tech,14.202366259498994
2024-03-31,Tech_noise16,Tech,1.7851912216862131
2024-04-14,Tech_noise16,Tech,0.0
2024-04-28,Tech_noise16,Tech,0.0
2024-05-12,Tech_noise16,Tech,12.414869720041633
2024-05-26,Tech_noise16,Tech,4.064610932379995
2024-06-09,Tech_noise16,Tech,1.7102762210563944
2024-06-23,Tech_noise16,Tech,5.960109355116726
2024-07-07,Tech_noise16,Tech,8.01069641700527
2024-07-21,Tech_noise16,Tech,11.704392895414765
2024-08-04,Tech_noise16,Tech,13.690995379357558
2024-08-18,Tech_noise16,Tech,2.8413881252654853
2024-09-01,Tech_noise16,Tech,0.0
2024-09-15,Tech_noise16,Tech,2.519209033260344
2024-09-29,Tech_noise16,Tech,6.561683039497317
2024-10-13,Tech_noise16,Tech,0.0
2024-10-27,Tech_noise16,Tech,0.0
2024-11-10,Tech_noise16,Tech,7.062727289299312
2024-11-24,Tech_noise16,Tech,4.708085890577293
2024-12-08,Tech_noise16,Tech,5.196781972469519
2024-12-22,Tech_noise16,Tech,0.44902799179958297
2025-01-05,Tech_noise16,Tech,3.617595714765396
2025-01-19,Tech_noise16,Tech,0.0
2025-02-02,Tech_noise16,Tech,10.34119046674872
2025-02-16,Tech_noise16,Tech,11.211496008342515
2025-03-02,Tech_noise16,Tech,0.0
2025-03-16,Tech_noise16,Tech,0.0
2025-03-30,Tech_noise16,Tech,0.0
2025-04-13,Tech_noise16,Tech,1.0998563935586105
2025-04-27,Tech_noise16,Tech,4.499372181257835
2025-05-11,Tech_noise16,Tech,0.0
2025-05-25,Tech_noise16,Tech,0.0
2025-06-08,Tech_noise16,Tech,0.0
2025-06-22,Tech_noise16,Tech,6.243603976393664
2025-07-06,Tech_noise16,Tech,5.416066022217502
